CREATE TABLE Address(
	AddressID int NOT NULL,
	AddressLine1 nvarchar(60) NOT NULL,
	AddressLine2 nvarchar(60) NOT NULL,
	City nvarchar(60) NOT NULL,
	StateProvince nvarchar(60) NOT NULL,
	CountyRegion nvarchar(60) NOT NULL,
	PostalCode nvarchar(60) NOT NULL,
    PRIMARY KEY (AddressID)
    );

CREATE TABLE Customer(
	CustomerID int NOT NULL,
	Title nvarchar(50) NULL,
	FirstName varchar(50) NULL,
	MiddleName varchar(50) NULL,
	LastName varchar(50) NULL,
	Suffix varchar(20) NULL,
	CompanyName varchar(150) NULL,
	SalesPerson varchar(50) NULL,
	EmailAddress nvarchar(50) NULL,
	Phone varchar(50) NULL,
	PasswordHash varchar(50) NULL,
	PasswordSalt varchar(50) NULL,
    PRIMARY KEY(CustomerID)
    );

CREATE TABLE CustomerAddress(
	CustomerID int NOT NULL,
	AddressID int NOT NULL,
	AddressType nvarchar(50) NOT NULL,
	Customer_Address_ID varchar(50) NOT NULL,
    PRIMARY KEY(Customer_Address_ID)
    );

CREATE TABLE SAW.Product(
	ProductID int NOT NULL,
	Name varchar(50) NULL,
	ProductNumber nvarchar(50) NOT NULL,
	Color nvarchar(15) NULL,
	StandardCost DECIMAL(38,4) NOT NULL,
	ListPrice DECIMAL(38,4) NOT NULL,
	Sze nvarchar(15) NULL,
	Weight nvarchar(15) NULL,
	ProductCategoryID int NULL,
	ProductModelID int NULL,
	SellStartDate datetime NOT NULL,
	SellEndDate datetime NULL,
    PRIMARY KEY (ProductID)
	);

CREATE TABLE SAW.ProductCategory(
	ProductCategoryID int NOT NULL,
	ParentProductCategoryID int NULL,
	Name varchar(50) NULL,
   PRIMARY KEY (ProductCategoryID)
	);

CREATE TABLE SAW.ProductDescription(
	ProductDescriptionID int NOT NULL,
	Description nvarchar(255) NULL,
    PRIMARY KEY (ProductDescriptionID)
	);

CREATE TABLE SAW.ProductModel(
	ProductModelID int NOT NULL,
	Name varchar(50) NULL,
    PRIMARY KEY (ProductModelID)
	);

CREATE TABLE SAW.ProductModelProductDescription(
	ProductModelID int NULL,
	ProductDescriptionID int NOT NULL,
	Culture varchar(50) NULL,

    PRIMARY KEY (ProductDescriptionID)
	);

CREATE TABLE SAW.SalesOrderDetail(
	SalesOrderID int NOT NULL,
	SalesOrderDetailID int NOT NULL,
	OrderQty smallint NOT NULL,
	ProductID int NOT NULL,
	UnitPrice DECIMAL(38,4) NOT NULL,
	UnitPriceDiscount float NULL,
    PRIMARY KEY (SalesOrderDetailID)
	);

CREATE TABLE SAW.SalesOrderHeader(
	SalesOrderID int NOT NULL,
	RevisionNumber tinyint NOT NULL,
	OrderDate datetime NOT NULL,
	DueDate datetime NOT NULL,
	ShipDate datetime NOT NULL,
	Status tinyint NOT NULL,
	SalessOrderNumber nvarchar(23) NULL,
	PurchaseOrderNumber nvarchar(23) NULL,
	AccountNumber nvarchar(23) NULL,
	CustomerID int NOT NULL,
	ShipToAddressID int NOT NULL,
	BillToAddressID int NOT NULL,
	ShipMethod varchar(50) NULL,
	SubTotal DECIMAL(38,4) NOT NULL,
	TaxAmt DECIMAL(38,4) NOT NULL,
	Freight DECIMAL(38,4) NOT NULL,
	Commnt nvarchar(128) NULL,
    PRIMARY KEY (SalesOrderID)
	);
;
INSERT INTO Address (AddressID, AddressLine1, AddressLine2, City, StateProvince, CountyRegion, PostalCode) VALUES (9, '8713 Yosemite Ct.', 'NULL', 'Bothell', 'Washingto', 'United States', '98011')
,(11, '1318 Lasalle Street', 'NULL', 'Bothell', 'Washingto', 'United States', '98011')
,(25, '9178 Jumping St.', 'NULL', 'Dallas', 'Texas', 'United States', '75201')
,(28, '9228 Via Del Sol', 'NULL', 'Phoenix', 'Arizona', 'United States', '85004')
,(32, '26910 Indela Road', 'NULL', 'Montreal', 'Quebec', 'Canada', 'H1Y 2H5')
,(185, '2681 Eagle Peak', 'NULL', 'Bellevue', 'Washingto', 'United States', '98004')
,(297, '7943 Walnut Ave', 'NULL', 'Rento', 'Washingto', 'United States', '98055')
,(445, '6388 Lake City Way', 'NULL', 'Burnaby', 'British Columbia', 'Canada', 'V5A 3A6')
,(446, '52560 Free Street', 'NULL', 'Toronto', 'Ontario', 'Canada', 'M4B 1V7')
,(447, '22580 Free Street', 'NULL', 'Toronto', 'Ontario', 'Canada', 'M4B 1V7')
,(448, '2575 Bloor Street East', 'NULL', 'Toronto', 'Ontario', 'Canada', 'M4B 1V6')
,(449, 'Station E', 'NULL', 'Chalk Riber', 'Ontario', 'Canada', 'K0J 1J0')
,(450, '575 Rue St Amable', 'NULL', 'Quebec', 'Quebec', 'Canada', 'G1R')
,(451, '2512-4th Ave Sw', 'NULL', 'Calgary', 'Alberta', 'Canada', 'T2P 2G8')
,(452, '55 Lakeshore Blvd East', 'NULL', 'Toronto', 'Ontario', 'Canada', 'M4B 1V6')
,(453, '6333 Cote Vertu', 'NULL', 'Montreal', 'Quebec', 'Canada', 'H1Y 2H7')
,(454, '3255 Front Street West', 'NULL', 'Toronto', 'Ontario', 'Canada', 'M4B 1V6')
,(455, '2550 Signet Drive', 'NULL', 'Westo', 'Ontario', 'Canada', 'M9V 4W3')
,(456, '6777 Kingsway', 'NULL', 'Burnaby', 'British Columbia', 'Canada', 'V5H 3Z7')
,(457, '5250-505 Burning St', 'NULL', 'Vancouver', 'British Columbia', 'Canada', 'V7L 4J4')
,(458, '600 Slater Street', 'NULL', 'Ottawa', 'Ontario', 'Canada', 'K4B 1S2')
,(459, '25575 The Queensway', 'NULL', 'Etobicoke', 'Ontario', 'Canada', 'M9W 3P3')
,(460, '2521 McPherson Street', 'NULL', 'Markham', 'Ontario', 'Canada', 'L3S 3K2')
,(461, '2560 Bay Street', 'NULL', 'Toronto', 'Ontario', 'Canada', 'M4B 1V7')
,(462, '630 University Avenue', 'NULL', 'Toronto', 'Ontario', 'Canada', 'M4B 1V7')
,(463, '992 St Clair Ave East', 'NULL', 'Toronto', 'Ontario', 'Canada', 'M4B 1V7')
,(464, '"99, Rue Saint-pierre"', 'NULL', 'Pnot-Rouge', 'Quebec', 'Canada', 'J1E 2T7')
,(465, '25245 Rue Sherbrooke Ouest', 'NULL', 'Montreal', 'Quebec', 'Canada', 'H1Y 2H5')
,(466, '655-4th Ave S.W.', 'NULL', 'Calgary', 'Alberta', 'Canada', 'T2P 2G8')
,(467, '25900-700-9th Ave S.W.', 'NULL', 'Calgary', 'Alberta', 'Canada', 'T2P 2G8')
,(468, 'Po Box 83270', 'NULL', 'Vancouver', 'British Columbia', 'Canada', 'V7L 4J4')
,(469, '400-25155 West Pender St', 'NULL', 'Vancouver', 'British Columbia', 'Canada', 'V7L 4J4')
,(470, '2511 Baker Road', 'NULL', 'Toronto', 'Ontario', 'Canada', 'M4B 1V7')
,(471, '770 Notre Datme Quest Bureau 800', 'NULL', 'Montreal', 'Quebec', 'Canada', 'H1Y 2H7')
,(472, '250551 Shellbridge Way', 'NULL', 'Richmond', 'British Columbia', 'Canada', 'V6B 3P7')
,(473, '595 Burning Street', 'NULL', 'Vancouver', 'British Columbia', 'Canada', 'V7L 4J4')
,(474, '252345 8810th Avenue', 'NULL', 'Surrey', 'British Columbia', 'Canada', 'V3T 4W3')
,(475, '2512-410th Avenue S.W.', 'NULL', 'Calgary', 'Alberta', 'Canada', 'T2P 2G8')
,(476, '258 King Street East', 'NULL', 'Toronto', 'Ontario', 'Canada', 'M4B 1V7')
,(477, '6th Floor Ferguson Block', 'NULL', 'Toronto', 'Ontario', 'Canada', 'M4B 1V7')
,(478, '2545 King Street West', 'NULL', 'Toronto', 'Ontario', 'Canada', 'M4B 1V7')
,(479, '2550 Middlefield Road', 'NULL', 'Scarborough', 'Ontario', 'Canada', 'M1V 4M2')
,(480, '25 First Canadian Place', 'NULL', 'Toronto', 'Ontario', 'Canada', 'M4B 1V5')
,(481, '65 Gamelin Street', 'NULL', 'Hull', 'Quebec', 'Canada', '8Y')
,(482, '2500 University Avenue', 'NULL', 'Toronto', 'Ontario', 'Canada', 'M4B 1V5')
,(483, '955 Green Valley Crescent', 'NULL', 'Ottawa', 'Ontario', 'Canada', 'K4B 1S1')
,(484, '2510 Crew Court', 'NULL', 'Montreal', 'Quebec', 'Canada', 'H1Y 2H8')
,(485, '"9900-6400 Boul, Taschereau"', 'NULL', 'Brossard', 'Quebec', 'Canada', 'J4Z 1R4')
,(486, '600 Boul. Rene-levesque Ouest', 'NULL', 'Montreal', 'Quebec', 'Canada', 'H1Y 2H7')
,(487, '9259 - 1110th Avenue Sw', 'NULL', 'Calgary', 'Alberta', 'Canada', 'T2P 2G8')
,(488, '45259 Canada Way', 'NULL', 'Burnaby', 'British Columbia', 'Canada', 'V5G 4S4')
,(489, '9960 King Street E.', 'NULL', 'Toronto', 'Ontario', 'Canada', 'M4B 1V5')
,(490, '9979 Bayview Drive', 'NULL', 'Barrie', 'Ontario', 'Canada', 'L4')
,(491, '20225 Lansing Ave', 'NULL', 'Montreal', 'Quebec', 'Canada', 'H1Y 2H7')
,(492, '"99954 Boul. Laurier, Local 060, Place"', 'NULL', 'Sainte-Foy', 'Quebec', 'Canada', 'G1W')
,(493, '6th Floor 5250 Main Street', 'NULL', 'Winnipeg', 'Manitoba', 'Canada', 'R3')
,(494, 'Box 99354 300 Union Street', 'NULL', 'Saint Joh', 'Brunswick', 'Canada', 'E2P 1E3')
,(495, 'Suite 800 2530 Slater Street', 'NULL', 'Ottawa', 'Ontario', 'Canada', 'K4B 1T7')
,(496, 'Suite 500 995 W. 11th Avenue', 'NULL', 'Mississauga', 'Ontario', 'Canada', 'L5A 1H6')
,(497, '#9900 2700 Production Way', 'NULL', 'Burnaby', 'British Columbia', 'Canada', 'V5A 4X1')
,(498, '25537 Hillside Avenue', 'NULL', 'Victoria', 'British Columbia', 'Canada', 'V8V')
,(499, 'Suite 2502 410 Albert Street', 'NULL', 'Waterloo', 'Ontario', 'Canada', 'N2V')
,(500, '5700 Explorer Drive', 'NULL', 'Mississauga', 'Ontario', 'Canada', 'L4W 5J3')
,(501, '965 De La Gauchetiere West', 'NULL', 'Montreal', 'Quebec', 'Canada', 'H1Y 2H8')
,(502, 'No. 25400 10665 Jasper Avenue', 'NULL', 'Edmonto', 'Alberta', 'Canada', 'T5')
,(503, 'P.O. Box 44000', 'NULL', 'Winnipeg', 'Manitoba', 'Canada', 'R3')
,(504, 'Suite 99320 255 - 510th Avenue S.W.', 'NULL', 'Calgary', 'Alberta', 'Canada', 'T2P 2G8')
,(505, '"6400, 888 - 3rd Avenue"', 'NULL', 'Calgary', 'Alberta', 'Canada', 'T2P 2G8')
,(506, '255117 - 101 Avenue', 'NULL', 'Surrey', 'British Columbia', 'Canada', 'V3T 4W3')
,(507, '975 Princess Street', 'NULL', 'Kingsto', 'Ontario', 'Canada', '7L')
,(508, '2900 - 25055 Dunning Street', 'NULL', 'Vancouver', 'British Columbia', 'Canada', 'V7L 4J4')
,(509, 'Suite 25800 3401 - 10810th Avenue', 'NULL', 'Surrey', 'British Columbia', 'Canada', 'V3T 4W3')
,(510, '750 Philip Street', 'NULL', 'Waterloo', 'Ontario', 'Canada', 'N2V')
,(511, '"Bureau 9900 825, Avenue Querbes"', 'NULL', 'Outremont', 'Quebec', 'Canada', 'H1Y 2G5')
,(512, '700 Bureau Road', 'NULL', 'Montreal', 'Quebec', 'Canada', 'H1Y 2H7')
,(513, '"253711 Mayfield Place, Unit 150"', 'NULL', 'Richmond', 'British Columbia', 'Canada', 'V6B 3P7')
,(514, '63 West Beaver Creek', 'NULL', 'Richmond Hill', 'Ontario', 'Canada', 'L4E 3M5')
,(515, '9900 Ronson Drive', 'NULL', 'Etobicoke', 'Ontario', 'Canada', 'M9W 3P3')
,(516, '251 Indell Lane', 'NULL', 'Brampto', 'Ontario', 'Canada', 'L6W 2T7')
,(517, '2573 Dufferin Street', 'NULL', 'Toronto', 'Ontario', 'Canada', 'M4B 1V5')
,(518, '995 Crescent', 'NULL', 'Richmond Hill', 'Ontario', 'Canada', 'L4E 3M5')
,(519, '2500-622 5th Ave Sw', 'NULL', 'Calgary', 'Alberta', 'Canada', 'T2P 2G8')
,(520, '6700 Boul Taschereau', 'NULL', 'Brossard', 'Quebec', 'Canada', 'J4Z 1C5')
,(521, '55 Standish Court', 'NULL', 'Mississauga', 'Ontario', 'Canada', 'L5B 3V4')
,(522, '"43251 Viking Way, Unit 130"', 'NULL', 'Richmond', 'British Columbia', 'Canada', 'V6B 3P7')
,(523, '46990 Viking Way', 'NULL', 'Richmond', 'British Columbia', 'Canada', 'V6B 3P7')
,(524, '9693 Louis H Lafontaine', 'NULL', 'Ville De''anjou', 'Quebec', 'Canada', 'J1G 2R3')
,(525, '69251 Creditview Road', 'NULL', 'Mississauga', 'Ontario', 'Canada', 'L5B 3V4')
,(526, '251420a 170th Street', 'NULL', 'Edmonto', 'Alberta', 'Canada', 'T5')
,(527, '252851 Rowan Place', 'NULL', 'Richmond', 'British Columbia', 'Canada', 'V6B 3P7')
,(528, '5990 Avebury Road', 'NULL', 'Mississauga', 'Ontario', 'Canada', 'L5B 3V4')
,(529, '254480 River Rd', 'NULL', 'Richmond', 'British Columbia', 'Canada', 'V6B 3P7')
,(530, 'Suite #9902', 'NULL', 'North York', 'Ontario', 'Canada', 'M4C 4K6')
,(531, '"5th Floor, 79 Place D''armes"', 'NULL', 'Kingsto', 'Ontario', 'Canada', '7L')
,(532, '#500-75 O''Connor Street', 'NULL', 'Ottawa', 'Ontario', 'Canada', 'K4B 1S2')
,(533, '4400 March Road', 'NULL', 'Kanata', 'Ontario', 'Canada', 'K2L 1H5')
,(534, 'Depot 80', 'NULL', 'Sillery', 'Quebec', 'Canada', 'G1T')
,(535, '250 Kingsbridge Garden Circle', 'NULL', 'Mississauga', 'Ontario', 'Canada', 'L5B 3V4')
,(536, 'No. 2000-25080 Beaver Hall Hill', 'NULL', 'Quebec', 'Quebec', 'Canada', 'G1R')
,(537, 'No. 25800-130 King Street West', 'NULL', 'Toronto', 'Ontario', 'Canada', 'M4B 1V5')

,(538, '25 Danger Street West', 'Floor 7', 'Toronto', 'Ontario', 'Canada', 'M4B 1V5')
,(539, '"6th Floor, 25st Canadian Place"', 'NULL', 'Toronto', 'Ontario', 'Canada', 'M4B 1V5')
,(540, '254 Colonnade Road', 'NULL', 'Nepea', 'Ontario', 'Canada', 'K2J 2W5')
,(541, '25981 College Street', 'NULL', 'Montreal', 'Quebec', 'Canada', 'H1Y 2H5')
,(542, '5 place Ville-Marie', 'NULL', 'Montreal', 'Quebec', 'Canada', 'H1Y 2H7')
,(543, '6030 Conroy Road', 'NULL', 'Ottawa', 'Ontario', 'Canada', 'K4B 1S3')
,(544, '"30025 Wayburne Drive, Suite 275"', 'NULL', 'Burnaby', 'British Columbia', 'Canada', 'V5G 4W1')
,(545, '999 West Georgia St.', 'NULL', 'Vancouver', 'Ontario', 'Canada', 'V5T 1Y9')
,(546, '"250333 Southport Road, S.W."', 'NULL', 'Calgary', 'Alberta', 'Canada', 'T2P 2G8')
,(547, '7000 Victoria Park Avenue', 'NULL', 'Toronto', 'Ontario', 'Canada', 'M4B 1V4')
,(548, '63 Free St.', 'NULL', 'Toronto', 'Ontario', 'Canada', 'M4B 1V4')
,(549, '609 Evans Avenue', 'NULL', 'Toronto', 'Ontario', 'Canada', 'M4B 1V4')
,(550, '2520 Flanders Road', 'NULL', 'Toronto', 'Ontario', 'Canada', 'M4B 1V4')
,(551, '"32605 West 252 Mile Road, Suite 250"', 'NULL', 'Aurora', 'Ontario', 'Canada', 'L4G 7N6')
,(552, '"25730, boul. St-R?gis"', 'NULL', 'Dorval', 'Quebec', 'Canada', 'H9P 1H1')
,(553, '"253131 Lake Frasier Drive, Office No. 2"', 'NULL', 'Calgary', 'Alberta', 'Canada', 'T2P 2G8')
,(554, '9984 Wellington Street', 'NULL', 'Ottawa', 'Ontario', 'Canada', 'K4B 1S2')
,(555, '"9950 Ferrand Drive, 9th Floor"', 'NULL', 'Toronto', 'Ontario', 'Canada', 'M4B 1V4')
,(556, '990th Floor 700 De La GauchetiSre Ou', 'NULL', 'Montreal', 'Quebec', 'Canada', 'H1Y 2H3')
,(557, '"660 Saint-Jacques, Bureau 400"', 'NULL', 'Montreal', 'Quebec', 'Canada', 'H1Y 2H8')
,(558, '"67255 - 8th Street N.E., Suite 350"', 'NULL', 'Calgary', 'Alberta', 'Canada', 'T2P 2G8')
,(559, '12345 Sterling Avenue', 'NULL', 'Irving', 'Texas', 'United States', '75061')
,(560, '800 Interchange Blvd.', 'Suite 2501', 'Austi', 'Texas', 'United States', '78701')
,(561, '90025 Sterling St', 'NULL', 'Irving', 'Texas', 'United States', '75061')
,(562, '2505 Gateway Drive', 'NULL', 'North Sioux City', 'South Dakota', 'United States', '57049')
,(563, '74400 France Avenue South', 'NULL', 'Edina', 'Minnesota', 'United States', '55436')
,(564, '509 Nafta Boulevard', 'NULL', 'Laredo', 'Texas', 'United States', '78040')
,(565, '25149 Howard Dr', 'NULL', 'West Chicago', 'Illinois', 'United States', '60185')
,(566, '63 W Monroe', 'NULL', 'Chicago', 'Illinois', 'United States', '60610')
,(567, 'Corporate Office', 'NULL', 'Garland', 'Texas', 'United States', '75040')
,(568, '25269 N. Wood Dale Rd', 'NULL', 'Wood Dale', 'Illinois', 'United States', '60191')
,(569, 'Sapp Road West', 'NULL', 'Round Rock', 'Texas', 'United States', '78664')
,(570, '52500 Liberty Way', 'NULL', 'Fort Worth', 'Texas', 'United States', '76102')
,(571, '25550 Executive Dr', 'NULL', 'Elgi', 'Illinois', 'United States', '60120')
,(572, 'P.O. Box 6256916', 'NULL', 'Dallas', 'Texas', 'United States', '75201')
,(573, '25269 Wood Dale Rd.', 'NULL', 'Wood Dale', 'Illinois', 'United States', '60191')
,(574, 'Po Box 8259024', 'NULL', 'Dallas', 'Texas', 'United States', '75201')
,(575, '42500 W 76th St', 'NULL', 'Chicago', 'Illinois', 'United States', '60610')
,(576, '4255 East Lies Road', 'NULL', 'Carol Stream', 'Illinois', 'United States', '60188')
,(577, '2500 North Stemmons Freeway', 'NULL', 'Dallas', 'Texas', 'United States', '75201')
,(578, '220 Mercy Drive', 'NULL', 'Garland', 'Texas', 'United States', '75040')
,(579, '25 N State St', 'NULL', 'Chicago', 'Illinois', 'United States', '60610')
,(580, '2509 W. Frankford', 'NULL', 'Carrollto', 'Texas', 'United States', '75006')
,(581, 'Po Box 8035996', 'NULL', 'Dallas', 'Texas', 'United States', '75201')
,(582, '5700 Legacy Dr', 'NULL', 'Plano', 'Texas', 'United States', '75074')
,(583, '625 W Jackson Blvd. Unit 2502', 'NULL', 'Chicago', 'Illinois', 'United States', '60610')
,(584, '250880 Baur Blvd', 'NULL', 'Saint Louis', 'Missouri', 'United States', '63103')
,(585, 'Noah Lane', 'NULL', 'Chicago', 'Illinois', 'United States', '60610')
,(586, '6030 Robinson Road', 'NULL', 'Jefferson City', 'Missouri', 'United States', '65101')
,(587, '25500 Old Spanish Trail', 'NULL', 'Housto', 'Texas', 'United States', '77003')
,(588, '"99828 Routh Street, Suite 825"', 'NULL', 'Dallas', 'Texas', 'United States', '75201')
,(589, '"One Dancing, Rr No. 25"', 'Box 8033', 'Round Rock', 'Texas', 'United States', '78664')
,(590, '9995 West Central Entrance', 'NULL', 'Duluth', 'Minnesota', 'United States', '55802')
,(591, '48255 I-10 E. @ Eastpoint Blvd.', 'NULL', 'Baytow', 'Texas', 'United States', '77520')
,(592, '9903 Highway 6 South', 'NULL', 'Housto', 'Texas', 'United States', '77003')
,(593, '2345 North Freeway', 'NULL', 'Housto', 'Texas', 'United States', '77003')
,(594, '123 W. Lake Ave.', 'NULL', 'Peoria', 'Illinois', 'United States', '61606')
,(595, '660 Lindbergh', 'NULL', 'Saint Louis', 'Missouri', 'United States', '63103')
,(596, '72540 Blanco Rd.', 'NULL', 'San Antonio', 'Texas', 'United States', '78204')
,(597, '99450 Highway 59 North', 'NULL', 'Humble', 'Texas', 'United States', '77338')
,(598, '455 256th St.', 'NULL', 'Moline', 'Illinois', 'United States', '61265')
,(599, '70 N.W. Plaza', 'NULL', 'Saint An', 'Missouri', 'United States', '63074')
,(600, '25095 W. Florissant', 'NULL', 'Ferguso', 'Missouri', 'United States', '63135')
,(601, '6996 South Lindbergh', 'NULL', 'Saint Louis', 'Missouri', 'United States', '63103')
,(602, '6425 Nw Loop 410', 'NULL', 'San Antonio', 'Texas', 'United States', '78204')
,(603, '9500b E. Central Texas Expressway', 'NULL', 'Killee', 'Texas', 'United States', '76541')
,(604, '1200 First Ave.', 'NULL', 'Joliet', 'Illinois', 'United States', '60433')
,(605, '7760 N. Pan Am Expwy', 'NULL', 'San Antonio', 'Texas', 'United States', '78204')
,(606, '99433 S. Greenbay Rd.', 'NULL', 'Racine', 'Wisconsi', 'United States', '53182')
,(607, '25220 Airline Road', 'NULL', 'Corpus Christi', 'Texas', 'United States', '78404')
,(608, '25306 Harvey Rd.', 'NULL', 'College Statio', 'Texas', 'United States', '77840')
,(609, '3900 S. 997th St.', 'NULL', 'Milwaukee', 'Wisconsi', 'United States', '53202')
,(610, '44025 W. Empire', 'NULL', 'Denby', 'South Dakota', 'United States', '57716')
,(611, '23025 S.W. Military Rd.', 'NULL', 'San Antonio', 'Texas', 'United States', '78204')
,(612, 'Ring Plaza', 'NULL', 'Norridge', 'Illinois', 'United States', '60706')
,(613, 'Lakeline Mall', 'NULL', 'Cedar Park', 'Texas', 'United States', '78613')
,(614, 'Town East Center', 'NULL', 'Mesquite', 'Texas', 'United States', '75149')
,(615, 'Fountains On The Lake', 'NULL', 'Stafford', 'Texas', 'United States', '77477')
,(616, 'Southwest Outlet', 'NULL', 'Hillsboro', 'Texas', 'United States', '76645')
,(617, 'Johnson Creek', 'NULL', 'Johnson Creek', 'Wisconsi', 'United States', '53038')
,(618, 'Blue Ridge Mall', 'NULL', 'Kansas City', 'Missouri', 'United States', '64106')
,(619, 'First Colony Mall', 'NULL', 'Sugar Land', 'Texas', 'United States', '77478')
,(620, 'Horizon Outlet', 'NULL', 'Woodbury', 'Minnesota', 'United States', '55125')
,(621, 'Tanger Factory', 'NULL', 'Branch', 'Minnesota', 'United States', '55056')
,(622, 'Management Mall', 'NULL', 'San Antonio', 'Texas', 'United States', '78204')
,(623, 'Ohms Road', 'NULL', 'Housto', 'Texas', 'United States', '77003')
,(624, 'Factory Merchants', 'NULL', 'Branso', 'Missouri', 'United States', '65616')
,(625, 'Cedar Creek Stores', 'NULL', 'Mosinee', 'Wisconsi', 'United States', '54455')
,(626, 'Lone Star Factory', 'NULL', 'La Marque', 'Texas', 'United States', '77568')
,(627, 'Sports Stores @ Tuscola', 'NULL', 'Tuscola', 'Illinois', 'United States', '61953')
,(628, 'City Center', 'NULL', 'Minneapolis', 'Minnesota', 'United States', '55402')
,(629, 'St. Louis Marketplace', 'NULL', 'Saint Louis', 'Missouri', 'United States', '63103')
,(630, 'Lincoln Square', 'NULL', 'Arlingto', 'Texas', 'United States', '76010')
,(631, 'Kansas City Factory Outlet', 'NULL', 'Odessa', 'Missouri', 'United States', '64076')
,(632, 'Fiesta Trail Shopping Center', 'NULL', 'San Antonio', 'Texas', 'United States', '78204')
,(633, 'Medford Outlet Center', 'NULL', 'Medford', 'Minnesota', 'United States', '55049')
,(634, 'Ward Parkway Center', 'NULL', 'Kansas City', 'Missouri', 'United States', '64106')
,(635, '"93-2501, Blackfriars Road,"', 'NULL', 'Londo', 'England', 'United Kingdom', 'SE1 8HL')
,(636, '"Science Park South, Birchwood"', 'Stanford House', 'Warringto', 'England', 'United Kingdom', 'WA3 7BH')
,(637, '"Phoenix Way, Cirencester"', 'NULL', 'Gloucestershire', 'England', 'United Kingdom', 'GL7 1RY')

,(638, '255 Irving Street', 'NULL', 'Londo', 'England', 'United Kingdom', 'C2H 7AU')
,(639, '"Garamonde Drive, Wymbush"', 'PO Box 4023', 'Milton Keynes', 'England', 'United Kingdom', 'MK8 8ZD')
,(640, '251 The Metro Center', 'NULL', 'Wokingham', 'England', 'United Kingdom', 'RG41 1QW')
,(641, 'Bradford', 'NULL', 'W. York', 'England', 'United Kingdom', 'BD1 4SJ')
,(642, 'Galashiels', 'NULL', 'Liverpool', 'England', 'United Kingdom', 'L4 4HB')
,(643, 'Banbury', 'NULL', 'Oxo', 'England', 'United Kingdom', 'OX16 8RS')
,(644, 'Bradford', '"Raven House, Kingsgate"', 'W. York', 'England', 'United Kingdom', 'BD1 4SJ')
,(645, '"Garamonde Drive, Wymbush"', 'P.O. Box 803', 'Milton Keynes', 'England', 'United Kingdom', 'MK8 8ZD')
,(646, '"Butterfield Hse, 7-251 Chapel St"', 'NULL', 'Lancaster', 'England', 'United Kingdom', 'LA1 1L')
,(647, 'Wade Road', 'NULL', 'Basingstoke Hants', 'England', 'United Kingdom', 'RG24 8PL')
,(648, '"586 Fulham Road,"', 'NULL', 'Londo', 'England', 'United Kingdom', 'SW6 SBY')
,(649, 'Knaves Beech Ind.', 'NULL', 'High Wycombe', 'England', 'United Kingdom', 'HP10 9QY')
,(650, '"Elmhurst Road, Goring"', 'NULL', 'Reading', 'England', 'United Kingdom', 'RG7 5H7')
,(651, '"New Millhouse, 2583 Milton Park"', 'NULL', 'Abingdo', 'England', 'United Kingdom', 'OX14 4SE')
,(652, 'Wymbush', 'NULL', 'Milton Keynes', 'England', 'United Kingdom', 'MK8 8DF')
,(653, 'Burgess Hill', 'Edward Way', 'West Sussex', 'England', 'United Kingdom', 'RH15 9UD')
,(654, '308-3250 Casting Road', 'NULL', 'York', 'England', 'United Kingdom', 'Y024 1GF')
,(655, 'Wharfdale Road', 'NULL', 'Berkshire', 'England', 'United Kingdom', 'RG11 5TP')
,(656, '7 Pioneer Business Park', 'NULL', 'York', 'England', 'United Kingdom', 'Y03 4T')
,(657, 'Unit 99a Battery Retail Pk', 'NULL', 'Birmingham', 'England', 'United Kingdom', 'B29 6SL')
,(658, 'Ellesfield Ave', 'NULL', 'Bracknell', 'England', 'United Kingdom', 'RG12 8TB')
,(659, 'Warrington Ldc Unit 25/2', 'NULL', 'Woolsto', 'England', 'United Kingdom', 'WA1 4SY')
,(660, '"6 The Farm, Liberty Road"', 'NULL', 'Maidenhead', 'England', 'United Kingdom', 'SL67RJ')
,(661, '725a The Arches', 'NULL', 'Berks', 'England', 'United Kingdom', 'SL4 1RH')
,(662, 'Paramount House', 'NULL', 'Londo', 'England', 'United Kingdom', 'W1N 9FA')
,(663, '2524 Barlby Road', 'NULL', 'Londo', 'England', 'United Kingdom', 'W10 6BL')
,(664, '99-3 Forest Works', 'NULL', 'Londo', 'England', 'United Kingdom', 'E17 6JF')
,(665, '46-44 Albemarle Street', 'NULL', 'Londo', 'England', 'United Kingdom', 'W1X3SE')
,(666, '399 Clearing Gree', 'NULL', 'Londo', 'England', 'United Kingdom', 'EC1R 0DU')
,(667, '997b Tradescant Road', 'NULL', 'Londo', 'England', 'United Kingdom', 'SW8 1XD')
,(668, '2574 Milton Park', 'NULL', 'Oxford', 'England', 'United Kingdom', 'OX14 4SE')
,(669, '"Internet House, 3399 Science Park"', 'NULL', 'Cambridge', 'England', 'United Kingdom', 'CB4 4BZ')
,(670, '"7 Garden House Cloisters, 8 Batters"', 'NULL', 'Londo', 'England', 'United Kingdom', 'SW8 4BG')
,(671, '"25 Hartfield Road, Wimbledon"', 'NULL', 'Londo', 'England', 'United Kingdom', 'SW19 3RU')
,(672, '"99 Dean Street, Soho"', 'NULL', 'Londo', 'England', 'United Kingdom', 'W1V 5R')
,(673, '"Park House-4th Floor, 2516 Park St."', 'NULL', 'Londo', 'England', 'United Kingdom', 'W1Y 3RA')
,(674, '"67 Vincent Square, Victoria"', 'NULL', 'Londo', 'England', 'United Kingdom', 'SW1P 2NU')
,(756, '855 East Main Avenue', 'NULL', 'Zeeland', 'Michiga', 'United States', '49464')
,(774, '9920 North Telegraph Rd.', 'NULL', 'Pontiac', 'Michiga', 'United States', '48342')
,(775, '46460 West Oaks Drive', 'NULL', 'Novi', 'Michiga', 'United States', '48375')
,(776, '997000 Telegraph Rd.', 'NULL', 'Southfield', 'Michiga', 'United States', '48034')
,(785, '399700 John R. Rd.', 'NULL', 'Madison Heights', 'Michiga', 'United States', '48071')
,(786, '6789 Warren Road', 'NULL', 'Westland', 'Michiga', 'United States', '48185')
,(788, '2533 Eureka Rd.', 'NULL', 'Southgate', 'Michiga', 'United States', '48195')
,(789, '250000 Eight Mile Road', 'NULL', 'Detroit', 'Michiga', 'United States', '48226')
,(794, '998 Forest Road', 'NULL', 'Saginaw', 'Michiga', 'United States', '48601')
,(795, '99800 Tittabawasee Rd.', 'NULL', 'Saginaw', 'Michiga', 'United States', '48601')
,(797, '678 Eastman Ave.', 'NULL', 'Midland', 'Michiga', 'United States', '48640')
,(801, 'Horizon Outlet Center', 'NULL', 'Holland', 'Michiga', 'United States', '49423')
,(806, 'Horizon Outlet Center', 'NULL', 'Monroe', 'Michiga', 'United States', '98272')
,(810, 'Redford Plaza', 'NULL', 'Redford', 'Michiga', 'United States', '48239')
,(825, 'Port Huro', 'NULL', 'Port Huro', 'Michiga', 'United States', '48060')
,(826, 'Kensington Valley Shops', 'NULL', 'Howell', 'Michiga', 'United States', '48843')
,(832, '2251 Elliot Avenue', 'NULL', 'Seattle', 'Washingto', 'United States', '98104')
,(833, '3207 S Grady Way', 'NULL', 'Rento', 'Washingto', 'United States', '98055')
,(834, '99300 223rd Southeast', 'NULL', 'Bothell', 'Washingto', 'United States', '98011')
,(835, '259826 Russell Rd. South', 'NULL', 'Kent', 'Washingto', 'United States', '98031')
,(836, '35525-9th Street Sw', 'NULL', 'Puyallup', 'Washingto', 'United States', '98371')
,(837, '640 South 994th St. W.', 'NULL', 'Billings', 'Montana', 'United States', '59101')
,(838, '25300 Biddle Road', 'NULL', 'Medford', 'Orego', 'United States', '97504')
,(839, 'Gateway', 'NULL', 'Portland', 'Orego', 'United States', '97205')
,(840, 'Great Northwester', 'NULL', 'North Bend', 'Washingto', 'United States', '98045')
,(841, 'Washington Square', 'NULL', 'Portland', 'Orego', 'United States', '97205')
,(842, '258101 Nw Evergreen Parkway', 'NULL', 'Beaverto', 'Orego', 'United States', '97005')
,(843, '253950 N.E. 178th Place', 'NULL', 'Woodinville', 'Washingto', 'United States', '98072')
,(844, '755 Nw Grandstand', 'NULL', 'Issaquah', 'Washingto', 'United States', '98027')
,(845, '22571 South 2500 East', 'NULL', 'Idaho Falls', 'Idaho', 'United States', '83402')
,(846, '257700 Ne 76th Street', 'NULL', 'Redmond', 'Washingto', 'United States', '98052')
,(847, '25102 Springwater', 'NULL', 'Wenatchee', 'Washingto', 'United States', '98801')
,(848, 'Bldg. 9n/99298', 'NULL', 'Redmond', 'Washingto', 'United States', '98052')
,(849, '4251 First Avenue', 'NULL', 'Seattle', 'Washingto', 'United States', '98104')
,(850, '558 S 6th St', 'NULL', 'Klamath Falls', 'Orego', 'United States', '97601')
,(851, '994 Sw Cherry Park Rd', 'NULL', 'Troutdale', 'Orego', 'United States', '97060')
,(852, '25718 Se Sunnyside Rd', 'NULL', 'Clackamas', 'Orego', 'United States', '97015-6403')
,(853, '567 Sw Mcloughlin Blvd', 'NULL', 'Milwaukie', 'Orego', 'United States', '97222')
,(854, '490 Ne 4th St', 'NULL', 'Rento', 'Washingto', 'United States', '98055')
,(855, '15 East Mai', 'NULL', 'Port Orchard', 'Washingto', 'United States', '98366')
,(856, '3025 E Waterway Blvd', 'NULL', 'Shelto', 'Washingto', 'United States', '98584')
,(857, '7990 Ocean Beach Hwy.', 'NULL', 'Longview', 'Washingto', 'United States', '98632')
,(858, '2345 West Spencer Road', 'NULL', 'Lynnwood', 'Washingto', 'United States', '98036')
,(859, '1050 Oak Street', 'NULL', 'Seattle', 'Washingto', 'United States', '98104')
,(860, '4927 S Meridian Ave Ste D', 'NULL', 'Puyallup', 'Washingto', 'United States', '98371')
,(861, '25915 140th Ave Ne', 'NULL', 'Bellevue', 'Washingto', 'United States', '98004')
,(862, '3307 Evergreen Blvd', 'Ste 1071', 'Washougal', 'Washingto', 'United States', '98671')
,(863, '2507 Pacific Ave S', 'NULL', 'Tacoma', 'Washingto', 'United States', '98403')
,(864, '67 Rainer Ave S', 'NULL', 'Rento', 'Washingto', 'United States', '98055')
,(865, '750 Lakeway Dr', 'NULL', 'Bellingham', 'Washingto', 'United States', '98225')
,(866, '2528 Meridian E', 'NULL', 'Puyallup', 'Washingto', 'United States', '98371')
,(867, '48995 Evergreen Wy.', 'NULL', 'Everett', 'Washingto', 'United States', '98201')
,(868, '25111 228th St Sw', 'NULL', 'Bothell', 'Washingto', 'United States', '98011')
,(869, '2583 Se 272nd St', 'NULL', 'Kent', 'Washingto', 'United States', '98031')
,(870, '409 S. Main Ste. 25', 'NULL', 'Ellensburg', 'Washingto', 'United States', '98926')
,(871, '2502 Evergreen Ste E', 'NULL', 'Everett', 'Washingto', 'United States', '98201')
,(872, '755 W Washington Ave Ste D', 'NULL', 'Sequim', 'Washingto', 'United States', '98382')
,(873, '44606 N Division St', 'NULL', 'Spokane', 'Washingto', 'United States', '99202')
,(874, '2550 Ne Sandy Blvd', 'NULL', 'Portland', 'Orego', 'United States', '97205')
,(875, '2540 Dell Range Blvd', 'NULL', 'Cheyenne', 'Wyoming', 'United States', '82001')
,(876, '765 Delridge Way Sw', 'NULL', 'Seattle', 'Washingto', 'United States', '98104')
,(877, '4781 Highway 95', 'NULL', 'Sandpoint', 'Idaho', 'United States', '83864')
,(878, '4210 E Sprague Ave', 'NULL', 'Spokane', 'Washingto', 'United States', '99202')

,(879, 'Valley Mall', 'NULL', 'Union Gap', 'Washingto', 'United States', '98903')
,(880, 'S Sound Ctr Suite 25300', 'NULL', 'Lacey', 'Washingto', 'United States', '98503')
,(881, 'Southgate Mall', 'NULL', 'Missoula', 'Montana', 'United States', '59801')
,(882, 'Medford', 'NULL', 'Medford', 'Orego', 'United States', '97504')
,(883, 'Heritage Mall', 'NULL', 'Albany', 'Orego', 'United States', '97321')
,(884, 'Lewis County Mall', 'NULL', 'Chehalis', 'Washingto', 'United States', '98532')
,(885, '755 Columbia Ctr Blvd', 'NULL', 'Kennewick', 'Washingto', 'United States', '99337')
,(886, 'Lancaster Mall', 'NULL', 'Salem', 'Orego', 'United States', '97301')
,(887, 'Lewiston Mall', 'NULL', 'Lewisto', 'Idaho', 'United States', '83501')
,(888, 'Three Rivers Mall', 'NULL', 'Kelso', 'Washingto', 'United States', '98626')
,(889, 'Eastridge Mall', 'NULL', 'Casper', 'Wyoming', 'United States', '82601')
,(890, 'Holiday Village Mall', 'NULL', 'Great Falls', 'Montana', 'United States', '59401')
,(891, '2526a Tri-Lake Blvd Ne', 'NULL', 'Kirkland', 'Washingto', 'United States', '98033')
,(892, 'Frontier Mall', 'NULL', 'Cheyenne', 'Wyoming', 'United States', '82001')
,(893, 'White Mountain Mall', 'NULL', 'Rock Springs', 'Wyoming', 'United States', '82901')
,(894, '3390 South 23rd St.', 'NULL', 'Tacoma', 'Washingto', 'United States', '98403')
,(895, '3250 South Meridia', 'NULL', 'Puyallup', 'Washingto', 'United States', '98371')
,(896, '2255 254th Avenue Se', 'NULL', 'Albany', 'Orego', 'United States', '97321')
,(897, '705 SE Mall Parkway', 'NULL', 'Everett', 'Washingto', 'United States', '98201')
,(898, '700 Se Sunnyside Road', 'NULL', 'Clackamas', 'Orego', 'United States', '97015')
,(899, 'North 93270 Newport Highway', 'NULL', 'Spokane', 'Washingto', 'United States', '99202')
,(900, '25708 Dell Range Blvd.', 'NULL', 'Cheyenne', 'Wyoming', 'United States', '82001')
,(901, 'No. 60 Bellis Fair Parkway', 'NULL', 'Bellingham', 'Washingto', 'United States', '98225')
,(902, '950 Gateway Street', 'NULL', 'Springfield', 'Orego', 'United States', '97477')
,(903, '250775 SW Hillsdale Hwy', 'NULL', 'Beaverto', 'Orego', 'United States', '97005')
,(904, '9905 Three Rivers Drive', 'NULL', 'Kelso', 'Washingto', 'United States', '98626')
,(905, '225 South 314th Street', 'NULL', 'Federal Way', 'Washingto', 'United States', '98003')
,(906, '7009 Sw Hall Blvd.', 'NULL', 'Tigard', 'Orego', 'United States', '97223')
,(907, '99295 S.e. Tualatin Valley_hwy.', 'NULL', 'Hillsboro', 'Orego', 'United States', '97123')
,(988, '482505 Warm Springs Blvd.', 'NULL', 'Fremont', 'California', 'United States', '94536')
,(989, '39933 Mission Oaks Blvd', 'NULL', 'Camarillo', 'California', 'United States', '93010')
,(990, '5420 West 22500 South', 'NULL', 'Salt Lake City', 'Utah', 'United States', '84101')
,(991, '60025 Bollinger Canyon Road', 'NULL', 'San Ramo', 'California', 'United States', '94583')
,(992, '9992 Whipple Rd', 'NULL', 'Union City', 'California', 'United States', '94587')
,(993, 'Corporate Office', 'NULL', 'El Segundo', 'California', 'United States', '90245')
,(994, '25001 Montague Expressway', 'NULL', 'Milpitas', 'California', 'United States', '95035')
,(995, '4460 Newport Center Drive', 'NULL', 'Newport Beach', 'California', 'United States', '92625')
,(996, '2575 West 2700 South', 'NULL', 'Salt Lake City', 'Utah', 'United States', '84101')
,(997, '70259 West Sunnyview Ave', 'NULL', 'Visalia', 'California', 'United States', '93291')
,(998, '60750 San Clemente', 'NULL', 'Hayward', 'California', 'United States', '94541')
,(999, 'Receiving', 'NULL', 'Fullerto', 'California', 'United States', '92831')
,(1000, '22555 Paseo De Las Americas', 'NULL', 'San Diego', 'California', 'United States', '92102')
,(1001, 'Incom Sports Center', 'NULL', 'Ontario', 'California', 'United States', '91764')
,(1002, '"C/O Starpak, Inc."', 'NULL', 'Greeley', 'Colorado', 'United States', '80631')
,(1003, '5967 W Las Positas Blvd', 'NULL', 'Pleasanto', 'California', 'United States', '94566')
,(1004, '25600 E St Andrews Pl', 'NULL', 'Santa Ana', 'California', 'United States', '92701')
,(1005, '6756 Mowry', 'NULL', 'Newark', 'California', 'United States', '94560')
,(1006, '25472 Marlay Ave', 'NULL', 'Fontana', 'California', 'United States', '92335')
,(1007, '77 Beale Street', 'Room 99767c', 'San Francisco', 'California', 'United States', '94109')
,(1008, '910 Main Street.', 'NULL', 'Sparks', 'Nevada', 'United States', '89431')
,(1009, '2500 N Serene Blvd', '19th Floor', 'El Segundo', 'California', 'United States', '90245')
,(1010, '5650 West 88th Ave.', 'NULL', 'Westminster', 'Colorado', 'United States', '80030')
,(1011, '9700 Sisk Road', 'NULL', 'Modesto', 'California', 'United States', '95354')
,(1012, '789 West Alameda', 'NULL', 'Westminster', 'Colorado', 'United States', '80030')
,(1013, '54254 Pacific Ave.', 'NULL', 'Stockto', 'California', 'United States', '95202')
,(1014, '25136 Jefferson Blvd.', 'NULL', 'Culver City', 'California', 'United States', '90232')
,(1015, '99000 S. Avalon Blvd. Suite 750', 'NULL', 'Carso', 'California', 'United States', '90746')
,(1016, '72502 Eastern Ave.', 'NULL', 'Bell Gardens', 'California', 'United States', '90201')
,(1017, '2560 E. Newlands Dr', 'NULL', 'Fernley', 'Nevada', 'United States', '89408')
,(1018, '630 N. Capitol Ave.', 'NULL', 'San Jose', 'California', 'United States', '95112')
,(1019, '4660 Rodeo Road', 'NULL', 'Santa Fe', 'New Mexico', 'United States', '87501')
,(1020, '251340 E. South St.', 'NULL', 'Cerritos', 'California', 'United States', '90703')
,(1021, '440 West Huntington Dr.', 'NULL', 'Monrovia', 'California', 'United States', '91016')
,(1022, '99235 Hawthorne Blvd.', 'NULL', 'Torrance', 'California', 'United States', '90505')
,(1023, '870 N. 54th Ave.', 'NULL', 'Chandler', 'Arizona', 'United States', '85225')
,(1024, '9952 E. Lohman Ave.', 'NULL', 'Las Cruces', 'New Mexico', 'United States', '88001')
,(1025, '2530 South Colorado Blvd.', 'NULL', 'Denver', 'Colorado', 'United States', '80203')
,(1026, '955 E. County Line Rd.', 'NULL', 'Englewood', 'Colorado', 'United States', '80110')
,(1027, '409 Santa Monica Blvd.', 'NULL', 'Santa Monica', 'California', 'United States', '90401')
,(1028, 'Mall Of Orange', 'NULL', 'Orange', 'California', 'United States', '92867')
,(1029, 'Topanga Plaza', 'NULL', 'Canoga Park', 'California', 'United States', '91303')
,(1030, 'Escondido', 'NULL', 'Escondido', 'California', 'United States', '92025')
,(1031, 'Natomas Marketplace', 'NULL', 'Sacramento', 'California', 'United States', '95814')
,(1032, 'Simi @ The Plaza', 'NULL', 'Simi Valley', 'California', 'United States', '93065')
,(1033, 'Lakewood Mall', 'NULL', 'Lakewood', 'California', 'United States', '90712')
,(1034, 'Oxnard Outlet', 'NULL', 'Oxnard', 'California', 'United States', '93030')
,(1035, 'Vista Marketplace', 'NULL', 'Alhambra', 'California', 'United States', '91801')
,(1036, 'Sports Store At Park City', 'NULL', 'Park City', 'Utah', 'United States', '84098')
,(1037, 'North County Square', 'NULL', 'Vista', 'California', 'United States', '92084')
,(1038, '123 Camelia Avenue', 'NULL', 'Oxnard', 'California', 'United States', '93030')
,(1039, 'Mountain Square', 'NULL', 'Upland', 'California', 'United States', '91786')
,(1040, 'Fox Hills', 'NULL', 'Culver City', 'California', 'United States', '90232')
,(1041, 'Parkway Plaza', 'NULL', 'El Cajo', 'California', 'United States', '92020')
,(1042, 'Stonewood Mall', 'NULL', 'Downey', 'California', 'United States', '90241')
,(1043, 'Hanford Mall', 'NULL', 'Hanford', 'California', 'United States', '93230')
,(1044, 'Ontario Mills', 'NULL', 'Ontario', 'California', 'United States', '91764')
,(1045, 'Nut Tree Factory', 'NULL', 'Vacaville', 'California', 'United States', '95688')
,(1046, 'Rocky Mountain Pines Outlet', 'NULL', 'Loveland', 'Colorado', 'United States', '80537')
,(1047, 'Stevens Creek Shopping Center', 'NULL', 'San Jose', 'California', 'United States', '95112')
,(1048, 'Factory Merchants', 'NULL', 'Barstow', 'California', 'United States', '92311')
,(1049, 'The Citadel Commerce Plaza', 'NULL', 'City Of Commerce', 'California', 'United States', '90040')
,(1050, 'University Town Center', 'NULL', 'San Diego', 'California', 'United States', '92102')
,(1051, 'Pavillion @ Redlands', 'NULL', 'Redlands', 'California', 'United States', '92373')
,(1052, 'San Diego Factory', 'NULL', 'San Ysidro', 'California', 'United States', '92173')
,(1053, 'Pacific West Outlet', 'NULL', 'Gilroy', 'California', 'United States', '95020')
,(1054, 'Belz Factory Outlet', 'NULL', 'Las Vegas', 'Nevada', 'United States', '89106')
,(1055, 'Camarillo Athletic Stores', 'NULL', 'Camarillo', 'California', 'United States', '93010')
,(1056, 'Lake Elisnor Place', 'NULL', 'Lake Elsinore', 'California', 'United States', '92530')
,(1057, 'Norwalk Square', 'NULL', 'Norwalk', 'California', 'United States', '90650')
,(1058, 'Riverside', 'NULL', 'Sherman Oaks', 'California', 'United States', '91403')

,(1059, 'The Quad @ WestView', 'NULL', 'Whittier', 'California', 'United States', '90605')
,(1060, 'Arcadia Crossing', 'NULL', 'Phoenix', 'Arizona', 'United States', '85004')
,(1061, 'Eastern Beltway Center', 'NULL', 'Las Vegas', 'Nevada', 'United States', '89106')
,(1062, 'Factory Stores/tucso', 'NULL', 'Tucso', 'Arizona', 'United States', '85701')
,(1063, 'Viejas Outlet Center', 'NULL', 'Alpine', 'California', 'United States', '91901')
,(1064, 'West Park Plaza', 'NULL', 'Irvine', 'California', 'United States', '92614')
,(1065, 'Factory Stores Of America', 'NULL', 'Mesa', 'Arizona', 'United States', '85201')
,(1066, 'Prime Outlets', 'NULL', 'Phoenix', 'Arizona', 'United States', '85004')
,(1067, 'Bayshore Mall', 'NULL', 'Eureka', 'California', 'United States', '95501')
,(1068, '7709 West Virginia Avenue', 'NULL', 'Phoenix', 'Arizona', 'United States', '85004')
,(1069, '6900 Sisk Road', 'NULL', 'Modesto', 'California', 'United States', '95354')
,(1070, '3250 Baldwin Park Blvd', 'NULL', 'Baldwin Park', 'California', 'United States', '91706')
,(1071, '5867 Sunrise Boulevard', 'NULL', 'Citrus Heights', 'California', 'United States', '95610')
,(1072, '6500 East Grant Road', 'NULL', 'Tucso', 'Arizona', 'United States', '85701')
,(1073, '3065 Santa Margarita Parkway', 'NULL', 'Trabuco Canyo', 'California', 'United States', '92679')
,(1074, '9920 Bridgepointe Parkway', 'NULL', 'San Mateo', 'California', 'United States', '94404')
,(1075, '5525 South Hover Road', 'NULL', 'Longmont', 'Colorado', 'United States', '80501')
,(1076, '8525 South Parker Road', 'NULL', 'Parker', 'Colorado', 'United States', '80138')
,(1077, '7505 Laguna Boulevard', 'NULL', 'Elk Grove', 'California', 'United States', '95624')
,(1078, '9909 W. Ventura Boulevard', 'NULL', 'Camarillo', 'California', 'United States', '93010')
,(1079, '25150 El Camino Real', 'NULL', 'San Bruno', 'California', 'United States', '94066')
,(1080, '2575 Rocky Mountain Ave.', 'NULL', 'Loveland', 'Colorado', 'United States', '80537')
,(1081, '25871 North Main Street', 'NULL', 'Walnut Creek', 'California', 'United States', '94596')
,(1082, '2551 East Warner Road', 'NULL', 'Gilbert', 'Arizona', 'United States', '85233')
,(1083, '22589 West Craig Road', 'NULL', 'North Las Vegas', 'Nevada', 'United States', '89030')
,(1084, '25751 University Drive', 'NULL', 'Vista', 'California', 'United States', '92084')
,(1085, '49925 Crestview Drive N.E.', 'NULL', 'Rio Rancho', 'New Mexico', 'United States', '87124')
,(1086, '57251 Serene Blvd', 'NULL', 'Van Nuys', 'California', 'United States', '91411')
,(1087, '253731 West Bell Road', 'NULL', 'Surprise', 'Arizona', 'United States', '85374')
,(1088, '99040 California Avenue', 'NULL', 'Sand City', 'California', 'United States', '93955')
,(1089, '25620 Firestone Boulevard', 'NULL', 'Norwalk', 'California', 'United States', '90650')
,(1090, '25130 South State Street', 'NULL', 'Sandy', 'Utah', 'United States', '84070')
,(1091, '5500 Grossmont Center Drive', 'NULL', 'La Mesa', 'California', 'United States', '91941')
,(1092, '99700 Bell Road', 'NULL', 'Aubur', 'California', 'United States', '95603')
,(1093, '7750 E Marching Rd', 'NULL', 'Scottsdale', 'Arizona', 'United States', '85257')
,(1094, '25250 N 90th St', 'NULL', 'Scottsdale', 'Arizona', 'United States', '85257')
,(1095, '9980 S Alma School Road', 'NULL', 'Chandler', 'Arizona', 'United States', '85225')
,(1096, '6753 Howard Hughes Parkway', 'NULL', 'Las Vegas', 'Nevada', 'United States', '89106')
,(1097, 'Corp Ofc Accts Payable', 'NULL', 'El Segundo', 'California', 'United States', '90245')
,(1098, 'Po Box 252525', 'NULL', 'Santa Ana', 'California', 'United States', '92701')
,(1099, '62500 Neil Road', 'NULL', 'Reno', 'Nevada', 'United States', '89502')
,(1100, '4635 S. Harrison Blvd.', 'NULL', 'Ogde', 'Utah', 'United States', '84401')
,(1101, '825 W 500 S', 'NULL', 'Bountiful', 'Utah', 'United States', '84010')
,(1102, '603 Gellert Blvd', 'NULL', 'Daly City', 'California', 'United States', '94015')
,(1103, '2564 S. Redwood Rd.', 'NULL', 'Riverto', 'Utah', 'United States', '84065')
,(1104, '9927 N. Main St.', 'NULL', 'Tooele', 'Utah', 'United States', '84074')
,(1105, '566 S. Mai', 'NULL', 'Cedar City', 'Utah', 'United States', '84720')
,(11380, '165 North Mai', 'NULL', 'Austi', 'Texas', 'United States', '78701')
,(11381, '2000 300th Street', 'NULL', 'Denver', 'Colorado', 'United States', '80203')
,(11382, '99 Front Street', 'NULL', 'Minneapolis', 'Minnesota', 'United States', '55402')
;

INSERT INTO Customer (CustomerID, Title, FirstName, MiddleName, LastName, Suffix, CompanyName, SalesPerson, EmailAddress, Phone, PasswordHash, PasswordSalt) VALUES (1, 'Mr.', 'Orlando', 'N.', 'Gee', 'NULL', 'A Bike Store', 'adventure-workspamela0', 'orlando0@adventure-works.com', '245-555-0173', 'L/Rlwxzp4w7RWmEgXX+/A7cXaePEPcp+KwQhl2fJL7w=', '1KjXYs4=')
, (2, 'Mr.', 'Keith', 'NULL', 'Harris', 'NULL', 'Progressive Sports', 'adventure-worksdavid8', 'keith0@adventure-works.com', '170-555-0127', 'YPdtRdvqeAhj6wyxEsFdshBDNXxkCXn+CRgbvJItknw=', 'fs1ZGhY=')
, (3, 'Ms.', 'Donna', 'F.', 'Carreras', 'NULL', 'Advanced Bike Components', 'adventure-worksjillian0', 'donna0@adventure-works.com', '279-555-0130', 'LNoK27abGQo48gGue3EBV/UrlYSToV0/s87dCRV7uJk=', 'YTNH5Rw=')
, (4, 'Ms.', 'Janet', 'M.', 'Gates', 'NULL', 'Modular Cycle Systems', 'adventure-worksjillian0', 'janet1@adventure-works.com', '710-555-0173', 'ElzTpSNbUW1Ut+L5cWlfR7MF6nBZia8WpmGaQPjLOJA=', 'nm7D5e4=')
, (5, 'Mr.', 'Lucy', 'NULL', 'Harringto', 'NULL', 'Metropolitan Sports Supply', 'adventure-worksshu0', 'lucy0@adventure-works.com', '828-555-0186', 'KJqV15wsX3PG8TS5GSddp6LFFVdd3CoRftZM/tP0+R4=', 'cNFKU4w=')
, (6, 'Ms.', 'Rosmarie', 'J.', 'Carroll', 'NULL', 'Aerobic Exercise Company', 'adventure-workslinda3', 'rosmarie0@adventure-works.com', '244-555-0112', 'OKT0scizCdIzymHHOtyJKQiC/fCILSooSZ8dQ2Y34VM=', 'ihWf50M=')
, (7, 'Mr.', 'Dominic', 'P.', 'Gash', 'NULL', 'Associated Bikes', 'adventure-worksshu0', 'dominic0@adventure-works.com', '192-555-0173', 'ZccoP/jZGQm+Xpzc7RKwDhS11YFNybwcPVRYTSNcnSg=', 'sPoUBSQ=')
, (10, 'Ms.', 'Kathlee', 'M.', 'Garza', 'NULL', 'Rural Cycle Emporium', 'adventure-worksjose1', 'kathleen0@adventure-works.com', '150-555-0127', 'Qa3aMCxNbVLGrc0b99KsbQqiVgwYDfHcsK9GZSUxcTM=', 'Ls05W3g=')
, (11, 'Ms.', 'Katherine', 'NULL', 'Harding', 'NULL', 'Sharp Bikes', 'adventure-worksjose1', 'katherine0@adventure-works.com', '926-555-0159', 'uRlorVzDGNJIX9I+ehTlRK+liT4UKRgWhApJgUMC2d4=', 'jpHKbqE=')
, (12, 'Mr.', 'Johnny', 'A.', 'Caprio', 'Jr.', 'Bikes and Motorbikes', 'adventure-worksgarrett1', 'johnny0@adventure-works.com', '112-555-0191', 'jtF9jBoFYeJTaET7x+eJDkd7BzMz15Wo9odbGPBaIak=', 'wVLnvHo=')
, (16, 'Mr.', 'Christopher', 'R.', 'Beck', 'Jr.', 'Bulk Discount Store', 'adventure-worksjae0', 'christopher1@adventure-works.com', '1 (11) 500 555-0132', 'sKt9daCzEEKWAzivEGPOp8tmaM1R3I+aJfcBjzJRFLo=', '8KfYx/4=')
, (18, 'Mr.', 'David', 'J.', 'Liu', 'NULL', 'Catalog Store', 'adventure-worksmichael9', 'david20@adventure-works.com', '440-555-0132', '61zeTkO+eI5g8GG0swny8Wp/6GzZMFnT71fnW4lTHNY=', 'c7Ttvv0=')
, (19, 'Mr.', 'Joh', 'A.', 'Beaver', 'NULL', 'Center Cycle Shop', 'adventure-workspamela0', 'john8@adventure-works.com', '521-555-0195', 'DzbqWX7B3EK5Dub92CKHYSUGKGbZCbrcVDpVe/xyBeI=', 'zXNgrJw=')
, (20, 'Ms.', 'Jea', 'P.', 'Handley', 'NULL', 'Central Discount Store', 'adventure-worksdavid8', 'jean1@adventure-works.com', '582-555-0113', 'o1GVo3vExeNzo0/ctdRGf2eDK3uzTlcUbr18tN+Slf8=', 'uMsvfdo=')
, (21, 'NULL', 'Jinghao', 'NULL', 'Liu', 'NULL', 'Chic Department Stores', 'adventure-worksjillian0', 'jinghao1@adventure-works.com', '928-555-0116', 'IaD5AeqK9mRiIrJi/etZGVO6EiybLf/oksA2CqrpoJ0=', 'p6pOqKc=')
, (22, 'Ms.', 'Linda', 'E.', 'Burnett', 'NULL', 'Travel Systems', 'adventure-worksjillian0', 'linda4@adventure-works.com', '121-555-0121', '23AwhujCoXYSPiN/B+G8Z9rk36xl35EbdLT7akTMTqU=', 'SmyIPjE=')
, (23, 'Mr.', 'Kerim', 'NULL', 'Hanif', 'NULL', 'Bike World', 'adventure-worksshu0', 'kerim0@adventure-works.com', '216-555-0122', 'd0WSjosAd7Y3XOWjNAkoTClCb50vwPuAawOSI1iosgs=', '33g5co8=')
, (24, 'Mr.', 'Kevi', 'NULL', 'Liu', 'NULL', 'Eastside Department Store', 'adventure-workslinda3', 'kevin5@adventure-works.com', '926-555-0164', 'ylTpkIOHKLcjihNjS0j/k10eOHOsWQMNhlbuOCp+UTY=', 'TgZnUOg=')
, (25, 'Mr.', 'Donald', 'L.', 'Blanto', 'NULL', 'Coalition Bike Company', 'adventure-worksshu0', 'donald0@adventure-works.com', '357-555-0161', 'pKYDelLBOZMO98GBzhMxBSzzE0gUYKx9dXzYTYNuBgw=', 'jKtOaOw=')
, (28, 'Ms.', 'Jackie', 'E.', 'Blackwell', 'NULL', 'Commuter Bicycle Store', 'adventure-worksjose1', 'jackie0@adventure-works.com', '972-555-0163', 'wqhgKfOTfef4Zo3cb6FwsFzvG/yCVstuYh3AuwjRszQ=', 'SZ+r60o=')
, (29, 'Mr.', 'Brya', 'NULL', 'Hamilto', 'NULL', 'Cross-Country Riding Supplies', 'adventure-worksjose1', 'bryan2@adventure-works.com', '344-555-0144', 'ftRWIIT4oF+if+ddn1ROYXHw6PAooKFX3uALZ0uEU98=', 'IRNPDIw=')
, (30, 'Mr.', 'Todd', 'R.', 'Loga', 'NULL', 'Cycle Merchants', 'adventure-worksgarrett1', 'todd0@adventure-works.com', '783-555-0110', 'FV6z03ywMJOumcU+TEoL/Z/s4YP2fe8B3MJUUTA0CHU=', 'mFRhaEg=')
, (34, 'Ms.', 'Barbara', 'J.', 'Germa', 'NULL', 'Cycles Wholesaler & Mfg.', 'adventure-worksjae0', 'barbara4@adventure-works.com', '1 (11) 500 555-0181', '2Pyd3S3Os61yt+lfSjMgSDNwT1LL4Qs51m1ob42We40=', 'Jvsxxrg=')
, (37, 'Mr.', 'Jim', 'NULL', 'Geist', 'NULL', 'Two Bike Shops', 'adventure-workspamela0', 'jim1@adventure-works.com', '724-555-0161', 'cvqeC4fJcKwJ9jlluiWvK5/MyuSi8neLnjFDGdvzJy4=', 'ot8WcXk=')
, (38, 'Ms.', 'Betty', 'M.', 'Haines', 'NULL', 'Finer Mart', 'adventure-worksdavid8', 'betty0@adventure-works.com', '867-555-0114', 'Q/nGAVzOO1ZT/4+BQ1kwltqQyzycLA2GGmDmBBxLMnM=', '6IvcbVg=')
, (39, 'Ms.', 'Sharo', 'J.', 'Looney', 'NULL', 'Fitness Hotel', 'adventure-worksjillian0', 'sharon2@adventure-works.com', '377-555-0132', 'Uo3kAuNh936QfPTIfPt6I6Z3+olLMRu5IC5awuzDaG8=', 'uHgb0IU=')
, (40, 'Mr.', 'Darre', 'NULL', 'Gehring', 'NULL', 'Journey Sporting Goods', 'adventure-worksjillian0', 'darren0@adventure-works.com', '417-555-0182', 'kqptixZ7LqTuOKcc7ylpabWrgWr5BDXa2fpkDxEwaCY=', 'Xe7grug=')
, (41, 'Ms.', 'Eri', 'M.', 'Hagens', 'NULL', 'Distant In', 'adventure-worksshu0', 'erin1@adventure-works.com', '244-555-0127', '92Sfw/bl0dUJO9SAfoKn452VJcstSo2lgAbSPk97nRA=', '8soIcx8=')
, (42, 'Mr.', 'Jeremy', 'NULL', 'Los', 'NULL', 'Healthy Activity Store', 'adventure-workslinda3', 'jeremy0@adventure-works.com', '911-555-0165', 'jLMkpmNutZFzWw7sSWZeqd91vtlRwaWx2Ub21mhsvlU=', 'JK9/WX8=')
, (43, 'Ms.', 'Elsa', 'NULL', 'Leavitt', 'NULL', 'Frugal Bike Shop', 'adventure-worksshu0', 'elsa0@adventure-works.com', '482-555-0174', 'BmJaM+147GrhU00kNTtaTolp0EJcarJK/SCfew4ZiYA=', 'YADhpPo=')
, (46, 'Mr.', 'David', 'O', 'Lawrence', 'NULL', 'Gear-Shift Bikes Limited', 'adventure-worksjose1', 'david19@adventure-works.com', '653-555-0159', 'HyZexVTTLfKfhx/Sb+XHQb4vta2LC1FD3OYIkpmzMlQ=', '/kc6RdY=')
, (47, 'Ms.', 'Hattie', 'J.', 'Haemo', 'NULL', 'Greater Bike Store', 'adventure-worksjose1', 'hattie0@adventure-works.com', '141-555-0172', 'RLemw98UkhyklI9z6Kx01t3fpE6z6E9v5GdRReTdOIY=', '8n38uVg=')
, (48, 'Ms.', 'Anita', 'R.', 'Lucerne', 'NULL', 'Grand Industries', 'adventure-worksgarrett1', 'anita0@adventure-works.com', '164-555-0118', 'YYTwMHBzX9ZM2XoYAzTo7bVfsHm05BO3Sl1+sokcRjM=', 'Zb6O1a0=')
, (52, 'Ms.', 'Rebecca', 'NULL', 'Laszlo', 'NULL', 'Instruments and Parts Company', 'adventure-worksjae0', 'rebecca2@adventure-works.com', '1 (11) 500 555-0155', 'ox4SPBzzVPKyCVoIcZvkdVLtnQlKoDXCciBGcqVAfrI=', 'n7ydrrc=')
, (55, 'Mr.', 'Eric', 'NULL', 'Lang', 'NULL', 'Kickstands and Accessories Company', 'adventure-workspamela0', 'eric6@adventure-works.com', '932-555-0163', 'katp5sn21ZqJq5Z26YRBk9XXP3iFjpsX7tNPYAAxZlI=', 'xw9RymE=')
, (56, 'Mr.', 'Bria', 'NULL', 'Groth', 'NULL', 'Latest Accessories Sales', 'adventure-worksdavid8', 'brian5@adventure-works.com', '461-555-0118', 'tbk7TwAC5jsqEhFRRIhnL9kPBoTy3XS+EjlReKVp5mw=', 'hpOsvJU=')
, (57, 'Ms.', 'Judy', 'R.', 'Lundahl', 'NULL', 'Leading Sales & Repair', 'adventure-worksjillian0', 'judy1@adventure-works.com', '260-555-0130', 'VzG/BDjkh2mMWAn2eZ/FQDI5/pGurtzdCfxTaCf6zAs=', 'N5Ajt+s=')
, (58, 'Mr.', 'Peter', 'NULL', 'Kurniawa', 'NULL', 'Largest Bike Store', 'adventure-worksjillian0', 'peter4@adventure-works.com', '436-555-0160', 'el1s9e+hWeb+79bwrhU+hxHEyJN+j6tR8vWyKJDZmTs=', 'QgzjTPU=')
, (59, 'Mr.', 'Douglas', 'NULL', 'Groncki', 'NULL', 'Locks Company', 'adventure-worksshu0', 'douglas2@adventure-works.com', '385-555-0140', 'J9nhrWh6kpc/dGBkN7HRxrrbquy1Rit9UMPv9rbYjBs=', 'KiAAI5M=')
, (60, 'Mr.', 'Sea', 'J.', 'Lunt', 'NULL', 'Main Bicycle Services', 'adventure-workslinda3', 'sean4@adventure-works.com', '183-555-0111', 'NCIEHFdWOrgXFDd6SE817buY5XNWSBCQZlOsgOGIP2E=', 'eK6Wzw0=')
, (61, 'Mr.', 'Jeffrey', 'NULL', 'Kurtz', 'NULL', 'Many Bikes Store', 'adventure-worksshu0', 'jeffrey3@adventure-works.com', '452-555-0179', 'zn3Nk0+i/zyvxFNh3OziN2Pxa3NfiIlVMJ9Ox86ytao=', '5MZXwF4=')
, (64, 'Mr.', 'Vamsi', 'NULL', 'Kuppa', 'NULL', 'Metal Clearing House', 'adventure-worksjose1', 'vamsi1@adventure-works.com', '290-555-0196', '6p4SZnWdWPrBclHkaWFeooblNWE+Y4VJiuTM9hyonDI=', 'HaDRSbY=')
, (65, 'Ms.', 'Jane', 'P.', 'Greer', 'NULL', 'Metro Manufacturing', 'adventure-worksjose1', 'jane2@adventure-works.com', '737-555-0163', 'gCWE10xc3haq9E82Ksvg2GS6WBBD0H0ZF25YAS0CfJ8=', 'qxbTTkE=')
, (66, 'Mr.', 'Alexander', 'J.', 'Deborde', 'NULL', 'Neighborhood Store', 'adventure-worksgarrett1', 'alexander1@adventure-works.com', '394-555-0176', 'QC+He1HXF5uNbU5XqduVyZW0SlvdnAE2jhuD/06ukjE=', 'Uifpoxw=')
, (70, 'Mr.', 'Deepak', 'NULL', 'Kumar', 'NULL', 'Outdoor Aerobic Systems Company', 'adventure-worksjae0', 'deepak0@adventure-works.com', '1 (11) 500 555-0122', '0d3F0pfNxXFKEufM738j3/fA0at2eUlZA8ibqRnMr7M=', '6fOTb8g=')
, (73, 'Ms.', 'Margaret', 'T.', 'Krupka', 'NULL', 'Outdoor Sports Supply', 'adventure-workspamela0', 'margaret1@adventure-works.com', '107-555-0132', 'dI+A6Ikk6Eh9ypKYxrAEHGdSxjzUhy8bEyDdFjggW9g=', '09k9Tis=')
, (74, 'Mr.', 'Christopher', 'M.', 'Bright', 'NULL', 'Parcel Express Delivery Service', 'adventure-worksdavid8', 'christopher2@adventure-works.com', '162-555-0166', 'jIw8zSChmDX3xmVInKUV46U77LBgW9C5vlIMvK4NqF8=', 'J9DNyhU=')
, (75, 'Ms.', 'Aida', 'NULL', 'Delaney', 'NULL', 'Paint Supply', 'adventure-worksjillian0', 'aidan0@adventure-works.com', '358-555-0188', '6lcVqEc4gGgfW6DsOks/KuDIWIP5qFsrc8sXtmcwj6E=', 'DKu7/UM=')
, (76, 'Mr.', 'James', 'J.', 'Krow', 'NULL', 'Out-of-the-Way Hotels', 'adventure-worksjillian0', 'james11@adventure-works.com', '265-555-0190', 'I2HiduC1LR4LnxkLk1SFZ0OCyPveKfbQ6Q4mjKnPiyA=', 'PJEpZaA=')
, (77, 'Mr.', 'Michael', 'NULL', 'Brundage', 'NULL', 'Mechanical Products Ltd.', 'adventure-worksshu0', 'michael13@adventure-works.com', '128-555-0148', 'Ioh5Ss2cXrUAI8DZcSkQ/z92aEmHE0Wxqc6MdggjJQE=', 'MjQeaAE=')
, (78, 'Mr.', 'Stefa', 'NULL', 'Delmarco', 'NULL', 'Preferred Bikes', 'adventure-workslinda3', 'stefan0@adventure-works.com', '819-555-0186', '9rOycZRxDntXWB8Y/285x4HS6G2ATNOzhqIhF+oBGqc=', 'BsI2IB4=')
, (79, 'Mr.', 'Mitch', 'NULL', 'Kennedy', 'NULL', 'Reasonable Bicycle Sales', 'adventure-worksshu0', 'mitch0@adventure-works.com', '996-555-0192', 'Re4KikAJLZeLX+pM2Bw7HZNkd5Yyd/vrGB7WhjbYmCo=', 'lGI5cA0=')
, (82, 'Mr.', 'James', 'D.', 'Kramer', 'NULL', 'Refined Department Stores', 'adventure-worksjose1', 'james10@adventure-works.com', '814-555-0130', '8x6bpv0tFDausfY5Z8RQwPKRz3E+N1BszPMzVAsq5kg=', '5NcSbeg=')
, (83, 'Mr.', 'Eric', 'J.', 'Brumfield', 'NULL', 'Requisite Part Supply', 'adventure-worksjose1', 'eric3@adventure-works.com', '644-555-0114', 'pd7lPYE+Gn7QnX4l6aMxG6WiRZGpPVsBcJ1kBpXl7pc=', 'MAOhXKA=')
, (84, 'Ms.', 'Della', 'F.', 'Demott Jr', 'NULL', 'Rewarding Activities Company', 'adventure-worksgarrett1', 'della0@adventure-works.com', '752-555-0185', 'oR9ACW0ZX4v6zBa57CfhePKM1qmHjgDwNdGaTDAp4io=', '966Lz4w=')
, (88, 'Ms.', 'Pamala', 'M.', 'Kotc', 'NULL', 'Closest Bicycle Store', 'adventure-worksjae0', 'pamala0@adventure-works.com', '1 (11) 500 555-0173', '3nXek8BFNaBhIi8CwSzQOVdo1ZthphI3kGbZTrt6jNM=', '/rh9tFs=')
, (91, 'Ms.', 'Joy', 'R.', 'Koski', 'NULL', 'Scooters and Bikes Store', 'adventure-workspamela0', 'joy0@adventure-works.com', '810-555-0198', 'tTeR7tEh6XEQtr0WQ2eXrHrqjsOt2mdihjWZ3c4q50s=', 'IrqLpXQ=')
, (92, 'Ms.', 'Jovita', 'A.', 'Carmody', 'NULL', 'Sports Commodities', 'adventure-worksdavid8', 'jovita0@adventure-works.com', '646-555-0137', 'd3uGruCihzt7+Dipsh3+fE3iZd/uKCf8sy56xa5chxU=', 'zmqmiAQ=')
, (93, 'Mr.', 'Prashanth', 'NULL', 'Desai', 'NULL', 'Stationary Bikes and Stands', 'adventure-worksjillian0', 'prashanth0@adventure-works.com', '138-555-0156', 'AT0SeSL9gTlDL0/MHFMEy5GrEjR12DBF5ag/cyHZpJY=', 'l32Vf08=')
, (94, 'Mr.', 'Scott', 'NULL', 'Konersman', 'NULL', 'Specialty Sports Store', 'adventure-worksjillian0', 'scott6@adventure-works.com', '556-555-0192', '2WMJfIzZjrB1xeQtjtSTUQfxxeowOV9LmAjmUkH/qP4=', 'A+rOrG0=')
, (95, 'Ms.', 'Jane', 'N.', 'Carmichael', 'NULL', 'Rural Department Store', 'adventure-worksshu0', 'jane0@adventure-works.com', '716-555-0167', 'ZIXjFmD2T/Gf9bPHIkx7X82eU+I86/8p3rmYxWqwtkQ=', 'BUBjqIQ=')
, (96, 'Ms.', 'Bonnie', 'B.', 'Lepro', 'NULL', 'More Bikes!', 'adventure-workslinda3', 'bonnie2@adventure-works.com', '354-555-0130', 'QFcESEnv3fd3s0KxftaNIRbKv6ba7PNXWLVrlx/mrF4=', 'WVm7PpY=')
, (97, 'Mr.', 'Eugene', 'NULL', 'Koga', 'NULL', 'Mountain Bike Center', 'adventure-worksshu0', 'eugene2@adventure-works.com', '136-555-0134', 'Tp1Zre+rOA0pmlkyosHvuAxhbMWt7UcvCPrAYmXyI+w=', 'GdsdWsk=')
, (100, 'Mr.', 'Kirk', 'T', 'King', 'NULL', 'Up-To-Date Sports', 'adventure-worksjose1', 'kirk2@adventure-works.com', '979-555-0163', '056V7iOc8FPUiLanlyEqQX6cAWuL0TJ8fQBhX7mEjMU=', 'b96sfSU=')
, (101, 'Mr.', 'William', 'J.', 'Conner', 'NULL', 'Urban Sports Emporium', 'adventure-worksjose1', 'william1@adventure-works.com', '383-555-0111', 'GZyRS1qyQMxNWXYf0B1uj2nyQjhk4oN+Qv3geEMUy5A=', '94SS2WQ=')
, (102, 'Ms.', 'Linda', 'NULL', 'Leste', 'NULL', 'National Manufacturing', 'adventure-worksgarrett1', 'linda7@adventure-works.com', '493-555-0134', 'heRwLFQMae6Y0X7+Q7tLrq4gB5sXd8jC7uiIjXlEs6Y=', 'OHu+9rc=')
, (106, 'Ms.', 'Andrea', 'A.', 'Thomse', 'NULL', 'West Side Mart', 'adventure-worksjae0', 'andrea1@adventure-works.com', '1 (11) 500 555-0120', 'LDoJwsGCFLtxVdbdQBbN/to7zFF1skP+hWLrIrCxvAw=', 'NuexV8w=')
, (109, 'Mr.', 'Daniel', 'P.', 'Thompso', 'NULL', 'Travel Sports', 'adventure-workspamela0', 'daniel2@adventure-works.com', '247-555-0197', 'DgTXKBbRFAv0jGUCn8yCPgnYQP1JhhVioFj9E1gXCS8=', 'jcMXc0w=')
, (110, 'Ms.', 'Kendra', 'N.', 'Thompso', 'NULL', 'Vintage Sport Boutique', 'adventure-worksdavid8', 'kendra0@adventure-works.com', '464-555-0188', 'dBvr8YSJ5D5BzBQ6uCOKmYVG2wDeIf97H4Jh3ePPYHM=', 'IS71rL8=')
, (111, 'Mr.', 'Scott', 'A.', 'Colvi', 'NULL', 'Westside Cycle Store', 'adventure-worksjillian0', 'scott1@adventure-works.com', '119-555-0144', '4QoOmH+4/mabhuXqIQnoVm+1MjvTYyAHid9vpNehSxs=', 'sA8S2v4=')
, (112, 'Ms.', 'Elsie', 'L.', 'Lewi', 'NULL', 'Town Industries', 'adventure-worksjillian0', 'elsie0@adventure-works.com', '803-555-0116', 'sbrtAXJY79C5nTfNaktfR5zn9+uSLMSL26NETFSeEas=', 'UUwXzgY=')
, (113, 'Mr.', 'Donald', 'M.', 'Thompso', 'NULL', 'Trendy Department Stores', 'adventure-worksshu0', 'donald1@adventure-works.com', '273-555-0111', 'HfjBjq3HyrYM/vkKe/z2JUvmTeROuQWy7ntzIG/uTNk=', 'ke7sTgo=')
, (114, 'Mr.', 'Joh', 'L.', 'Colo', 'NULL', 'Two Wheels Cycle Store', 'adventure-workslinda3', 'john14@adventure-works.com', '397-555-0144', '9HEZAYB77VjHRd83ZDP94/ugDP0PhvUiIRCi3Cl5y7A=', 'j6Z6ny8=')
, (115, 'Mr.', 'George', 'Z.', 'Li', 'NULL', 'Security Racks and Locks Wholesalers', 'adventure-worksshu0', 'george3@adventure-works.com', '699-555-0183', 'y3YyySPHg7l+/+LZkIFmyZ7gE+BOIOdPEq+t+oE093g=', '4m5UYgM=')
, (118, 'Mr.', 'Yale', 'NULL', 'Li', 'NULL', 'Rapid Bikes', 'adventure-worksjose1', 'yale0@adventure-works.com', '316-555-0138', 'B2RR480ridZSqURXY3APlxFk13GITW6LDFutGbpSUIs=', '5MEUKYU=')
, (119, 'Ms.', 'Phyllis', 'A.', 'Thomas', 'NULL', 'Red Bicycle Company', 'adventure-worksjose1', 'phyllis2@adventure-works.com', '667-555-0112', 'hAXpzsxtYdB4R3XMc08m98BwHHvL0+J6J+y0u7B1ngg=', 'ycYA+jA=')
, (120, 'Mr.', 'Pat', 'NULL', 'Colema', 'NULL', 'Machines & Cycles Store', 'adventure-worksgarrett1', 'pat2@adventure-works.com', '292-555-0128', '61UcbVZnGT5eqxs0oFMv4JyipeaQCUZgUZkPgtVNBDo=', '7+I+4k4=')
, (124, 'Ms.', 'Yuhong', 'NULL', 'Li', 'NULL', 'Nearby Sporting Goods', 'adventure-worksjae0', 'yuhong1@adventure-works.com', '1 (11) 500 555-0176', 'XrcuygOte7eGdTleJOKDmf/XBySqc/0xVbjpIPzMWQA=', 'R273GbA=')
, (127, 'Mr.', 'Joseph', 'M.', 'Lique', 'NULL', 'Front Sporting Goods', 'adventure-workspamela0', 'joseph2@adventure-works.com', '119-555-0195', '7dnLSdRuWFKBMjmORanIkwGVy3smf5yZI3YxSSyd5/U=', 'jH5dJh4=')
, (128, 'Ms.', 'Judy', 'J.', 'Thames', 'NULL', 'Demand Distributors', 'adventure-worksdavid8', 'judy3@adventure-works.com', '799-555-0118', 'BXs/jMkqmCMJn6V9vWS+iM7P+R0MGu2nmP4SLrJrYCg=', 'OSnERUk=')
, (129, 'Ms.', 'Connie', 'L.', 'Coffma', 'NULL', 'Discount Bicycle Specialists', 'adventure-worksjillian0', 'connie0@adventure-works.com', '426-555-0181', 'Wkqdm53a0uim7B/e9+IT0I81uzxMNnh1FBaeXd3nyP0=', '3tT/ffQ=')
, (130, 'Mr.', 'Paulo', 'H.', 'Lisboa', 'NULL', 'Elite Bikes', 'adventure-worksjillian0', 'paulo0@adventure-works.com', '380-555-0116', 'MO2kc8uiSARHp+gxFShJchORmBfhfAz+NC31TDVciS8=', 'QXbFwBQ=')
, (131, 'Ms.', 'Vanessa', 'J.', 'Tench', 'NULL', 'Eighth Bike Store', 'adventure-worksshu0', 'vanessa0@adventure-works.com', '785-555-0163', 'qnzSZKGLMJiDzrH9h5VfDojb/pTtQKfZNc7nW7qzQ90=', 'dPOi278=')
, (132, 'Ms.', 'Teanna', 'M.', 'Cobb', 'NULL', 'Another Sporting Goods Company', 'adventure-workslinda3', 'teanna0@adventure-works.com', '661-555-0168', 'oDFb9hjhU08th9xeH9bRAY/U7JJTdaLY9NiegJj3vzk=', '60Z0AcQ=')
, (133, 'Mr.', 'Michael', 'NULL', 'Graff', 'NULL', 'Commercial Sporting Goods', 'adventure-worksshu0', 'michael16@adventure-works.com', '132-555-0150', 'NRM1BXnt0/4EDaPuM5qday+BOZANEisKCyGGQqJxXpY=', 'ewV5lII=')
, (136, 'Mr.', 'Derek', 'NULL', 'Graham', 'NULL', 'Wholesale Parts', 'adventure-worksjose1', 'derek0@adventure-works.com', '674-555-0187', 'FJJVccEFyVV8NubSxOFblRtnKqQD221f9AT9xxYTOUA=', '8ju6sOA=')
, (137, 'NULL', 'Gytis', 'M', 'Barzdukas', 'NULL', 'Transportation Options', 'adventure-worksjose1', 'gytis0@adventure-works.com', '257-555-0119', 'muiJ85PHJTw5ocOM+yS+gq+w8REzzCOfzXZNFyDZniI=', 'lUNnQso=')
, (138, 'Ms.', 'Jane', 'NULL', 'Clayto', 'NULL', 'South Bike Company', 'adventure-worksgarrett1', 'jane1@adventure-works.com', '206-555-0195', 'o02Imw+gyZX9J1yiTBKYD4M5XlerPqz3usX+v3CsDHA=', 'PZCGT2g=')
, (142, 'Mr.', 'Jo', 'NULL', 'Grande', 'NULL', 'Riding Cycles', 'adventure-worksjae0', 'jon1@adventure-works.com', '1 (11) 500 555-0114', '26rwIeR9oyfo+P6lodeASP/MAC2/tdKFbmFVC5uBRmA=', '83inWt0=')
, (145, 'Mr.', 'Ted', 'NULL', 'Bremer', 'NULL', 'Raw Materials Inc', 'adventure-workspamela0', 'ted0@adventure-works.com', '962-555-0166', 'mBQHYK00pq9+tDgH7TR6fPrrYQ2drX7/VuuHgkUSOiQ=', 'MxiyX14=')
, (146, 'Mr.', 'Richard', 'NULL', 'Bready', 'NULL', 'Latest Sports Equipment', 'adventure-worksdavid8', 'richard1@adventure-works.com', '340-555-0131', 'kOabrc0OqOISR4N3D3FZkOh3yAKQCF/ozSx7G00Kpt0=', 'jpRF8lY=')
, (147, 'Ms.', 'Alice', 'NULL', 'Clark', 'NULL', 'Local Hardware Factory', 'adventure-worksjillian0', 'alice1@adventure-works.com', '221-555-0141', 'ZZhnNULC5d/7tZv0hUtCl4jKwgyZql8aSrIzlTaTvg0=', 'hGHOthw=')
, (148, 'Mr.', 'Ala', 'NULL', 'Brewer', 'NULL', 'Lots of Bikes Storehouse', 'adventure-worksjillian0', 'alan1@adventure-works.com', '494-555-0134', 't9ecYoVIOcEiyXvl+noHoCymcRlJij1fzZzXfKeZ/R0=', '6ZoXk8E=')
, (149, 'Mr.', 'Cornelius', 'L.', 'Brando', 'NULL', 'Initial Bike Company', 'adventure-worksshu0', 'cornelius0@adventure-works.com', '229-555-0114', 'fftjn+fbjvHFJ4bf7rTpLdlCHv61xF+y0ZPKKevQV98=', 'OzSaq2k=')
, (150, 'Ms.', 'Jill', 'J.', 'Christie', 'NULL', 'Fleet Bikes', 'adventure-workslinda3', 'jill1@adventure-works.com', '927-555-0198', 'Vlb2fj7yW2d5JtfPLZvbicsQNEgLhh0b93Uw2pLEBuE=', '2cMmc9Y=')
, (151, 'Mr.', 'Walter', 'J.', 'Bria', 'IV', 'Futuristic Bikes', 'adventure-worksshu0', 'walter0@adventure-works.com', '163-555-0155', 'NN11OHHxrOm6r8lPyhXuBk13QMD+8tph5PIdJ4t0JmY=', 'PiILPfc=')
, (154, 'Mr.', 'Carlto', 'M.', 'Carlisle', 'NULL', 'Camping and Sports Store', 'adventure-worksjose1', 'carlton0@adventure-works.com', '193-555-0116', 'GJhY98QoDTRmv/6f6RcLwoj2v33jAZopR8AjLor/sqc=', 'fYgdeM0=')
, (155, 'Mr.', 'Joseph', 'N.', 'Castellucio', 'NULL', 'Corner Bicycle Supply', 'adventure-worksjose1', 'joseph1@adventure-works.com', '180-555-0114', 'NLAR7H8spiCb/C0qY+3qkJm3VuoSOqDw7yspRc1CTTg=', 'Whn5BXY=')
, (156, 'Mr.', 'Lester', 'J.', 'Bowma', 'Sr.', 'Metal Processing Company', 'adventure-worksgarrett1', 'lester0@adventure-works.com', '844-555-0112', '+CFHIbYlE+nsmSbCpJOTLZXChbtYA9JzdSnd1Qejk5g=', 'w7ec7iI=')
, (160, 'Ms.', 'Brigid', 'F.', 'Cavendish', 'NULL', 'Vigorous Sports Store', 'adventure-worksjae0', 'brigid0@adventure-works.com', '1 (11) 500 555-0178', '20rlqqjWOPLBi7oYKBrHMzouHcYl6OknJcV+yc0zQKo=', 'QS6UTS4=')

, (163, 'Mr.', 'Andrew', 'NULL', 'Cencini', 'NULL', 'Sports Merchandise', 'adventure-workspamela0', 'andrew2@adventure-works.com', '644-555-0111', 'Eo1pvctUvdkRpUgGHwOfILlh5uZiYuLv+eBXLj1viR8=', 'LCi+QgQ=')
, (164, 'Ms.', 'Cindy', 'M.', 'Dodd', 'NULL', 'Suburban Cycle Shop', 'adventure-worksdavid8', 'cindy0@adventure-works.com', '706-555-0140', 'C7FdyTzpzS44mEsqgDG4s8S3CZJtl+yiy9sH4rEI9VY=', 'M4cce8o=')
, (165, 'Mr.', 'Randall', 'NULL', 'Bosema', 'NULL', 'Third Bike Store', 'adventure-worksjillian0', 'randall0@adventure-works.com', '383-555-0117', 'UsXZ9ElCaZBo0YED9A2khFNGjNK+8yHdxnraI+OHsZ8=', 'oMeb83g=')
, (166, 'Ms.', 'Stacey', 'M.', 'Cereghino', 'NULL', 'Fitness Toy Store', 'adventure-worksjillian0', 'stacey0@adventure-works.com', '351-555-0131', 'u/IE2VGaycl6iSw+8Es0ro5F6g//TK/eJA3ICMBHXmc=', 'n+71V7I=')
, (167, 'Mr.', 'Blaine', 'NULL', 'Dockter', 'NULL', 'Farthermost Bike Shop', 'adventure-worksshu0', 'blaine0@adventure-works.com', '156-555-0187', '9E6RJtJrsu2iqMbyKMJRaVfPipCW5XObegb3KE3K85M=', 'hiSI26I=')
, (168, 'Sr.', 'Luis', 'NULL', 'Bonifaz', 'NULL', 'Economy Bikes Company', 'adventure-workslinda3', 'luis0@adventure-works.com', '688-555-0113', 'fOnF7T/vMnI6uJzH1IxN9lcM8z31odelgSIW9Vu8sD4=', 'dz8Ej6A=')
, (169, 'Ms.', 'Brenda', 'NULL', 'Diaz', 'NULL', 'Downtown Hotel', 'adventure-worksshu0', 'brenda2@adventure-works.com', '147-555-0192', '84meSWqxRT9guwZSihzP3MYe7UV2VaMLBldOf8pTy5A=', 'lsd099Q=')
, (172, 'Ms.', 'Gabriele', 'NULL', 'Dickman', 'NULL', 'Certified Sports Supply', 'adventure-worksjose1', 'gabriele0@adventure-works.com', '835-555-0116', '6eApe0lB1ZkvyJB3Uo3LaYGV8sm2/NE9fUHXM7a0RYU=', 'M8SoIWU=')
, (173, 'Mr.', 'Rudolph', 'J.', 'Dillo', 'Sr.', 'Sundry Sporting Goods', 'adventure-worksjose1', 'rudolph0@adventure-works.com', '722-555-0169', 'hynkaEM/LxC86JGG4q4AGgiar6iWoIu5bLVB3gFq2RM=', 'DUDd/5g=')
, (174, 'Mr.', 'Michael', 'L.', 'Bohling', 'NULL', 'Toy Manufacturing Inc', 'adventure-worksgarrett1', 'michael12@adventure-works.com', '838-555-0147', 'OaSaJ/wRTB0DFRe0vMDnhW8BPYsB0r2Stk5dzsBWusI=', 'G5ADims=')
, (178, 'Mr.', 'Dick', 'NULL', 'Dievendorff', 'NULL', 'Rampart Amusement Company', 'adventure-worksjae0', 'dick1@adventure-works.com', '1 (11) 500 555-0193', 'dI9bbaCIElCUwy2PYLUYLNIrdM9yCcuTmHspqw8Wsxc=', 'FihOX8w=')
, (180, 'Ms.', 'Nicky', 'E.', 'Chesnut', 'NULL', 'Full-Service Bike Store', 'adventure-worksmichael9', 'nicky0@adventure-works.com', '264-555-0164', 'weDREfIdFEInQXlEuUK3AjoRiqGR7g2cJQHBZ1BT5xw=', 'ggpF1Og=')
, (181, 'Mr.', 'Michael', 'J.', 'Lee', 'NULL', 'Family Entertainment Center', 'adventure-workspamela0', 'michael18@adventure-works.com', '396-555-0139', 'A6RveLbS4qIaP/sOesBWwK7KlcShNP0N7DDN2VRWxYk=', 'vhvGQUE=')
, (182, 'Mr.', 'Stanley', 'A.', 'Ala', 'Jr.', 'Another Bicycle Company', 'adventure-worksdavid8', 'stanley0@adventure-works.com', '156-555-0126', 'uzR3iWUJwdMRenhBxExmLfmCRPenWgwazHnSEPDbzb8=', 'kj/7VTw=')
, (183, 'Mr.', 'Yao-Qiang', 'NULL', 'Cheng', 'NULL', 'This Area Sporting Goods', 'adventure-worksjillian0', 'yao-qiang0@adventure-works.com', '344-555-0181', '3LD/Jab7lP6gIPvK5EdTnwhHBo+dxs3y9GbIgmN6E8Q=', 'BG6Ps64=')
, (184, 'Ms.', 'Marjorie', 'M.', 'Lee', 'NULL', 'Go-cart and Bike Specialists', 'adventure-worksjillian0', 'marjorie0@adventure-works.com', '306-555-0166', 'viR4W7eY7DDH81eAFhdKTb8Hft5EM8K5CcxdoPdoqgs=', 'ZcFvFFc=')
, (185, 'Mr.', 'Sandeep', 'NULL', 'Kaliyath', 'NULL', 'Weekend Bike Tours', 'adventure-worksshu0', 'sandeep1@adventure-works.com', '495-555-0113', 'Rrgza3uGhmNF9StSEGpXIJ5moVVsmcjhGDjdCAPyMnc=', 'ekE0M9I=')
, (186, 'Mr.', 'Pei', 'NULL', 'Chow', 'NULL', 'Thrilling Bike Tours', 'adventure-workslinda3', 'pei0@adventure-works.com', '789-555-0184', 'UVTWGfYZBU+ZmXLqhvqZFDwYXdtX14O87KHOHN36XDc=', 'pI/k4Qw=')
, (187, 'Mr.', 'Frank', 'NULL', 'Campbell', 'NULL', 'Trailblazing Sports', 'adventure-worksshu0', 'frank4@adventure-works.com', '491-555-0132', 'XKb/GbNNUPKesifxpBwavz3wz5Y3jbFPJgsBIVEFvO0=', '/9h1e7s=')
, (190, 'Mr.', 'Mark', 'NULL', 'Lee', 'NULL', 'Racing Partners', 'adventure-worksjose1', 'mark5@adventure-works.com', '371-555-0112', 'Lk6x4lbbepoCdlNUxLYjn6D3zCWVxEKiK2DwxCURAis=', 's7z2FRc=')
, (191, 'Ms.', 'Sandra', 'T.', 'Kitt', 'NULL', 'Non-Slip Pedal Company', 'adventure-worksjose1', 'sandra2@adventure-works.com', '303-555-0117', 'd8QmW8XwLDvVvz9RYBNkv59Snnfp3tdnQQ/IZ0UEV9U=', 'FccEr0Q=')
, (192, 'Mr.', 'Hao', 'NULL', 'Che', 'NULL', 'Nuts and Bolts Mfg.', 'adventure-worksgarrett1', 'hao1@adventure-works.com', '117-555-0173', 'iwlZhoYS98IRDbB9ps/YqC5ITCR+AZm5L+5g5nqHzE4=', 'okCr0j4=')
, (196, 'Ms.', 'Jolie', 'NULL', 'Leneha', 'NULL', 'Exhibition Showroom', 'adventure-worksjae0', 'jolie0@adventure-works.com', '1 (11) 500 555-0126', 'qUddcyDDhMORzm2Tp3YcC3vD7dXKgTEDtTorjPbhbmk=', 'C2IP7to=')
, (197, 'Ms.', 'Diane', 'F.', 'Krane', 'NULL', '"Fabrikam Inc., West"', 'adventure-worksmichael9', 'diane4@adventure-works.com', '224-555-0126', 'IQvtwGrIwRDX9ZHmv+WXAmqiXokkD7MT/x8ZdSBArjo=', '6xHx1mQ=')
, (198, 'Mr.', 'Payto', 'P.', 'Benso', 'NULL', 'Field Trip Inc', 'adventure-worksmichael9', 'payton0@adventure-works.com', '528-555-0183', 'FnBp23EtjoS2hj7nCcr9a76vZjNvQ+/WT/5vyYyKG5o=', 'TYGH50Q=')
, (199, 'Mr.', 'Roger', 'NULL', 'Lengel', 'NULL', 'Authorized Bike Sales and Rental', 'adventure-workspamela0', 'roger1@adventure-works.com', '947-555-0143', 'LoVploOms9pM4zQpIHQdGFLraQGd2ZtmlhGCKz8RxZk=', '1PXmt4Y=')
, (200, 'Ms.', 'Peggy', 'J.', 'Justice', 'NULL', 'Basic Bike Company', 'adventure-worksdavid8', 'peggy0@adventure-works.com', '170-555-0189', 'C4CbjWP+J+L/5D9jekqIDsijBR8VvJlpu7IxqSE3ckI=', 'GR7idhc=')
, (201, 'Ms.', 'Edna', 'J.', 'Benso', 'NULL', 'Unsurpassed Bikes', 'adventure-worksjillian0', 'edna0@adventure-works.com', '789-555-0189', 'POpWTovMrdUJmLS24NDBdrrY5tasoVlQod5uB56k4YM=', 'Jx6w2tk=')
, (202, 'NULL', 'A.', 'Francesca', 'Leonetti', 'NULL', 'Two-Seater Bikes', 'adventure-worksjillian0', 'a0@adventure-works.com', '645-555-0193', 'M2iP88O+gIF88E9NpBhI0baOUusaGXrum+clJ/miHO8=', '6UypM3o=')
, (203, 'Ms.', 'Jea', 'NULL', 'Jorda', 'NULL', 'Separate Parts Corporatio', 'adventure-worksshu0', 'jean3@adventure-works.com', '207-555-0129', 'Fz+NYcaaq3h6DqGHlfln+rg8Acm2x1ZGxvEayxBvctA=', 'RqNfsHY=')
, (204, 'Mr.', 'Ido', 'NULL', 'Ben-Sachar', 'NULL', 'Traction Tire Company', 'adventure-workslinda3', 'ido0@adventure-works.com', '973-555-0112', 'miuh5Po0s3jNnKrMwmuROEApoKFRWumb1K1EMP0hGB0=', 'TLqFgK0=')
, (205, 'Mr.', 'Frank', 'NULL', 'Mart?nez', 'NULL', 'Rally Master Company Inc', 'adventure-worksshu0', 'frank5@adventure-works.com', '171-555-0147', 'om5PZqKM1Q45cWiYPIrXl/Aae/JkbppbhDiC35ExpI8=', '6YiQ2V8=')
, (208, 'Mr.', 'Steve', 'NULL', 'Masters', 'NULL', 'Professional Cyclists', 'adventure-worksjose1', 'steve2@adventure-works.com', '154-555-0115', 'yFi3yGOATh6SBDVcA2+76Fx57aewXlckixsLIK6rBQ8=', 'WWk6sxA=')
, (209, 'Mr.', 'Robert', 'E.', 'Jones', 'NULL', 'Purple Bicycle Company', 'adventure-worksjose1', 'robert6@adventure-works.com', '595-555-0131', 'P7kS2qmv24u6DHt3T4KoKJ6+3pJpWEoMKQZVPpaRlmo=', 'c0oPTcw=')
, (210, 'Mr.', 'Josh', 'NULL', 'Barnhill', 'NULL', 'Gasless Cycle Shop', 'adventure-worksgarrett1', 'josh0@adventure-works.com', '584-555-0192', 'bskaXdzyt3OUpHetBO/IcD+SDhG5EyMDjtlYBlgd5JM=', 'm3KdhOo=')
, (214, 'Ms.', 'Jennifer', 'J.', 'Maxham', 'NULL', 'Exclusive Bicycle Mart', 'adventure-worksjae0', 'jennifer1@adventure-works.com', '1 (11) 500 555-0175', '7Rt3EiYjLXevQHTKMCMAavZEDngeIlBpAJZwplBW0G0=', 'M6OjY4Y=')
, (217, 'Mr.', 'Chris', 'NULL', 'Maxwell', 'NULL', 'City Manufacturing', 'adventure-workspamela0', 'chris6@adventure-works.com', '642-555-0187', 'ixajZho2s3ev/ogNQ9FUe1TyfA9yX1aEVWDOy/mdUAU=', 'k3iiros=')
, (218, 'Mr.', 'David', 'NULL', 'Johnso', 'NULL', 'Sure & Reliable Sporting Goods', 'adventure-worksdavid8', 'david18@adventure-works.com', '476-555-0139', 'tw+fIchafvuaOuwyEXmlXbPr9Vt3EILylHlmwfm6Gig=', '0fgKxF4=')
, (219, 'Mr.', 'Bria', 'NULL', 'Johnso', 'NULL', 'Extras Sporting Goods', 'adventure-worksjillian0', 'brian6@adventure-works.com', '320-555-0134', 'TGnRB6vDbV0LZss8tA9iu637/34mcJWkD0Ux4xaza/k=', '2t9hMlk=')
, (220, 'Mr.', 'Robert', 'NULL', 'Brow', 'NULL', 'Best o'' Bikes', 'adventure-worksjillian0', 'robert5@adventure-works.com', '575-555-0189', 'WdS3xcgtqW4nnV7dyZ17PmiMPZ5vKs5whm3ANBVQ1sQ=', 'mQK+bIw=')
, (221, 'Ms.', 'Sandra', 'B.', 'Maynard', 'NULL', 'Bike Dealers Associatio', 'adventure-worksshu0', 'sandra4@adventure-works.com', '993-555-0179', 'iPjYe483dSgp0POtxsJVNCcegR3PdCK33L1Elr6F14w=', 'CqQEYuw=')
, (222, 'Mr.', 'Barry', 'NULL', 'Johnso', 'NULL', 'Sample Bike Store', 'adventure-workslinda3', 'barry1@adventure-works.com', '858-555-0140', 'lepgCpcuzDRNfqPaAgUacRzPVGGXHwiRm7wwJ4cNgBs=', 'lkPNcdI=')
, (223, 'Ms.', 'Joyce', 'NULL', 'Jarvis', 'NULL', 'Paints and Solvents Company', 'adventure-worksshu0', 'joyce0@adventure-works.com', '458-555-0179', 'HdGP+FhhGf8dYBcwT4pIsPs6mdixGxg1UVN0kMtW2Jk=', 'XdEyqf4=')
, (226, 'Ms.', 'Vance', 'P.', 'Johns', 'NULL', 'Leisure Activities', 'adventure-worksjose1', 'vance0@adventure-works.com', '103-555-0151', 'SjhcbJpcpaWw4QjUCmjWLcY825LVBVxAVlKUVRGVC/0=', 'Tb+oJnk=')
, (227, 'Ms.', 'Robi', 'M.', 'McGuiga', 'NULL', '"Health Spa, Limited"', 'adventure-worksjose1', 'robin0@adventure-works.com', '431-555-0153', 'fLh6z9dFddA6FLXlQVHhI5C9QbgD7gDHv63wFwwLzx8=', 'OtAJEtc=')
, (228, 'Ms.', 'Danielle', 'B.', 'Johnso', 'NULL', 'Home Town Bike Store', 'adventure-worksgarrett1', 'danielle1@adventure-works.com', '356-555-0190', 'b0w+/GVSsenvVoXksIyrBh+BGRKEIsId9aOsMDCOZi8=', 'W1IKTDo=')
, (232, 'Mr.', 'David', 'NULL', 'Jaffe', 'NULL', 'Exceptional Cycle Services', 'adventure-worksjae0', 'david17@adventure-works.com', '1 (11) 500 555-0140', 'FGdnPYTMqac/OnHuvpZH+gBqo30RCSqFL8kFsXLMOlI=', 'AnSCCJw=')
, (235, 'Ms.', 'Mary', 'NULL', 'Alexander', 'NULL', 'Certified Bicycle Supply', 'adventure-workspamela0', 'mary7@adventure-works.com', '344-555-0133', 'y0iroPvPC4eEspx+3ldDYTXprGyXnnCpLGd3uXHr/+A=', 'F1wnUPk=')
, (236, 'Ms.', 'Lola', 'M.', 'McCarthy', 'NULL', 'Closeout Boutique', 'adventure-worksdavid8', 'lola0@adventure-works.com', '173-555-0151', 'FA9j5YePslFGxxwINV2WNFLdtlbCtTK0YuF06zPc16Q=', 'ojfzrl4=')
, (237, 'Ms.', 'Mary', 'K.', 'Browning', 'NULL', 'Client Discount Store', 'adventure-worksjillian0', 'mary5@adventure-works.com', '658-555-0146', 'ChGbWjf0h+VNc991cHR4FwJMGxeHxuYSeKVPflcq7wc=', 'dt/JUB4=')
, (238, 'Ms.', 'Joda', 'M.', 'Jacobso', 'NULL', 'A Great Bicycle Company', 'adventure-worksjillian0', 'jodan0@adventure-works.com', '652-555-0189', 'PSKz4q56IqL3q9GPJjYwAKKz2sFtFqkN9n9dfiu1q+0=', 'F/sb/Xc=')
, (239, 'Ms.', 'Jane', 'A.', 'McCarty', 'NULL', 'Bicycle Merchandise Warehouse', 'adventure-worksshu0', 'jane3@adventure-works.com', '529-555-0195', 'ZoY0+khcW5IFNHszZdW3+g5b7xWZLakfBmLzPRGtfpI=', 'cpPYnNE=')
, (240, 'Mr.', 'Jessie', 'E.', 'Valerio', 'NULL', 'Wire Baskets and Parts', 'adventure-workslinda3', 'jessie0@adventure-works.com', '103-555-0179', '9EmEkovAOZzHdTYAXrsu3h3xgAvhMbHSs9Q8N+/CWao=', 'mgl/qso=')
, (241, 'Mr.', 'Eric', 'A.', 'Jacobse', 'NULL', 'Vale Riding Supplies', 'adventure-worksshu0', 'eric5@adventure-works.com', '703-555-0120', 'KONBZCeYvjn9uAVeRFeN0CzMQcKJjrofhFrGTXAscDI=', '3V8BWNc=')
, (244, 'Mr.', 'Bronso', 'R.', 'Jacobs', 'NULL', 'Retail Discount Store', 'adventure-worksjose1', 'bronson0@adventure-works.com', '697-555-0131', 'qD4cGE0DTDO7V/k6mu0nvfAt3rfbx4PQyYjp43hn+ik=', 'rLOroU0=')
, (245, 'Mr.', 'James', 'L.', 'McCoy', 'II', 'Leather Seat Factory', 'adventure-worksjose1', 'james12@adventure-works.com', '191-555-0151', '7fCBS9M7J3qJvmN3sgO/fbT2ap3vnYQ/k+fKjaHYP/0=', 'r9owTtw=')
, (246, 'Ms.', 'Esther', 'K.', 'Valle', 'NULL', 'Large Bike Shop', 'adventure-worksgarrett1', 'esther0@adventure-works.com', '481-555-0131', '70nGUIq7rO630L2/dv94XQ4HE2WWDpHISgy2OgtRANo=', 'HQA1TJE=')
, (250, 'Ms.', 'Denea', 'J.', 'Iso', 'NULL', 'Express Bike Services', 'adventure-worksjae0', 'denean0@adventure-works.com', '1 (11) 500 555-0127', 'RJeObGR0plv36VFq0yPWZGwFUAeTDIWG4sJppheOSaM=', 'mZ4Tbi0=')
, (253, 'Mr.', 'Erik', 'NULL', 'Ismert', 'NULL', 'Roving Sports', 'adventure-workspamela0', 'erik0@adventure-works.com', '116-555-0163', 'qH31PnQBwyUFQKdjw4bJmkw4mcqJUwRlENuk3bHLNx4=', 'xAk6xGo=')
, (254, 'Mr.', 'Robert', 'M.', 'Bernacchi', 'NULL', 'Safe Cycles Shop', 'adventure-worksdavid8', 'robert4@adventure-works.com', '449-555-0176', 'uNz2P7Jd7t3y2Neqi3NsRS7m0blEPSm/j3sOdXpJ7aw=', 'G5Du9Sw=')
, (255, 'Mr.', 'Sunil', 'NULL', 'Uppal', 'NULL', 'Swift Cycles', 'adventure-worksjillian0', 'sunil0@adventure-works.com', '184-555-0187', 'agm2RVYpEMjc+OpNxGG7gujHre5Wv8c+QcQgm6orG2I=', 'Yqlwc+g=')
, (256, 'Mr.', 'Richard', 'L.', 'Irwi', 'NULL', 'Rental Bikes', 'adventure-worksjillian0', 'richard4@adventure-works.com', '367-555-0124', 'h5MoUod8rV39hjm6vrOX+iiVre1Alla8UfBtwIodbOg=', 'B/Jr1SE=')
, (257, 'Mr.', 'Matthias', 'NULL', 'Berndt', 'NULL', 'Number 1 Supply', 'adventure-worksshu0', 'matthias1@adventure-works.com', '384-555-0169', 'PGmZaBbqtByrVs9jYLcigdjJ5O29jcKmsdbRwANU3WQ=', '6Mzfp8w=')
, (258, 'Mr.', 'Sairaj', 'NULL', 'Uddi', 'NULL', 'Quantity Discounts', 'adventure-workslinda3', 'sairaj1@adventure-works.com', '767-555-0193', 'S71ozp3yMBzUJk7fj4M8SRU+dElVKuXvieJDpDOvVv8=', 'iKVyEt4=')
, (259, 'Mr.', 'Lucio', 'NULL', 'Iallo', 'NULL', 'Highway Bike Shop', 'adventure-worksshu0', 'lucio0@adventure-works.com', '199-555-0135', 'YodKwREGttzzQZXSLkjMe6ipm+9hE2yzBmAYNlj3qKM=', '7hC00f0=')
, (262, 'Ms.', 'Beth', 'NULL', 'Inghram', 'NULL', 'General Industries', 'adventure-worksjose1', 'beth0@adventure-works.com', '718-555-0152', 'F+vY3tSf0ZDAiQakfFA7yxIP0M8ljrI5oYD1F1iZt4w=', 'H5fjp4Y=')
, (263, 'Mr.', 'Timothy', 'B.', 'Burnett', 'Jr.', 'Farthest Bike Store', 'adventure-worksjose1', 'timothy0@adventure-works.com', '251-555-0172', 'lYPMOabTmO7waFR155ZAm1jDwBg6VW2xrT6sZ1yxPio=', 'e8KtQ70=')
, (264, 'Ms.', 'Phyllis', 'B.', 'Tuffield', 'NULL', 'Fasteners & Bolts Outlet', 'adventure-worksgarrett1', 'phyllis3@adventure-works.com', '277-555-0182', '95PLNarmtKePNK2WYvZZ8U/arYSs9EJoBoh2P7GHCCs=', 'MLAW5PQ=')
, (268, 'Mr.', 'Richard', 'A.', 'Byham', 'NULL', 'Channel Outlet', 'adventure-worksjae0', 'richard2@adventure-works.com', '1 (11) 500 555-0138', 'adQ3TmZB28FhQvF2FntW1RInx5S+aOSvwpURQDLarr8=', 'KoBtEoU=')
, (271, 'Mr.', 'Jared', 'L.', 'Bustamante', 'NULL', 'Alternative Vehicles', 'adventure-workspamela0', 'jared0@adventure-works.com', '164-555-0147', 'HpDMv2bnK4/qDUMQn8+csux9vDdycGo7vFyJ5y4Vh/Q=', 'NbybY4k=')
, (272, 'Mr.', 'Henry', 'L.', 'Campe', 'NULL', 'Metro Cycle Shop', 'adventure-worksdavid8', 'henry0@adventure-works.com', '635-555-0126', 'sk3ylc8GdTAWxH2DM4cy8rLkoHXK7tIeMWUl3VNm+Bk=', '2NEGr8A=')
, (273, 'Ms.', 'Christie', 'J.', 'Trujillo', 'NULL', 'A Typical Bike Shop', 'adventure-worksjillian0', 'christie0@adventure-works.com', '686-555-0180', 'VWZMnmAlCwxvJOjzebXyjCeFgHg6VcKqDb6g/BJXULc=', '/tv9aHA=')
, (274, 'Ms.', 'Janet', 'J.', 'Gilliat', 'NULL', 'Active Systems', 'adventure-worksjillian0', 'janet2@adventure-works.com', '521-555-0183', 'TYrGU6N0naplzEIsTHgR53UnASh8dXOYxTYOdOrI6Fo=', 'k1FFTeE=')
, (275, 'Mr.', 'Chris', 'NULL', 'Canno', 'NULL', 'Outdoor Sporting Goods', 'adventure-worksshu0', 'chris5@adventure-works.com', '118-555-0131', 'RKimtgGoqQN8dj2KGy7mvo2DrpTK0yOpF9e6sgxyOTU=', 'LQWSses=')
, (276, 'Mr.', 'Michael Joh', 'R.', 'Troyer', 'NULL', 'Thrifty Parts and Sales', 'adventure-workslinda3', 'michaeljohn0@adventure-works.com', '308-555-0175', 'Gdklarx2tW1EtZEyrAUEIhhguzrFKVS4Bh3BdAsGngk=', 'HUE+JKI=')
, (277, 'Mr.', 'Guy', 'NULL', 'Gilbert', 'NULL', 'The Bicycle Accessories Company', 'adventure-worksshu0', 'guy0@adventure-works.com', '583-555-0198', 'YMhZzdS3NtxXPsz/PPksfdYWIvhuoemim9KoDsx20cg=', 'rQoQs38=')
, (280, 'Mr.', 'Frances', 'J.', 'Giglio', 'NULL', 'Standard Bikes', 'adventure-worksjose1', 'frances1@adventure-works.com', '692-555-0136', 'Vf9lyf+xKSbSXq9yAcMEF9niZm29wvPV9e9dU9sYQVc=', '6ansEQA=')
, (281, 'Ms.', 'Suzana De Abreu', 'A.', 'Canuto', 'NULL', 'Petroleum Products Distributors', 'adventure-worksjose1', 'suzanadeabreu0@adventure-works.com', '990-555-0141', 'aQhg/A43Nq3pqIBjcyPBvjQ7qXHAckVwm6FjAZCx0nc=', 'RpQyjlA=')
, (282, 'Mr.', 'Billy', 'J.', 'Trent', 'NULL', 'Quick Parts and Service', 'adventure-worksgarrett1', 'billy0@adventure-works.com', '882-555-0115', 'tSfXgpVAnQ6TL8XxnK0PMKR2Ngn49a0253VcVtcV6QQ=', 'V1n+9SQ=')
, (286, 'Mr.', 'Leo', 'NULL', 'Giakoumakis', 'NULL', 'Number One Bike Co.', 'adventure-worksjae0', 'leo0@adventure-works.com', '1 (11) 500 555-0169', 'x78xcW0FvKo3V2RvMGf37bcWhb50vMZ22IuaZcu+qmM=', 'abrUsFg=')
, (287, 'Mr.', 'Grant', 'NULL', 'Culbertso', 'NULL', 'Handy Bike Services', 'adventure-worksmichael9', 'grant1@adventure-works.com', '859-555-0173', 'nkkvhNgGMBN5JS2w3ewyvV4KCwrTMYC4+yoS/4hIUok=', 'fqDHYeo=')
, (288, 'Mr.', 'Robert', 'L.', 'Barker', 'NULL', 'Kickstand Sellers', 'adventure-worksmichael9', 'robert3@adventure-works.com', '241-555-0112', 'q8JpThg+EEoLRrvqBMW+Wa0RbFcCIfVIzYcGGELEOdk=', 'cdUS/K4=')
, (289, 'Ms.', 'Gabriel', 'L.', 'Bockenkamp', 'NULL', 'Moderately-Priced Bikes Store', 'adventure-workspamela0', 'gabriel0@adventure-works.com', '763-555-0145', 'hW0+tFeNNdvPsnKDuHc6OmH0bCdD2kCfpU6qVvIjdPs=', 'fjVy+G4=')
, (290, 'Mr.', 'Scott', 'NULL', 'Culp', 'NULL', 'Friendly Bike Shop', 'adventure-worksdavid8', 'scott3@adventure-works.com', '119-555-0167', 'Xf7AJHcry+LouddJR3dIGHjo8du8EO+214E81gPafj0=', 'rXx8clQ=')
, (291, 'Mr.', 'Wayne', 'N.', 'Banack', 'NULL', 'Grand Bicycle Stores', 'adventure-worksjillian0', 'wayne0@adventure-works.com', '640-555-0189', 'W6e3zjP9/VTWIVDfWOJ7/sdwfvSP0qPkcRJ1pTa249I=', 'mv8CSkM=')
, (292, 'Mr.', 'Michael', 'Greg', 'Blythe', 'NULL', 'Grease and Oil Products Company', 'adventure-worksjillian0', 'michael11@adventure-works.com', '126-555-0172', '5QCj8NIegcVaNIwAHhbulqzIKzgsgpVptbr8vMjvY9Q=', '8L4g3I4=')
, (293, 'Mr.', 'Conor', 'NULL', 'Cunningham', 'NULL', 'Fashionable Bikes and Accessories', 'adventure-worksshu0', 'conor0@adventure-works.com', '115-555-0113', '/yVQQacXlcqZVH6x20kKCxCJ+sP4EjmPQXwwwInfNH0=', 'vJ/AcXo=')
, (294, 'Mr.', 'Alberto', 'F.', 'Baltazar', 'NULL', 'Flawless Bike Shop', 'adventure-workslinda3', 'alberto0@adventure-works.com', '780-555-0114', '7Pu+s7FYZ9ERNs/++8Bd+aj1rUALff6EuUnG0Xi+5f8=', 'L1e3Y34=')
, (295, 'Mr.', 'Joseph', 'P.', 'Mitzner', 'Jr.', 'Engineered Bike Systems', 'adventure-worksshu0', 'joseph4@adventure-works.com', '129-555-0164', '7obarvC3BHLIE/oFo0n+bkB/EZ03Zc8Vu+F2jpK/CNM=', 'k6zgROU=')
, (298, 'Mr.', 'Robert', 'NULL', 'Mitosinka', 'NULL', 'City Cycling', 'adventure-worksjose1', 'robert10@adventure-works.com', '239-555-0198', 'vCVsOjGm0KyeirgUeD9DQYxoh13CXTJAA03IytWGrhs=', 'mQH+E8w=')
, (299, 'Mr.', 'Thierry', 'NULL', 'D''Hers', 'NULL', 'Citywide Service and Repair', 'adventure-worksjose1', 'thierry1@adventure-works.com', '680-555-0192', 'i+ukExAQLOnEpQFQLme/QYR8w6kME+/MdykXoSxwgFI=', 'FooiQMs=')
, (300, 'Mr.', 'Daniel', 'NULL', 'Blanco', 'NULL', 'Nice Bikes', 'adventure-worksgarrett1', 'daniel0@adventure-works.com', '221-555-0167', 'bnDkCXU7YCA05COiVJst0pMlaJtfAK0H8pgniBfLooM=', 'oOIbGSo=')
, (304, 'Ms.', 'Linda', 'NULL', 'Mitchell', 'NULL', 'Essential Bike Works', 'adventure-worksjae0', 'linda9@adventure-works.com', '1 (11) 500 555-0182', 'LJhS2DW9IscOBidp+dn6JWOa8axqqpEw2XIUiUMRKVM=', 'hrRF3s4=')
, (306, 'Mr.', 'Stephe', 'M.', 'Ayers', 'NULL', 'Work and Play Associatio', 'adventure-worksmichael9', 'stephen1@adventure-works.com', '818-555-0171', 'm79YsPy3BDp4/SUQsvNcbTQuyZxUGV9TuBeHcAHjZCk=', 'F0hRcQ8=')
, (307, 'Ms.', 'Neva', 'M.', 'Mitchell', 'NULL', 'Riding Associates', 'adventure-workspamela0', 'neva0@adventure-works.com', '992-555-0134', 'xUl8Ag905RQfEG81+mYFO378kfiUUFE0TsYSJ1+rU9I=', 'ru6E/qg=')
, (308, 'Ms.', 'Mega', 'N.', 'Davis', 'NULL', 'Rugged Bikes', 'adventure-worksdavid8', 'megan1@adventure-works.com', '839-555-0198', 'G6BHmDa5WKyDUTzHeOszC8XHrN8wPjUM76UTZb39tWc=', 'BNNUWH4=')
, (309, 'Mr.', 'Joh', 'NULL', 'Arthur', 'NULL', 'The Gear Store', 'adventure-worksjillian0', 'john6@adventure-works.com', '149-555-0113', 'AJwPH2IQhCHW77xtUnJh0G0EXqA11PsPLRRuSQK+K9U=', 'ZXH0EUg=')
, (310, 'Mr.', 'Frank', 'NULL', 'Miller', 'NULL', 'Orange Bicycle Company', 'adventure-worksjillian0', 'frank6@adventure-works.com', '118-555-0184', 'h7ho5pw1ypORUO13IMzogsDDW1C9bUTmGWsz06Xax8E=', 'n/q5ims=')
, (311, 'Sr.', 'Alvaro', 'NULL', 'De Matos Miranda Filho', 'NULL', 'Principal Bike Company', 'adventure-worksshu0', 'alvaro0@adventure-works.com', '551-555-0155', 'BrhebOErAX2tbZ1LZxAb8hwE96ZdIjikETxIsIKfpLw=', 'v5pJpw0=')
, (312, 'Mr.', 'Thomas', 'B.', 'Armstrong', 'Jr.', 'Resale Services', 'adventure-workslinda3', 'thomas1@adventure-works.com', '226-555-0146', '8ml/xroz0hroeUDl/KW2y2QlIIgHgygotLw0Md60cBY=', 'hXYQBis=')

, (313, 'Mr.', 'Dyla', 'NULL', 'Miller', 'NULL', 'Metropolitan Manufacturing', 'adventure-worksshu0', 'dylan1@adventure-works.com', '140-555-0192', 'kE/AZF2xtlVStSAI51sBwnA1CENgrWppF3qD5KxBdVE=', 'q1lJvKo=')
, (316, 'Mr.', 'Be', 'NULL', 'Miller', 'NULL', 'Low Price Cycles', 'adventure-worksjose1', 'ben1@adventure-works.com', '207-555-0167', 'd8+17xmtxYv0ovo+dfdJCIe7zpoChbE+X4f+gQrPU3A=', '6CMCzUQ=')
, (317, 'Mr.', 'Jacob', 'N.', 'Dea', 'NULL', 'Finer Riding Supplies', 'adventure-worksjose1', 'jacob0@adventure-works.com', '767-555-0151', 'afWrNdx+a97zBy+NoV2h3JgMyfVCLmD1FMz7OiwtBRQ=', 'KVVlFXY=')
, (318, 'Ms.', 'An', 'NULL', 'Beebe', 'NULL', 'First-Rate Outlet', 'adventure-worksgarrett1', 'ann0@adventure-works.com', '277-555-0169', 'l3pyVEyTaWqsF1xRfSXtR2CgCOfOXQCSumdlzqMKLxQ=', 'BX3pcB8=')
, (322, 'Mr.', 'Matthew', 'J.', 'Miller', 'NULL', 'Tachometers and Accessories', 'adventure-worksjae0', 'matthew5@adventure-works.com', '1 (11) 500 555-0176', '/hDOTbr9X/E4UE8H6wjOGHYZ6Gb8GDpmutPWgFTXQnc=', 'eiCRDs8=')
, (323, 'Mr.', 'Jo', 'NULL', 'Brow', 'NULL', 'Metro Bike Works', 'adventure-worksmichael9', 'jo2@adventure-works.com', '689-555-0130', 'KZaaqy2YCpxZaXM7rzYJyuNkw9w+wWoUaL5P6Jdyzpk=', 'T2lZOPo=')
, (325, 'Ms.', 'Virginia', 'L.', 'Miller', 'NULL', 'All Cycle Shop', 'adventure-workspamela0', 'virginia0@adventure-works.com', '918-555-0127', '2LMYXdm0nvmWcT+Md+NaYmfIPgdmP0R2PiRoynq7WCk=', 'GNkVrfA=')
, (326, 'Mr.', 'Scott', 'NULL', 'Gode', 'NULL', 'Year-Round Sports', 'adventure-worksdavid8', 'scott4@adventure-works.com', '164-555-0145', 'GkzDDuB6pTaET7MyM3Kpgh+sP0JyO6EvZnbS4ep3kEg=', '3CEircg=')
, (327, 'Ms.', 'Caroline', 'A.', 'Vicknair', 'NULL', 'World of Bikes', 'adventure-worksjillian0', 'caroline0@adventure-works.com', '695-555-0158', 'U1/CrPqSzwLTtwgBehfpIl7f1LHSFpZw1qnG1sMzFjo=', 'QhHP+y8=')
, (328, 'Mr.', 'Robert', 'R.', 'Vessa', 'NULL', 'Totes & Baskets Company', 'adventure-worksjillian0', 'robert13@adventure-works.com', '560-555-0171', 'UWGC2U8F7AUNA2FuiT4agrBoxAFskHGQSxqP39B7zLQ=', 'iES3IZA=')
, (329, 'NULL', 'Andreas', 'NULL', 'Berglund', 'NULL', '"Unicycles, Bicycles, and Tricycles"', 'adventure-worksshu0', 'andreas1@adventure-works.com', '795-555-0116', 'dGlOTb4tIwZCoQftB0K+7CHFl/ty6hYYq/X/T1Dq6k4=', '9ak86/4=')
, (330, 'Mr.', 'Mete', 'NULL', 'Goktepe', 'NULL', 'The New Bike Store', 'adventure-workslinda3', 'mete0@adventure-works.com', '637-555-0120', 'cIKsu790VaU1891IzLoO2agtT2vvaOXkL3puAV90Zro=', '7erbA0k=')
, (331, 'Ms.', 'Wanda', 'F.', 'Verno', 'NULL', 'Technical Parts Manufacturing', 'adventure-worksshu0', 'wanda0@adventure-works.com', '433-555-0168', 'hNQpZV8787KyeDWfllnZWzY+l8DFEYTnwoZZzYtusi0=', 'HDCU1Bk=')
, (334, 'Ms.', 'Dora', 'P.', 'Verdad', 'NULL', 'Retreat In', 'adventure-worksjose1', 'dora0@adventure-works.com', '155-555-0140', 'RgzxIE8hSY/z6iJnmDYMZWdJTQBRaWKI7UaZhAPhPxY=', 'jYD20wc=')
, (335, 'Mr.', 'Joh', 'M.', 'Berger', 'Jr.', 'Scratch-Resistant Finishes Company', 'adventure-worksjose1', 'john10@adventure-works.com', '156-555-0111', '0J6cl9Zhm+g4rbqJrvyshZWF72arbVNptT27ZL2QTMc=', '2Ugh6Q4=')
, (336, 'Mr.', 'Bria', 'R', 'Goldstei', 'NULL', 'Primary Bike Distributors', 'adventure-worksgarrett1', 'brian4@adventure-works.com', '495-555-0161', 'Pe7m3z2RtNe4D8mkkCKh3/WPMsONB78YR1Kip5zJwzs=', 'x4UseEA=')
, (340, 'Mr.', 'Raja', 'D.', 'Venugopal', 'NULL', 'Nearby Cycle Shop', 'adventure-worksjae0', 'raja0@adventure-works.com', '1 (11) 500 555-0195', 'lx5a4+AFGzH6mzjz6hpiR9scxbYGX8OcqFpv/cI6yFs=', 'hSwmBWk=')
, (343, 'Ms.', 'Patricia', 'M.', 'Vasquez', 'NULL', 'Mail-Order Outlet', 'adventure-workspamela0', 'patricia2@adventure-works.com', '490-555-0132', 'v0bxLRLRKYxwN8fiORyJkpXaYZpCRhgfNNkwQnylFrE=', 'WTZFkow=')
, (344, 'Ms.', 'Karre', 'K.', 'Burkhardt', 'NULL', 'Fifth Bike Store', 'adventure-worksdavid8', 'karren0@adventure-works.com', '652-555-0132', 'ho3bUU87fZAlity/45XvFPVE/DgEaLKvI+ZW1e56rnA=', 'x1JqF8M=')
, (345, 'Ms.', 'Abigail', 'J.', 'Gonzalez', 'NULL', 'Genial Bike Associates', 'adventure-worksjillian0', 'abigail0@adventure-works.com', '121-555-0139', 'h5QUx4zv/ilF+lJ6Pgsyd5OP92KaOJDXklOB6qbWskk=', 'kAdG4pM=')
, (346, 'Mr.', 'Ranjit', 'Rudra', 'Varkey Chudukatil', 'NULL', 'Great Bicycle Supply', 'adventure-worksjillian0', 'ranjit1@adventure-works.com', '810-555-0160', 'VTpXtJAiSxeJraHh5mkwwAsGYMllZYzsOBpb2cu8rrQ=', 'FNe76Vk=')
, (347, 'Ms.', 'Ingrid', 'K.', 'Burkhardt', 'NULL', 'Bike Universe', 'adventure-worksshu0', 'ingrid0@adventure-works.com', '857-555-0187', 'cvCHW2+xxa0C0SWtoYyn83PAIn6qI39SbK+kOK+gUGI=', '6QL/f9s=')
, (348, 'Mr.', 'Oscar', 'L.', 'Alpuerto', 'NULL', 'Bold Bike Accessories', 'adventure-workslinda3', 'oscar0@adventure-works.com', '855-555-0174', 'P1Osji8Ez9uYQCzuZXjnutazXvhAlWDRLjCcTcJb/Ug=', 'CGYtmQ4=')
, (349, 'Mr.', 'Gary', 'T', 'Vargas', 'NULL', 'Exercise Center', 'adventure-worksshu0', 'gary6@adventure-works.com', '112-555-0176', 'WH8bTbYkazE9T0ktiZYIAYDdJXsvjr2zbLiT3gxR6zk=', 'Zkv5OCw=')
, (352, 'Mr.', 'Shane', 'S.', 'Kim', 'NULL', 'Twelfth Bike Store', 'adventure-worksjose1', 'shane2@adventure-works.com', '155-555-0149', 'XRbPUzkzKesTrEzvftw5uMTagaFkYgTZJJlBScNp0hc=', '4YXPsTU=')
, (353, 'Ms.', 'Joa', 'M.', 'Campbell', 'NULL', 'Two-Wheeled Transit Company', 'adventure-worksjose1', 'joan0@adventure-works.com', '700-555-0155', 'hKb4COq5+4SAW8APMfmPmILk4cdhwtpjpD7Yx8xcx9U=', 'eVaIdvY=')
, (354, 'Mr.', 'Maxwell', 'J.', 'Amland', 'NULL', 'Serious Cycles', 'adventure-worksgarrett1', 'maxwell0@adventure-works.com', '614-555-0134', '8/5CuOyL4qEu4tD2KEd4x1h5OahPfcmZg9L7+F0ATDI=', 'qoGU2YA=')
, (358, 'Mr.', 'Joe', 'NULL', 'Kim', 'NULL', 'Mail Market', 'adventure-worksjae0', 'joe1@adventure-works.com', '1 (11) 500 555-0144', '/1zuZO01NBBN+zaoVVHAp+srLdfFp0nBmPrSBGPulOc=', 'jMsXQbs=')
, (360, 'Ms.', 'Ramona', 'J.', 'Antrim', 'NULL', 'Novelty Bikes', 'adventure-worksmichael9', 'ramona0@adventure-works.com', '327-555-0148', 'CkSWR0RMQArXpZJnpZgCnzSPuw3PUh/1jTmWPcrjYyM=', '7xa5oqo=')
, (361, 'Ms.', 'Kara', 'NULL', 'Khanna', 'NULL', 'Fitness Supplies', 'adventure-workspamela0', 'karan1@adventure-works.com', '390-555-0150', 'KQnTVrF88pDtzAwfV+7dDpsvf4FFaBRltsryZggImmI=', 'jZhDom8=')
, (362, 'Ms.', 'Sharo', 'A.', 'Crow', 'NULL', 'Grand Cycle Store', 'adventure-worksdavid8', 'sharon1@adventure-works.com', '889-555-0176', 'u9lXZ1SCNDVCKj0H19LBkxxmWQr7JPXmZP2LU5LZIec=', 'xUz/uts=')
, (363, 'Mr.', 'Chris', 'NULL', 'Ashto', 'NULL', 'Immense Manufacturing Company', 'adventure-worksjillian0', 'chris3@adventure-works.com', '556-555-0145', 'wGKQ72A4aSsDe2tQKUY1T1o0i/AO69PqKcMSFIponoQ=', '3VRtZxg=')
, (364, 'Mr.', 'Imtiaz', 'NULL', 'Kha', 'NULL', 'District Mall', 'adventure-worksjillian0', 'imtiaz0@adventure-works.com', '249-555-0179', 'NiUsCVv2EYAYfE2mK4VPPDgV7BXgOR4eQ4yVOvsOG1A=', 'Cdwoi3o=')
, (365, 'Mr.', 'Jack', 'NULL', 'Creasey', 'NULL', 'Distinctive Store', 'adventure-worksshu0', 'jack2@adventure-works.com', '539-555-0182', 'ao0Wb4hq67DVVcZYX2vO/mOgiZoTtJMBJzi4/wt8mrE=', '7wlaV4Y=')
, (366, 'Ms.', 'Teresa', 'NULL', 'Atkinso', 'NULL', 'Extended Bike Sales', 'adventure-workslinda3', 'teresa0@adventure-works.com', '129-555-0110', 't+VbX7JvYz3GISo+HPpubYQr00RQKJLNqOx1dQdMKCc=', 'bwG1Wck=')
, (367, 'Ms.', 'Tammy', 'J.', 'Kha', 'NULL', 'Brown Bicycle Company', 'adventure-worksshu0', 'tammy0@adventure-works.com', '145-555-0166', 'NTtGPrBoJXekEg2D/ryHHVYGX/fuL0VeSrhQjzykBiQ=', '3D0YsUM=')
, (370, 'Ms.', 'Elizabeth', 'NULL', 'Keyser', 'NULL', 'Acceptable Sales & Service', 'adventure-worksjose1', 'elizabeth2@adventure-works.com', '656-555-0173', 'gD2lOrxAy3p4xvTGUYnECk5ROZd03OslvHCY+XDxQwI=', '/P0XMaQ=')
, (371, 'Mr.', 'Bruno', 'NULL', 'Costa Da Silva', 'NULL', 'Custom Sales and Service', 'adventure-worksjose1', 'bruno0@adventure-works.com', '140-555-0143', 'iaQDSUY3hGgPoKQBMqMHb4jSlVLSNnjgd2j2jsX9rJs=', 'MY+7QbE=')
, (372, 'Ms.', 'Katherine', 'K.', 'Swa', 'NULL', 'Top Bike Market', 'adventure-worksgarrett1', 'katherine1@adventure-works.com', '421-555-0192', 'KP0aM3OevdwcZrEJTRWtCuCiSKfiPhktKN5FqHTnYhM=', 'yv8Jhf8=')
, (376, 'Ms.', 'Mary', 'R.', 'Kesslep', 'NULL', 'Commerce Bicycle Specialists', 'adventure-worksjae0', 'mary8@adventure-works.com', '1 (11) 500 555-0146', '7OO7XsLMZcOhwoxw8KRfz/SjxQ3qCIVQqjRMtpyV/EY=', 'J1cVbE8=')
, (377, 'Mr.', 'Marli', 'M.', 'Coriell', 'NULL', 'Grand Sport Boutique', 'adventure-worksmichael9', 'marlin0@adventure-works.com', '941-555-0155', 'mWVOfXPZkIFZzQA0Ilekhl49LfhS31vdOtYEmBKSIkk=', 'FSkdXTM=')
, (379, 'Mr.', 'Kevi', 'NULL', 'Kennedy', 'NULL', 'Fad Outlet', 'adventure-workspamela0', 'kevin4@adventure-works.com', '275-555-0179', 'FI+QpFgzPmmfZMk6bavb0AtoPMvD4CZ/+wGuwYgso3g=', 'B+59kWs=')
, (380, 'Ms.', 'Eva', 'NULL', 'Corets', 'NULL', 'First Department Stores', 'adventure-worksdavid8', 'eva0@adventure-works.com', '542-555-0164', 'vcqabvDo1Fnle8WElVwwEwNwCGZKfSJvDCUVyps/SuQ=', 'gF7bPbY=')
, (381, 'Ms.', 'Julie', 'NULL', 'Taft-Rider', 'NULL', 'Bicycle Lines Distributors', 'adventure-worksjillian0', 'julie1@adventure-works.com', '145-555-0194', 'BQF73YAE2cFDpeWDP0v7uA0/ZGhGgw1xxiMQqe74r7I=', '6ZebGOE=')
, (382, 'Mr.', 'Robert', 'NULL', 'Kelly', 'NULL', 'Beneficial Exercises and Activities', 'adventure-worksjillian0', 'robert7@adventure-works.com', '510-555-0123', 'JM8Jl1msELWEL8AlgkQ/cej3rlO0TFq13PfmQ/bHakM=', 'OLqP9tg=')
, (383, 'Mr.', 'Scott', 'NULL', 'Cooper', 'NULL', 'Vehicle Shop', 'adventure-worksshu0', 'scott2@adventure-works.com', '773-555-0182', 'BEePqLIHwU7zsFCJQcHQ8OGm8nkvUlj8YPFAT/teYOc=', '+v0uddA=')
, (384, 'Mr.', 'Clarence', 'R.', 'Tatma', 'NULL', 'Sparkling Paint and Finishes', 'adventure-workslinda3', 'clarence0@adventure-works.com', '787-555-0128', '266JCMNzG3Y2YOZOElwlwmjuO9HTi1S0zbkD7zdQ03g=', 'kCUx/bc=')
, (385, 'Mr.', 'Joh', 'NULL', 'Kelly', 'NULL', 'Sturdy Toys', 'adventure-worksshu0', 'john22@adventure-works.com', '330-555-0116', 'tYV64ygQjda9WaWGc8CfVwqOiTHscX15aCHq9OPvjkw=', 'a2bt7rI=')
, (388, 'Mr.', 'Victor', 'A.', 'Kelley', 'NULL', 'Road Way Sales and Rental', 'adventure-worksjose1', 'victor0@adventure-works.com', '112-555-0195', 'Mm7GafEB1oHJXept9uxIAGnsc2jKRzr0UgDRANPqAsI=', 'j/3FTKs=')
, (389, 'Ms.', 'Dorothy', 'J.', 'Contreras', 'NULL', 'Sixth Bike Store', 'adventure-worksjose1', 'dorothy0@adventure-works.com', '428-555-0176', 'NEJS/vq9oswLdLNa4VH0fbwb+fgxDYIHg2hPP1fn7t4=', 'lnEeim8=')
, (390, 'Mr.', 'Mike', 'M.', 'Taylor', 'NULL', 'Plastic Parts Company', 'adventure-worksgarrett1', 'mike6@adventure-works.com', '204-555-0189', '3/sdWTV1ScxayLuSf0nc6Wbyci2VcabsIBhV/KlQyZ0=', 'abgBRtE=')
, (394, 'Ms.', 'Bonnie', 'NULL', 'Kearney', 'NULL', 'Little Sports Center', 'adventure-worksjae0', 'bonnie1@adventure-works.com', '1 (11) 500 555-0116', 'UUjDa8Zdc4Zz63sgzUXpnW3zOJwJZoBuQjoNvF2FVs0=', 'SNjG3l0=')
, (395, 'Ms.', 'June', 'B.', 'Brunner', 'NULL', 'Online Bike Sellers', 'adventure-worksmichael9', 'june0@adventure-works.com', '249-555-0172', 'V74x3qYKzA71fWSI3y7gFD552b65vQ+acGzI6wdBsQ4=', 'hY2Xf6o=')
, (397, 'Mr.', 'Sandeep', 'NULL', 'Katyal', 'NULL', 'Capable Sales and Service', 'adventure-workspamela0', 'sandeep2@adventure-works.com', '928-555-0117', 'EAI1ECvxzm9o9MbS8sPVK9QqTkerK/+KO5Wt6escxwY=', '7xO2UQE=')
, (398, 'Ms.', 'Shirley', 'R.', 'Bruner', 'NULL', 'Commendable Bikes', 'adventure-worksdavid8', 'shirley0@adventure-works.com', '383-555-0155', 'haGTwCpR1pahJRX/490ASvk+bkWOZv828Z8Krd0XO50=', 'Jmtgb40=')
, (399, 'Mr.', 'Chad', 'J.', 'Tedford', 'NULL', 'Big Cycle Mall', 'adventure-worksjillian0', 'chad1@adventure-works.com', '588-555-0128', 'SnOacRNEqi3s4ywOGFR5MLNghukZ/0bEg9u6LbvzOOE=', '+apUSQU=')
, (400, 'Mr.', 'Peter', 'NULL', 'Housto', 'NULL', 'Local Sales and Rental', 'adventure-worksjillian0', 'peter3@adventure-works.com', '632-555-0171', 'NmON5fxy8YJbaxIrc6lSHicKQ9t/hBGfB1lwcWOr+xc=', 'Q5WaAeA=')
, (401, 'Mr.', 'Tom', 'H', 'Johnsto', 'NULL', 'Brightwork Company', 'adventure-worksshu0', 'tom1@adventure-works.com', '883-555-0177', 'WonAzK7XRDoFn66D6qVMzma60dA96LHtk2lz7a28mI4=', '0lp7vWg=')
, (402, 'Ms.', 'Maria', 'M.', 'Berch', 'NULL', 'Pro Sporting Goods', 'adventure-workslinda3', 'marian0@adventure-works.com', '640-555-0198', 'xvClDu5JJr01TcnxmN1vuMKxvRmlPKIxxZHZVEPs8bk=', '5qLSJhI=')
, (403, 'Ms.', 'Juanita', 'J.', 'Holma', 'NULL', 'Affordable Sports Equipment', 'adventure-worksshu0', 'juanita0@adventure-works.com', '996-555-0196', 'aJNRDB5SUe0Z3cvfmFqrv/H8fOL9ZoIJhk2iqtM/244=', 'RvrCF5g=')
, (406, 'Mr.', 'Eddie', 'M.', 'Holmes', 'NULL', 'The Commissary', 'adventure-worksjose1', 'eddie0@adventure-works.com', '570-555-0199', 'ClF4Z2L4qQo1wgDJduU5/gxrvxuwBxlzP75SHI50bGM=', 'S111y4k=')
, (407, 'Mr.', 'Robert', 'A.', 'Avalos', 'NULL', 'Workout Emporium', 'adventure-worksjose1', 'robert2@adventure-works.com', '665-555-0198', 'V09BZHvbhAXD4fluXDexe9/89mGNsFPrGa/5NMiJBRU=', '3lDpoDs=')
, (408, 'Mr.', 'Alexander', 'J.', 'Berger', 'II', 'Odometers and Accessories Company', 'adventure-worksgarrett1', 'alexander0@adventure-works.com', '519-555-0151', 'xGCe2CsXuZvX8e6v4sTb/+XoU+4gWDQEnJADwhDsrhg=', 'ns1gQU4=')
, (412, 'Ms.', 'Jea', 'J.', 'Holloway', 'NULL', 'Leisure Clearing House', 'adventure-worksjae0', 'jean2@adventure-works.com', '1 (11) 500 555-0181', 'Hx2n4MFm10Hr0PL/j104QJK1WuHogx9N0H2U16PqpeM=', 'v8LsuAE=')
, (415, 'Mr.', 'Greg', 'NULL', 'Chapma', 'NULL', 'Imaginary Toys', 'adventure-workspamela0', 'greg1@adventure-works.com', '708-555-0169', 'O4klT8SXfYnT7o3qMpvaJ2lqs00qG6/UsfyahQihxFU=', 'Ze2j4rQ=')
, (416, 'Ms.', 'Angela', 'NULL', 'Barbariol', 'NULL', 'Impromptu Trips', 'adventure-worksdavid8', 'angela1@adventure-works.com', '134-555-0182', 'dT+8gAkuDqXAvfiIcTsiHoTPkfgs4bJuTILNGQjjc0g=', 'aKMOOAA=')
, (417, 'Ms.', 'Ruth', 'A.', 'Choi', 'NULL', 'Genuine Bike Shop', 'adventure-worksjillian0', 'ruth1@adventure-works.com', '273-555-0181', 'ZJ2widMDceVmN30pfgwzpo2Z53AGVrr2LIlFccG4KEc=', 'BuagBic=')
, (418, 'Mr.', 'Lee', 'J.', 'Chapla', 'NULL', 'Good Bike Shop', 'adventure-worksjillian0', 'lee0@adventure-works.com', '223-555-0184', 'yRB9ce1nhQby11wW4ZjaqdAHLcagnHeelEySfrDOivk=', 'af0s25U=')
, (419, 'Mr.', 'Darrell', 'M.', 'Banks', 'NULL', 'Exertion Activities Club', 'adventure-worksshu0', 'darrell0@adventure-works.com', '816-555-0118', 'GVYXCGfsj47VsZUEhhRmXnl3+57f28vVF3wGHfli7oU=', 'p9JC+Qs=')
, (420, 'Mr.', 'Anthony', 'NULL', 'Chor', 'NULL', 'Extreme Riding Supplies', 'adventure-workslinda3', 'anthony0@adventure-works.com', '429-555-0145', '8C7859RNaDWPJkDaaxgaJaZPSf7ikFyFa//RYOz0aPo=', 'tAAs8Fk=')
, (421, 'Mr.', 'Forrest', 'J.', 'Chandler', 'NULL', 'Fitness Cycling', 'adventure-worksshu0', 'forrest0@adventure-works.com', '448-555-0179', 'QHqQuKTbipj1cJzbCkCMH+zQGE09jtToYi9uy0cv77E=', 'KOGA0IE=')
, (424, 'Mr.', 'Eli', 'NULL', 'Bowe', 'NULL', 'Bikes for Two', 'adventure-worksjose1', 'eli0@adventure-works.com', '371-555-0143', 'lQBr+SJMfQdHmj/GHgx+x1PKMKtwLGbiInwVTo+4Qfo=', '7P8PxcQ=')
, (425, 'Mr.', 'Stephe', 'Yua', 'Jiang', 'NULL', 'Bikes for Kids and Adults', 'adventure-worksjose1', 'stephen3@adventure-works.com', '910-555-0116', 'SqD2biQr39fo9zJnjNrYH0b9Ww+jQyq4h+t6vSz0/4M=', '8fDglPw=')
, (426, 'Mr.', 'Dirk', 'J.', 'Bruno', 'NULL', 'Custom Accessories Company', 'adventure-worksgarrett1', 'dirk0@adventure-works.com', '817-555-0114', 'XaEqG3bH0NhFTn8IBCk4SidcF444Tnvqqr5UjGUiN7E=', 'DblcZuo=')
, (430, 'Sr.', 'Gustavo', 'NULL', 'Camargo', 'NULL', 'Uttermost Bike Shop', 'adventure-worksjae0', 'gustavo1@adventure-works.com', '1 (11) 500 555-0118', '+hCthjbuE+VctSZXuurfmfusjXPrneMHQFQLVjTsnuE=', 'fS7eEaQ=')
, (431, 'Mr.', 'Douglas', 'A.', 'Baldwi', 'Jr.', 'Small Cycle Store', 'adventure-worksmichael9', 'douglas1@adventure-works.com', '583-555-0130', '9lHdXDAUHUKcA9bEprsps9C8mGNyVVPQ36yJe1BxrWw=', 'TmbNGeI=')
, (433, 'Ms.', 'Lindsey', 'R.', 'Camacho', 'NULL', 'Thorough Parts and Repair Services', 'adventure-workspamela0', 'lindsey0@adventure-works.com', '827-555-0143', '6puEloqDRSg8AhINyUQ7qORZUS5CON8jUaFikiprWVo=', 'bhH3VWU=')
, (434, 'Mr.', 'James', 'B.', 'Bailey', 'Jr.', 'Road-Way Mart', 'adventure-worksdavid8', 'james3@adventure-works.com', '234-555-0112', 'ZRFnYyY0jR0KxF7thOVIbZAFk+RsH+WO0kvZDRTup2Y=', '4TnK5Fo=')
, (435, 'Ms.', 'Carol', 'B.', 'Elliott', 'NULL', 'Satin Finish Company', 'adventure-worksjillian0', 'carol2@adventure-works.com', '847-555-0151', 'TIOaZdFb/aFk03gncvEijaflLdTkxJfJnFJXXZdBDds=', 'PavVqD4=')
, (436, 'Ms.', 'Barbara', 'J.', 'Calone', 'NULL', 'Sheet Metal Manufacturing', 'adventure-worksjillian0', 'barbara2@adventure-works.com', '145-555-0152', 'W+klFtJ6V2H2UQK1pJdYy2MEbai2eYSHD0QGx02rFw8=', '8iuXJ0k=')
, (437, 'Ms.', 'Mega', 'E.', 'Burke', 'NULL', 'Professional Cycle Store', 'adventure-worksshu0', 'megan0@adventure-works.com', '148-555-0149', '/96oQfFuq06DWi8P5TZqIU/tF2E/GKRMliIjGRWKRDE=', '9P3dKrM=')
, (438, 'Mr.', 'Cory', 'K.', 'Booth', 'NULL', 'Remarkable Bike Store', 'adventure-workslinda3', 'cory0@adventure-works.com', '121-555-0157', 'OfvFj11NFlpVFhEacTp7Nw+8EqwxHKIv9aJ+2ZgcUMI=', 'XaJdIYM=')
, (439, 'Ms.', 'Shanno', 'P.', 'Elliott', 'NULL', 'Regional Manufacturing', 'adventure-worksshu0', 'shannon0@adventure-works.com', '425-555-0158', 'GgQkc8evqVQZvWwqG9L+QxrK0lzeuCIX4JIe535eQ8Y=', '2HvuG3I=')
, (442, 'Ms.', 'Jauna', 'E.', 'Elso', 'NULL', 'Original Bicycle Supply Company', 'adventure-worksjose1', 'jauna0@adventure-works.com', '185-555-0190', 'CkyI2hpILZNVv06ClZJ5hmNstcWHJxU+3sqIAEO7AbM=', 'bsrg3KE=')
, (443, 'Sra.', 'Janaina Barreiro Gambaro', 'NULL', 'Bueno', 'NULL', 'Courteous Bicycle Specialists', 'adventure-worksjose1', 'janainabarreirogambaro0@adventure-works.com', '476-555-0184', 'VC5UG8CPRifGAgItWSWIpplMzshRj9HJwWt6KBvEFk0=', 'aNoO9K0=')
, (444, 'Mr.', 'Shau', 'NULL', 'Beasley', 'NULL', 'Finer Cycle Shop', 'adventure-worksgarrett1', 'shaun0@adventure-works.com', '396-555-0187', 'zrx5RFbPSu5mxzlRdxbDIH2wSdDS9S9OvSavFh1QHUA=', 'XjtM78E=')
, (448, 'Mr.', 'Terry', 'NULL', 'Eminhizer', 'NULL', 'Action Bicycle Specialists', 'adventure-worksjae0', 'terry1@adventure-works.com', '1 (11) 500 555-0176', 'y8RaWYkfTrcpFEipLXAyKC2pL8AJgQhpW2mOmZ8sqF4=', 'vx5Ko/Q=')
, (451, 'Mr.', 'Joh', 'NULL', 'Emory', 'NULL', 'Roadway Bike Emporium', 'adventure-workspamela0', 'john16@adventure-works.com', '691-555-0149', 'EXyX+Acbgfz6Y4iZ9KNW4TsmchGMdgjtJqmn+Xu2Mws=', '/4/gh8A=')
, (452, 'Ms.', 'Olga', 'J.', 'Trau', 'NULL', 'A Cycle Shop', 'adventure-worksdavid8', 'olga0@adventure-works.com', '398-555-0167', 'PqP7JYEV7uwp4lhZS0eq3xGVazdcCgdpMFK082MmyiE=', '4blcnbQ=')
, (453, 'Mr.', 'Jo', 'NULL', 'Ganio', 'NULL', 'Unique Bikes', 'adventure-worksjillian0', 'jon0@adventure-works.com', '672-555-0112', 'bWjEPINRmvLEbxP7M/s7AJTqpJenlAkq34rNVCEXqpc=', '+Yo0P+0=')
, (454, 'Ms.', 'Gail', 'NULL', 'Erickso', 'NULL', 'Sleek Bikes', 'adventure-worksjillian0', 'gail1@adventure-works.com', '834-555-0132', 'yV4p9H28cp19QO/bcSjLxZFYAs22W5SR9HnmTXUEWkM=', 'qUowBt4=')
, (455, 'Mr.', 'James', 'R.', 'Tra', 'NULL', 'Timely Shipping Service', 'adventure-worksshu0', 'james15@adventure-works.com', '740-555-0159', 'a+hmmVFjNsedclcbOwkz48GUza0wrQc51JPBj3JdaBM=', 'X1REDgI=')
, (456, 'Mr.', 'Michael', 'NULL', 'Galos', 'NULL', 'Riding Excursions', 'adventure-workslinda3', 'michael15@adventure-works.com', '912-555-0149', 'Wwwn13Huxc1/wSvPmlYH5pXoqz1XUDSzAdavDQcyTKk=', 'x+UpoXE=')
, (457, 'Mr.', 'Mark', 'B', 'Erickso', 'NULL', 'Retail Sporting Equipment', 'adventure-worksshu0', 'mark2@adventure-works.com', '962-555-0112', 'pDvvWVr112kWGzoRmRsd4CgPPnyLtAEQGoYHe7Q65PM=', 'zYqZHNo=')
, (460, 'Ms.', 'Martha', 'R.', 'Espinoza', 'NULL', 'Price-Cutter Discount Bikes', 'adventure-worksjose1', 'martha0@adventure-works.com', '753-555-0179', 'pGBoWobCmo+yyzVgDnZL5z3fgTKLorCbJuofCkwniGs=', 'ZFXGiMU=')
, (461, 'Mr.', 'Glen', 'J.', 'Track', 'II', 'Active Life Toys', 'adventure-worksjose1', 'glenn0@adventure-works.com', '907-555-0170', 'ZLp7yG5TYPKeQ7F+bE+OAdM4Z6HzU3EWjyk8211nuP8=', 'Vuzh1IE=')
, (462, 'Mr.', 'Bob', 'NULL', 'Gage', 'NULL', 'General Riding Supplies', 'adventure-worksgarrett1', 'bob1@adventure-works.com', '962-555-0175', 'SeCchhGjoFaNiCwjURJ30XSE9lKCbSxUL9tDtRrg1FU=', 'hZbeVTs=')
, (466, 'Sra.', 'Janeth', 'NULL', 'Esteves', 'NULL', 'Central Bicycle Specialists', 'adventure-worksjae0', 'janeth1@adventure-works.com', '1 (11) 500 555-0136', 'X1Y5qQtF/cCa0JcWV87/0KfmpSje5R9/RdWM+fyB7Go=', '+iF/Sqs=')
, (468, 'Mr.', 'Paul', 'J.', 'Fulto', 'NULL', 'Blue Bicycle Company', 'adventure-worksmichael9', 'paul3@adventure-works.com', '492-555-0146', 'kdhlX1CwoRb+G+IbaNr94q5wH+aDau5he+dsV5sbuXw=', 'HfBhcWQ=')
, (469, 'Ms.', 'Twanna', 'R.', 'Evans', 'NULL', 'Vast Bike Sales and Rental', 'adventure-workspamela0', 'twanna0@adventure-works.com', '554-555-0124', '357SDpcamaYl8SbrrrNR4GmwYLlfdnZvJy645g6uNIw=', '5hdHSeE=')

, (470, 'Ms.', 'Delia', 'B.', 'Toone', 'NULL', 'Wingtip Toys', 'adventure-worksdavid8', 'delia0@adventure-works.com', '328-555-0192', 'UnSgG1XBHKmwMxg5VTpybLrsNrIqNTu91vgwbUeI10o=', 'k8iQbOY=')
, (471, 'Mr.', 'Joh', 'NULL', 'Ford', 'NULL', 'Social Activities Club', 'adventure-worksjillian0', 'john19@adventure-works.com', '596-555-0153', 'Uu7MYSoXZONPT3nnOss6MamCI0JtQpdQ0lHxfbTXg2s=', 'MFN+Ar8=')
, (472, 'Ms.', 'An', 'R.', 'Evans', 'NULL', 'Summer Sports Place', 'adventure-worksjillian0', 'ann1@adventure-works.com', '252-555-0127', 'DLW2IAbnBTdpl45F2NtNmotuCcasAhlznF/e4eBbffs=', 'r8MY8Co=')
, (473, 'Ms.', 'Kay', 'E.', 'Krane', 'NULL', 'Racing Toys', 'adventure-worksshu0', 'kay0@adventure-works.com', '731-555-0187', 'GEdCYauvHekFxYpM0bYn4e0ipp8SY+vTyO9aqudo25Y=', 'hvfA+Y0=')
, (474, 'Mr.', 'Mihail', 'NULL', 'Frintu', 'NULL', 'Retail Cycle Shop', 'adventure-workslinda3', 'mihail1@adventure-works.com', '777-555-0163', '0drckP/Xt0FMU29UWCYFp/wxtTBNd5PxmzaxMM5VKYc=', 'hxyAApA=')
, (475, 'Mr.', 'Joh', 'NULL', 'Evans', 'NULL', 'Real Sporting Goods', 'adventure-worksshu0', 'john17@adventure-works.com', '581-555-0172', 'zI7V47DGDDCr+5PUQzccWY8u8MazpHxzT0wB13+8m50=', 'Pz84Lbs=')
, (478, 'Ms.', 'Ruby Sue', 'R.', 'Styles', 'NULL', 'Major Cycling', 'adventure-worksjose1', 'rubysue0@adventure-works.com', '512-555-0122', 'y5SdWw1VGzybXaHVXTc7TQTKtr6N54cV+htK8Ehcr+E=', 'H8DZOb4=')
, (479, 'Ms.', 'Lori', 'NULL', 'Kane', 'NULL', 'General Supplies', 'adventure-worksjose1', 'lori2@adventure-works.com', '765-555-0141', 'AI+KoUdA4XQcOZdVLM5fW573x+opUHDHSXxhPuylCL4=', 's0Fgpmc=')
, (480, 'Ms.', 'Susa', 'E.', 'French', 'NULL', 'General Bike Corporatio', 'adventure-worksgarrett1', 'susan3@adventure-works.com', '994-555-0194', 'bdpqUxwvIpfkW2ApgaplNkwQ17fOA3rjtmM6B9f2qYE=', 'MO+/tX0=')
, (484, 'Mr.', 'Gary', 'J.', 'Suess', 'NULL', 'Downhill Bicycle Specialists', 'adventure-worksjae0', 'gary5@adventure-works.com', '1 (11) 500 555-0199', 'vQKhd203Tno3eBvyJW+nSrZ8E387QlZFJA7DcRyrcoI=', 'n/cr6qs=')
, (487, 'Ms.', 'Ruth', 'J.', 'Suffi', 'NULL', 'Bike Experts', 'adventure-workspamela0', 'ruth2@adventure-works.com', '924-555-0195', 'miUYjqbbeA6G0zx3zN+MFegYwr7MIqFBLBIHbcxnRhA=', 'H30Eu1I=')
, (488, 'Ms.', 'Margaret', 'J.', 'Smith', 'NULL', 'Bicycle Accessories and Kits', 'adventure-worksdavid8', 'margaret0@adventure-works.com', '959-555-0151', '3cd7qJyW8ZTgRdwOO9nLYDZg2EM6lehJe/nqKlKKcPY=', 'i2U3DxA=')
, (489, 'Ms.', 'Dorothy', 'J.', 'Fox', 'NULL', 'Cash & Carry Bikes', 'adventure-worksjillian0', 'dorothy1@adventure-works.com', '191-555-0198', 's7Q4rdzaHWhqJHdZ05GB5VHh1eeVXQopPtyTvqSdehM=', 'GQqIg64=')
, (490, 'Ms.', 'Elizabeth', 'J.', 'Sulliva', 'NULL', 'Extraordinary Bike Works', 'adventure-worksjillian0', 'elizabeth4@adventure-works.com', '306-555-0112', 'AURzT7TRCKKvm0AKkEPIhSIpt/3cDoZ1UtFixmM/7MU=', 't31Ri34=')
, (491, 'Ms.', 'Frances', 'B.', 'Adams', 'NULL', 'Area Bike Accessories', 'adventure-worksshu0', 'frances0@adventure-works.com', '991-555-0183', 'bmEI+phqLCE2jKmotM8SBAICQD2IvZEmy8X0LmUpMaw=', 'jA7oD80=')
, (492, 'Mr.', 'Garth', 'NULL', 'Fort', 'NULL', 'Basic Sports Equipment', 'adventure-workslinda3', 'garth0@adventure-works.com', '768-555-0125', 'M2NMXJ5k9IJ7AKmryPzUhZqIMVsjJHs5P2voDCVEbsc=', 'sQuHPto=')
, (493, 'Mr.', 'Michael', 'NULL', 'Sulliva', 'NULL', 'Valley Bicycle Distributors', 'adventure-worksshu0', 'michael24@adventure-works.com', '323-555-0113', 'zeK7weuXbh2aNM2MR5WVlOvwCXgMuHuiecTgufohN+Y=', 'ic4F61g=')
, (496, 'Ms.', 'Marcia', 'J.', 'Sulta', 'NULL', 'Top Sports Supply', 'adventure-worksjose1', 'marcia0@adventure-works.com', '613-555-0116', '1EcI7xrTOArxMpieU6+v/pzf9gN7zS00aKQWROpwyyA=', 'eFbn7kk=')
, (497, 'Ms.', 'Amy', 'E.', 'Alberts', 'NULL', 'Valley Toy Store', 'adventure-worksjose1', 'amy1@adventure-works.com', '727-555-0115', 'dNz/EQlgVlbj0uOpI0Y8Rh+/GFUH1HvBLJJ4pqdSDTE=', 'yvdbcxM=')
, (498, 'Ms.', 'Kelly', 'NULL', 'Focht', 'NULL', 'Quick Delivery Service', 'adventure-worksgarrett1', 'kelly0@adventure-works.com', '272-555-0123', 'xU8UixWEoFZ9PDzLfFA3AiuIaKPV9Z2ALf/Kbpu51Zo=', 'E7joL4U=')
, (502, 'Mr.', 'Krishna', 'NULL', 'Sunkammurali', 'NULL', 'Metropolitan Bicycle Supply', 'adventure-worksjae0', 'krishna1@adventure-works.com', '1 (11) 500 555-0177', 'rKKXHEQ/Zb5Z596gCAMQepmJHLIzJy+BpJaz5GSv31c=', 'sEZH3m0=')
, (504, 'Ms.', 'Mae', 'M.', 'Black', 'NULL', 'Historic Bicycle Sales', 'adventure-worksmichael9', 'mae1@adventure-works.com', '264-555-0143', 'qiRmTStKEBxzfmlGc6Ig0CWYVsQnN0PQGgmTEAyux7g=', 'Zg4TO0Q=')
, (505, 'Mr.', 'Brad', 'NULL', 'Sutto', 'NULL', 'Honest Repair Service', 'adventure-workspamela0', 'brad0@adventure-works.com', '688-555-0115', '5tnpQqGsl1FEtOjw1+pBDGRv4Cwho0BiuspfaZVuVOE=', 'BhyhRuI=')
, (506, 'Mr.', 'Fran?ois', 'NULL', 'Ferrier', 'NULL', 'Great Bikes', 'adventure-worksdavid8', 'fran?ois1@adventure-works.com', '571-555-0128', 'Li26cq1s3a+0YJcgjemlepj98r5eUwJlyHGmDJnSCWI=', 'NVfuzjo=')
, (507, 'Mr.', 'Mary', 'NULL', 'Bishop', 'NULL', 'Global Sporting Goods', 'adventure-worksjillian0', 'mary4@adventure-works.com', '176-555-0136', 'uj7ugYIlt8/EjcQMI8uLQKlKQQ/rSZ167vO7ihbVYo8=', 'toJKEB0=')
, (508, 'Mr.', 'Marti', 'J.', 'Svoboda', 'IV', 'Designer Department Stores', 'adventure-worksjillian0', 'martin1@adventure-works.com', '132-555-0149', 'Gj5nPqWCRNrWH1xI56lwl7UvDAGPHZp3Z5QwCiKaDTc=', 'IrlfUfg=')
, (509, 'Mr.', 'Robert', 'E.', 'Ahlering', 'NULL', 'Fun Toys and Bikes', 'adventure-worksshu0', 'robert1@adventure-works.com', '678-555-0175', 'd35zXrfhsEHK6QrH/B7ipKUuuilEpY8u8rIunip5YWI=', 'r/UyVHY=')
, (510, 'Mr.', 'Jimmy', 'NULL', 'Bischoff', 'NULL', 'World Bike Discount Store', 'adventure-workslinda3', 'jimmy1@adventure-works.com', '992-555-0111', 'lbduPisVeIU+cP9cYQejSE4m0OPZJifKl9/E7GrrAyo=', 'BJUetfg=')
, (511, 'Mr.', 'Abraham', 'L.', 'Swearengi', 'NULL', 'Wheel Gallery', 'adventure-worksshu0', 'abraham0@adventure-works.com', '926-555-0136', 'CCZ7frrqKu31sPRuEGit5egtq9PHIW51qLxRTi/TAcY=', 'D5ohtJ8=')
, (514, 'Mr.', 'Rya', 'NULL', 'Calafato', 'NULL', 'Retail Mall', 'adventure-worksjose1', 'ryan1@adventure-works.com', '726-555-0155', '7zHYCWMhkitUJXggqG0dMfCqyK0FBDp/XwCeyPYWZ1A=', 'DBuWFZ4=')
, (515, 'Mr.', 'Draga', 'NULL', 'Tomic', 'NULL', 'Rural Bicycle Supply', 'adventure-worksjose1', 'dragan1@adventure-works.com', '833-555-0167', '/RLlmUbwfhuCElQyoZ6r3d8DDXVYF3kfkJma4R7pL8g=', '3KzW2g8=')
, (516, 'Mr.', 'Thomas', 'R.', 'Michaels', 'NULL', 'Seats and Saddles Company', 'adventure-worksgarrett1', 'thomas2@adventure-works.com', '162-555-0174', 'sGgVDtQybwwnAik3qbQBE+iRRjlk0ahJmqvKjTGFq5I=', 'aOFmjMY=')
, (520, 'Ms.', 'Mari', 'B.', 'Caldwell', 'NULL', 'Metro Metals Co.', 'adventure-worksjae0', 'mari0@adventure-works.com', '1 (11) 500 555-0118', '1tbKzsdwFfEX1T/OP+I5Eu7EVKuWn2FviChJGtlaeQI=', 'x8xILbE=')
, (523, 'Ms.', 'Mary', 'M.', 'Gimmi', 'NULL', 'Futuristic Sport Distributors', 'adventure-worksshu0', 'mary6@adventure-works.com', '149-555-0196', 'mcO7vvh7FSdCS9FFgyEhwIHXKbrBkeYmcgksFie8Jzk=', 'S640434=')
, (526, 'Mr.', 'David', 'L.', 'Givens', 'NULL', 'Finer Sales and Service', 'adventure-worksjose1', 'david15@adventure-works.com', '605-555-0111', 'bNPaVIrQ0uCjPy8EyuamUJBSc3o5l+dvYZ4PSl1zJJ0=', 'gTOrXjM=')
, (527, 'Ms.', 'Diane', 'NULL', 'Tibbott', 'NULL', 'Fun Times Club', 'adventure-worksshu0', 'diane5@adventure-works.com', '847-555-0184', '4G603WBKyHh8eHVBhhE9Fx0bYyHxSASUpUyJ5v5AG88=', 'br8PN50=')
, (528, 'Ms.', 'Hele', 'M.', 'Meyer', 'NULL', 'Alpine Ski House', 'adventure-workslinda3', 'helen2@adventure-works.com', '519-555-0112', 'xYJSzxUQxGXkjj+EUMGu3jCaA5aPco7WAdw+VZtUbUM=', 'v1Ew2R4=')
, (529, 'Ms.', 'Jeanie', 'R.', 'Glen', 'PhD', 'Big-Time Bike Store', 'adventure-worksshu0', 'jeanie0@adventure-works.com', '669-555-0149', 'JFHzZpLu5HeGe//DMA9vbqFc0yeYRjrW7ItGAnDHMhk=', 'dUASILc=')
, (532, 'Ms.', 'Diane', 'R.', 'Glimp', 'NULL', 'The Showroom', 'adventure-worksjose1', 'diane3@adventure-works.com', '898-555-0137', 'kz7kmFKpPYor30M8eaO3PAziuYa/bYqwcKomnP2NlxU=', 's9kzXNA=')
, (533, 'Ms.', 'Yuping', 'NULL', 'Tia', 'NULL', 'Tenth Bike Store', 'adventure-worksjose1', 'yuping0@adventure-works.com', '744-555-0123', 'dOvfJZgKHSk3OY2F/ZDzG76q7Vqtd3ogvi6tEW81U9E=', '30pSFOQ=')
, (534, 'Mr.', 'Stephe', 'A.', 'Mew', 'NULL', 'Recommended Bicycles', 'adventure-worksgarrett1', 'stephen4@adventure-works.com', '399-555-0114', 'pBvyGgTluk2JUwL/bK3NlXBRBgSUVk5HgHHhc2gU89k=', 'xdzdXEw=')
, (538, 'Mr.', 'Joh', 'R.', 'Brooks', 'NULL', 'Prosperous Tours', 'adventure-worksjae0', 'john12@adventure-works.com', '1 (11) 500 555-0179', '7cimopKXrRxK/+QAEW4WJ+XGTEEJvTsX0l1QxCAWQI0=', 'C4OiUF4=')
, (541, 'Mr.', 'Willie', 'P.', 'Brooks', 'Jr.', 'Nonskid Tire Company', 'adventure-workspamela0', 'willie0@adventure-works.com', '525-555-0174', 'HKBXG8BXKW53RK2DsPsqNDV7PdDSavcncjD1t/rdW18=', 'dS1y3X0=')
, (542, 'Mr.', 'Andrew', 'P.', 'Kobylinski', 'NULL', 'Finer Parts Shop', 'adventure-worksdavid8', 'andrew5@adventure-works.com', '129-555-0185', 'kV0cL2OLqsK4OFtnZiL106gAKEZOBwGuAVYOYakH0kM=', 'GAfxRv4=')
, (543, 'Mr.', 'R. Morga', 'L.', 'Mendoza', 'NULL', 'Friendly Neighborhood Bikes', 'adventure-worksjillian0', 'rmorgan0@adventure-works.com', '963-555-0146', 'SDOw6y7IRVh0ifbtO1Ue2Fb8cig2n0DkW+K3kmjQ/Xc=', 'K0sYx+Y=')
, (544, 'Mr.', 'Jay', 'NULL', 'Adams', 'NULL', 'Valley Bicycle Specialists', 'adventure-worksjillian0', 'jay1@adventure-works.com', '158-555-0142', 'jCFDuqUMHmknfadTRSkMvN0IDObtE/GslvN9q2Wa5xU=', '117fxZM=')
, (545, 'Mr.', 'Christia', 'NULL', 'Kleinerma', 'NULL', 'Finish and Sealant Products', 'adventure-worksshu0', 'christian1@adventure-works.com', '362-555-0177', 'v9tjo4izinAmIevwhur1w9F/Wj0yCIj1eXG0q2dFc1s=', '7uZHIds=')
, (546, 'Mr.', 'Anto', 'NULL', 'Kirilov', 'NULL', 'Field Trip Store', 'adventure-workslinda3', 'anton0@adventure-works.com', '608-555-0162', 'MA3e45BYPTDfQV7Kwg+fh94UR4S5kCbr0wdRqncaG0o=', '0sZGs8c=')
, (547, 'Ms.', 'Gladys', 'F.', 'Mendiola', 'NULL', 'Curbside Sporting Goods', 'adventure-worksshu0', 'gladys0@adventure-works.com', '535-555-0189', 'BLtI4kYqIf4QqFUkSc0vKV4J1A400sEqhAfWhRMVFTQ=', 'ISstDas=')
, (550, 'Ms.', 'Raquel', 'NULL', 'Mello', 'NULL', 'Remote Bicycle Specialists', 'adventure-worksjose1', 'raquel0@adventure-works.com', '723-555-0124', 'GMyxAFJL1Mwg+3iSBTMKDohFkSy5NKqGrVo0rL23S4I=', 'Ap+5ADc=')
, (551, 'Mr.', 'Samuel', 'N.', 'Agcaoili', 'NULL', 'Vinyl and Plastic Goods Corporatio', 'adventure-worksjose1', 'samuel0@adventure-works.com', '554-555-0110', 'jt9vdIyi0zI03wECUFk1hdZLTVOqN09/Fdogi+cTeQU=', 'uFYBREA=')
, (552, 'Mr.', 'Tim', 'NULL', 'Kim', 'NULL', 'Consolidated Messenger', 'adventure-worksgarrett1', 'tim0@adventure-works.com', '244-555-0115', 'tgMDK3qjc6HiiWHXztTrPQw/eEJWy2T9OWRLlcrhhbM=', 'W9zzlRs=')
, (556, 'Ms.', 'Nancy', 'A.', 'McPhearso', 'NULL', 'Variety Cycling', 'adventure-worksjae0', 'nancy3@adventure-works.com', '1 (11) 500 555-0195', 'jI4Q0GjuXuPicv1G1Kd3ZluvRH4IsSCG13q/+rCAqW8=', 'qcerumU=')
, (559, 'Ms.', 'Nkenge', 'NULL', 'McLi', 'NULL', 'Some Discount Store', 'adventure-workspamela0', 'nkenge0@adventure-works.com', '158-555-0123', 'mGggzeGp9z6TPCUrzGWt1N9gNU1CoQ+Cuu8cxh8uig4=', 'NNRxDmg=')
, (560, 'Mr.', 'Paul', 'L.', 'Alcor', 'NULL', 'Major Sport Suppliers', 'adventure-worksdavid8', 'paul2@adventure-works.com', '331-555-0162', 'UxlXfO/0JyTpelLFzbqFj9Ie1Rv1OJKPd6Cnm1itSsU=', 'IZ5yIjI=')
, (561, 'Mr.', 'Marvi', 'N.', 'Alle', 'NULL', 'Mountain Toy Store', 'adventure-worksjillian0', 'marvin0@adventure-works.com', '447-555-0110', 'fJ1UEyRel4bt2DuzHtDUPBU44ZALMsfyxQQviNGARf8=', '7wNTdi8=')
, (562, 'Ms.', 'Yvonne', 'NULL', 'McKay', 'NULL', 'Practical Bike Supply Company', 'adventure-worksjillian0', 'yvonne1@adventure-works.com', '623-555-0144', 'CzoEFQ0OfYtg1bNPN/BfavRr5F/ulWLF9VIraghdmZo=', 'pXNy1Eg=')
, (563, 'Mr.', 'Sea', 'P.', 'Jacobso', 'NULL', 'Systematic Sales', 'adventure-worksshu0', 'sean2@adventure-works.com', '555-555-0162', 'T/ASZdvX90M9kM1P5+sGBNxwkhLxF94/vJejQ6pjLiY=', 'jKAQI7c=')
, (564, 'Ms.', 'Michelle', 'NULL', 'Alexander', 'NULL', 'Imported and Domestic Cycles', 'adventure-workslinda3', 'michelle0@adventure-works.com', '115-555-0175', 'bA9fPVXpV/0NMRuGiY+zju3+/lcB2r9uBk68dG22Ddk=', 'M5BkDDQ=')
, (565, 'Mr.', 'Richard', 'M.', 'Bentley', 'Jr.', 'Metallic Paint and Overcoat Co', 'adventure-worksshu0', 'richard0@adventure-works.com', '911-555-0153', 'IKeN04oVNJhVCRPh+H8BodLp24YZoRNRfJ0/S8zK+ls=', 's71j+uU=')
, (568, 'Mr.', 'Curtis', 'P.', 'Howard', 'NULL', 'Economy Center', 'adventure-worksjose1', 'curtis0@adventure-works.com', '555-555-0162', 'mRsptWTaXRgSBaILQ+BYKXl50LdVbLPrHgVQDImm2mc=', 'e139ONA=')
, (569, 'Mr.', 'Cecil', 'J.', 'Alliso', 'NULL', 'Designated Distributors', 'adventure-worksjose1', 'cecil0@adventure-works.com', '699-555-0155', 'steY9ge/f3jz0DNlVhxkdUx1NrciPQzyUpvtGCcoYBo=', 'KUNCNjU=')
, (570, 'Mr.', 'Gregory', 'F.', 'Alderso', 'NULL', 'Family''s Favorite Bike Shop', 'adventure-worksgarrett1', 'gregory0@adventure-works.com', '968-555-0153', 'tEgc21LcZ3r2OP2nJIkrbmo2fXvbIC9npM6uzG1osbY=', 'IlDduMc=')
, (574, 'Ms.', 'Janice', 'K.', 'Hows', 'NULL', 'Area Sheet Metal Supply', 'adventure-worksjae0', 'janice1@adventure-works.com', '1 (11) 500 555-0119', 'vMyt8M0mW0ueXgZQ1RobrccRTzB3IVXOkX5Zy5h5a/A=', 'Qtn1h+4=')
, (577, 'Mr.', 'George', 'M.', 'Huckaby', 'NULL', 'Synthetic Materials Manufacturing', 'adventure-workspamela0', 'george1@adventure-works.com', '851-555-0127', 'BEq/PlDx4jHq8M8eOxUHo3LyOu4Aetq3bsbr8QlvMuI=', 'GVMmXow=')
, (578, 'Ms.', 'Caroly', 'NULL', 'Farino', 'NULL', 'The Bike Shop', 'adventure-worksdavid8', 'carolyn0@adventure-works.com', '957-555-0125', 'jnz8GF/glxwiqqdUVHkoV+53Mp1HOnFR/azWzJ80Ktc=', 'qwoGYjU=')
, (579, 'Ms.', 'Kim', 'NULL', 'Abercrombie', 'NULL', 'Riders Company', 'adventure-worksjillian0', 'kim2@adventure-works.com', '334-555-0137', '4I8349R6c33cK+j1ef3dZt0JHOQ9MV7OvEXpCbwhQrQ=', 'rrgbG/U=')
, (580, 'Mr.', 'Joshua', 'J.', 'Huff', 'NULL', 'Rural Sales and Service', 'adventure-worksjillian0', 'joshua0@adventure-works.com', '190-555-0186', 'zOvX8kRn4fdhAQJxa8bWrWKsuorYlcuOn6PsgZy7o0c=', 'HQlRLlk=')
, (581, 'Ms.', 'Geri', 'P.', 'Farrell', 'NULL', 'Safe Toys', 'adventure-worksshu0', 'geri0@adventure-works.com', '329-555-0183', 'Wc/TlRg7q92tTI8Njp2Ivs8eKIRej8TfabwOQYYybe8=', 'anxKyOc=')
, (582, 'Ms.', 'Catherine', 'R.', 'Abel', 'NULL', 'Professional Sales and Service', 'adventure-workslinda3', 'catherine0@adventure-works.com', '747-555-0171', 'zh3goJUbYsPv92k4bVZuJtlLHwuvpQtu6uNcjkKSdF8=', 'rpyd5Tw=')
, (583, 'Ms.', 'Laura', 'C.', 'Steele', 'NULL', 'Professional Containers and Packaging Co.', 'adventure-worksshu0', 'laura3@adventure-works.com', '741-555-0173', 'Ve/S2F7op7awJVe7aBPDkDTtsOiyLvShdymITr5ilEI=', 'ckT+1XU=')
, (586, 'Ms.', 'Shanay', 'B.', 'Steelma', 'NULL', 'One Bike Company', 'adventure-worksjose1', 'shanay0@adventure-works.com', '797-555-0118', 'No6/IlWBeOp1TBZ1wAMOUa5VwYHrf3NyowdeNz4yGNs=', 'VQqvrDo=')
, (587, 'Ms.', 'Rhoda', 'J.', 'Finley', 'NULL', 'Our Sporting Goods Store', 'adventure-worksjose1', 'rhoda0@adventure-works.com', '920-555-0191', 'q1tCJRWRCSt1/VrADrMeQkLwbHjw1LlGOdVX8DLaYoM=', '83MFiok=')
, (588, 'Mr.', 'Pat', 'A.', 'Chambers', 'NULL', 'General Cycle Storehouse', 'adventure-worksgarrett1', 'pat1@adventure-works.com', '127-555-0124', 'cTcQEsZdQPvGLuu5iDRwrqp4fM6oBxNFi+X7anqqPzA=', 'bvb6hus=')
, (592, 'Mr.', 'Stefano', 'NULL', 'Stefani', 'NULL', 'Cycling Goods', 'adventure-worksjae0', 'stefano0@adventure-works.com', '1 (11) 500 555-0115', 'eVnhcpqYU3NKN52mFwcXw11n5pF8qfCFpZBVTo45zsY=', 'XSHxez4=')
, (595, 'Mr.', 'Ala', 'NULL', 'Steiner', 'NULL', 'Cycle Clearance', 'adventure-workspamela0', 'alan4@adventure-works.com', '792-555-0194', '0ZfPkEBplSrQkVpmgzrlfblSeTpJ4CJwJu7aVWOuOSM=', 'FDIch68=')
, (596, 'Ms.', 'Kathie', 'NULL', 'Flood', 'NULL', 'Coho Sports', 'adventure-worksdavid8', 'kathie1@adventure-works.com', '627-555-0192', 'UA0N5pHkC4DZZ4xHgqJohcC+5L3JnoaegTulnb1lrhA=', 'WGizZm8=')
, (597, 'Mr.', 'Bob', 'NULL', 'Hodges', 'NULL', 'All Seasons Sports Supply', 'adventure-worksjillian0', 'bob2@adventure-works.com', '129-555-0120', '7n1V5i5pzSERgIgX+CGs3KdSRIWCKMMppAbccjLLWQQ=', 'FebyYno=')
, (598, 'Mr.', 'Derik', 'NULL', 'Stenerso', 'NULL', 'Black Bicycle Company', 'adventure-worksjillian0', 'derik0@adventure-works.com', '441-555-0144', 'eiskTIJrt6kqa7sel16D8OBUVoPmh3ud4vMChJvsZCc=', '0rK3P2k=')
, (599, 'Mr.', 'Raul', 'E.', 'Casts', 'NULL', 'Westside Plaza', 'adventure-worksshu0', 'raul0@adventure-works.com', '362-555-0162', 'NghLMnHjoD3F7B0y8sTtYlpCq5imhhvrn56YUAUNEm4=', '68RH5og=')
, (600, 'Ms.', 'Holly', 'J.', 'Holt', 'NULL', 'Strenuous Exercise Shop', 'adventure-workslinda3', 'holly1@adventure-works.com', '654-555-0150', 'n17D3Bxk24bdzD3bEx0DUQ3Nmts/O7lqoGn57J5z1Og=', 'wmfLAOE=')
, (601, 'Mr.', 'Vassar', 'J.', 'Ster', 'NULL', 'Transport Bikes', 'adventure-worksshu0', 'vassar0@adventure-works.com', '328-555-0123', 'nPkLkDdemKmfK3VexvRWH5zYyNzwcfvny8DxWGnicSw=', 'hLswDiQ=')
, (604, 'Ms.', 'Wathalee', 'R.', 'Steuber', 'NULL', 'Sellers of Cycles', 'adventure-workspamela0', 'wathalee0@adventure-works.com', '517-555-0120', 'Sr0056wJj+khaWXi1cRpgU62bgcN9VaN6VJADuKWey4=', '7uwL9LU=')
, (605, 'Mr.', 'Matthew', 'J.', 'Cavallari', 'NULL', 'Outstanding Cycles', 'adventure-worksdavid8', 'matthew1@adventure-works.com', '695-555-0161', 'I5oNRDKehZnUlVTunv+30kLR3rM7VyVA2vJyu6CNveI=', 'beKST+I=')
, (606, 'Ms.', 'Helge', 'NULL', 'Hoeing', 'NULL', 'Little Bicycle Supply Shop', 'adventure-worksjillian0', 'helge0@adventure-works.com', '850-555-0198', 'hbXMO61Cy3vQxyCiHA7HyFryiQNgK7GAqMxsht+DVBI=', 'yvAO+sY=')
, (607, 'Ms.', 'Alice', 'M.', 'Steiner', 'NULL', 'Maintenance and Repair for Bicycles', 'adventure-worksjillian0', 'alice4@adventure-works.com', '355-555-0180', '6WWUM3/rogiNsZhr2QrAacB6N22U0ZWIgDs1/K05cpI=', '4QdzKJI=')
, (608, 'Mr.', 'Steve', 'B.', 'Brow', 'IV', 'Golf and Cycle Store', 'adventure-worksshu0', 'steven1@adventure-works.com', '280-555-0124', 'S9Kf7AXqY19C/4rLMHjUwO+5Yh7mMhaPsuouZxizDpg=', 'Hp2yS7E=')
, (609, 'Mr.', 'David', 'NULL', 'Hodgso', 'NULL', 'Good Toys', 'adventure-workslinda3', 'david16@adventure-works.com', '969-555-0117', '+gtwbVycsIIj2loVtrHNRN6IBLl20lQpRK8+JhzxyEo=', 'AwqZdYk=')
, (610, 'Ms.', 'Liza Marie', 'N.', 'Stevens', 'NULL', 'Fitness Department Stores', 'adventure-worksshu0', 'lizamarie0@adventure-works.com', '366-555-0110', 'Sapr4JrpchrNOsaFQvNr+C8KtCL9DgKHOdvYws7WrOM=', 'QvunVRs=')
, (613, 'Mr.', 'Jim', 'NULL', 'Stewart', 'NULL', 'Famous Bike Shop', 'adventure-worksgarrett1', 'jim5@adventure-works.com', '226-555-0110', 'UhGiWqQH+ZqO4P2SIEQ4J9goCINUOyHBAttZ/+kJooA=', 'awRBGoA=')
, (617, 'Ms.', 'Arlene', 'NULL', 'Huff', 'NULL', 'Tubeless Tire Company', 'adventure-worksjae0', 'arlene0@adventure-works.com', '1 (11) 500 555-0146', 'V+NOGsSc50L8026bnGkDjKzDoI/ND88zeG1cDP5uO7Q=', 'SC/mXZQ=')
, (620, 'Mr.', 'Matthew', 'M.', 'Hunter', 'NULL', 'Tires and Tubes', 'adventure-workspamela0', 'matthew4@adventure-works.com', '482-555-0188', 'K9PXehZSeHlIA1Tb5gEOxe7YmFCX8u6Qlju4nRie0Cg=', 'fJ1qzBg=')
, (621, 'Mr.', 'Matthew', 'NULL', 'Hink', 'NULL', 'Running and Cycling Gear', 'adventure-worksdavid8', 'matthew3@adventure-works.com', '146-555-0176', 'q9I0z+PgMdt+yPOfNb1pj69QvJ3r8WuMzirXw4mW4BM=', 'hDyaJt4=')
, (622, 'Mr.', 'Robert', 'B.', 'Stotka', 'NULL', 'Gift and Toy Store', 'adventure-worksjillian0', 'robert12@adventure-works.com', '493-555-0185', 'FT/8LOHiql36eAZLyTYZ2uqevgzDFxh6W9nVGmMmrhw=', 'M0RBO9w=')
, (623, 'Ms.', 'Phyllis', 'R.', 'Huntsma', 'NULL', 'Hardware Components', 'adventure-worksjillian0', 'phyllis1@adventure-works.com', '153-555-0195', 'p/kLCLWcvgvL26dkJoqHo4GqZmYGVWCYCrBwbhTLKtY=', 'gJeczkk=')
, (624, 'Mr.', 'Mike', 'NULL', 'Hines', 'NULL', 'First Cycle Store', 'adventure-worksshu0', 'mike3@adventure-works.com', '454-555-0160', 'gna2fhtLmKi5ZKr50RuPJEI5Vh/osfQgFxhjmQs0XpI=', 'wt1HllQ=')
, (625, 'Ms.', 'Kayla', 'M.', 'Stotler', 'NULL', 'Major Sporting Goods', 'adventure-workslinda3', 'kayla0@adventure-works.com', '315-555-0131', 'iqikbQl8bEZb+ulQMP5FNBSjXL1grUcz4NTUP9GBmAQ=', 'ZqTw9GM=')
, (626, 'Mr.', 'Lawrence', 'E.', 'Hurkett', 'NULL', 'Retail Sporting Goods', 'adventure-worksshu0', 'lawrence0@adventure-works.com', '129-555-0185', '2d7alYFBKkadQ4uQc1u70/bdOXfmqCXEr5kCDqYMEc4=', 'hGtKm+M=')
, (629, 'Mr.', 'Rya', 'NULL', 'Ihrig', 'NULL', 'Efficient Cycling', 'adventure-worksjose1', 'ryan4@adventure-works.com', '809-555-0152', '6UfB6OlcKQXLjWHj+yl3Ck3STFhp4YRHN/aojcUvsb0=', 'HGudpUM=')
, (630, 'Mr.', 'Andrew', 'R.', 'Hill', 'NULL', 'Eastside Parts Shop', 'adventure-worksjose1', 'andrew4@adventure-works.com', '194-555-0149', '6kDCzX44wtxfxZaC28Ek1kf7IczJ9hxLvDx9DfU8B60=', 'm9GHYGc=')

, (631, 'Mr.', 'Robert', 'P.', 'Lyeba', 'NULL', 'Tandem Sales and Service', 'adventure-worksgarrett1', 'robert8@adventure-works.com', '631-555-0155', '5obs6LI7GwHZ55lps26uIsPyz7E4xBxF6pdB5KYAnn0=', '/Q1sZG0=')
, (635, 'Mr.', 'Roger', 'NULL', 'Van Houte', 'NULL', 'Sports Store', 'adventure-worksjae0', 'roger2@adventure-works.com', '1 (11) 500 555-0110', 'C0yLsx6zITh7lXoIPgG1bl1t5II3nx4GYi/RaS1yB84=', 'WnTAc/0=')
, (637, 'Mr.', 'Robert', 'NULL', 'Lyo', 'NULL', 'Reliable Retail Center', 'adventure-worksgarrett1', 'robert9@adventure-works.com', '666-555-0143', '4wMARaGSdJ36NMWSghaEHOvqGA6TSKb3JZJ8QlNfnok=', '0JS3VLg=')
, (641, 'Ms.', 'Rose', 'M.', 'Vandenouer', 'NULL', 'Extended Tours', 'adventure-worksjae0', 'rose1@adventure-works.com', '1 (11) 500 555-0140', 'X6Rw044/W0OFsOl+AJSD6WZFTsjbaCa3sn719STdi0Y=', 'tRFzZLs=')
, (643, 'Ms.', 'Denise', 'R.', 'Maccietto', 'NULL', 'Friendly Bike Shop', 'adventure-worksmichael9', 'denise1@adventure-works.com', '537-555-0190', 'qE35+Yj4hYU97ToV8hswsOzcxEz23lHAGGrIx9xL2YY=', 'DfqJQ4g=')
, (644, 'Mr.', 'Gregory', 'T.', 'Vanderbout', 'Jr.', 'Convenient Sales and Service', 'adventure-workspamela0', 'gregory1@adventure-works.com', '684-555-0134', 'syI1UO2qeBH9g2tg2nu3DTejZc7OEShGw8jxOqXfATY=', 'FAw6ojc=')
, (645, 'Mr.', 'Ronald', 'K.', 'Heymsfield', 'NULL', 'Superior Hardware Distributors', 'adventure-worksdavid8', 'ronald1@adventure-works.com', '784-555-0120', 'BveRxEdkJ/QVGtSMNGrJu9cLHlihVb+wlFzxrHOsSkA=', 'DmNlCmQ=')
, (646, 'Mr.', 'Scott', 'NULL', 'MacDonald', 'NULL', 'Yellow Bicycle Company', 'adventure-worksjillian0', 'scott7@adventure-works.com', '470-555-0171', 'E1wwrSH3sVJUF8UlhuAF+A5UTcdr1LObJBI67CvopDA=', 'LqtoWXs=')
, (647, 'Mr.', 'Michael', 'NULL', 'Vanderhyde', 'NULL', 'Solid Bike Parts', 'adventure-worksjillian0', 'michael25@adventure-works.com', '918-555-0141', '/upSM1yXqGCA1vtYL9IB/NcKFrE3cg7HvqSYGTsQprM=', 'uXetzTc=')
, (648, 'Ms.', 'Cheryl', 'M.', 'Herring', 'NULL', 'Small Bike Shop', 'adventure-worksshu0', 'cheryl0@adventure-works.com', '158-555-0154', 'RGd9trE6ku80EeSumu50h1MGol+lmzdeCrME1UBOKCA=', '256h+G0=')
, (649, 'Mr.', 'Walter', 'J.', 'Mays', 'Sr.', 'Sports Products Store', 'adventure-workslinda3', 'walter1@adventure-works.com', '245-555-0191', 'PubfC/rRrBqx4Duzd5die33tt0m74frlazigsOv3D7s=', 'IZ6tF0Y=')
, (650, 'Ms.', 'Margaret', 'J.', 'Vanderkamp', 'NULL', 'Permanent Finish Products', 'adventure-worksshu0', 'margaret2@adventure-works.com', '265-555-0143', 'TUk6pzHyHoA6CadqZKdfwfCKtp3f4RhQ07VWCDZDKIM=', 'osDZuYo=')
, (653, 'Ms.', 'Kara', 'N.', 'Vanderlinde', 'NULL', 'Mercantile Outlet', 'adventure-worksjose1', 'kara0@adventure-works.com', '680-555-0160', 'grGra0LtVSrZMZySvhV+ggFwVRSDpwDd39a18q68CD0=', 'kc4E3DA=')
, (654, 'Mr.', 'Jesus', 'NULL', 'Hernandez', 'NULL', 'Online Bike Warehouse', 'adventure-worksjose1', 'jesus0@adventure-works.com', '214-555-0145', 'oQESLWRzzA7xFmx/oeIwJrVckc/0dzUxgBru6ptUjqA=', 'Y/Ty5LA=')
, (655, 'Ms.', 'Irene', 'J.', 'Hernandez', 'NULL', 'Operational Manufacturing', 'adventure-worksgarrett1', 'irene0@adventure-works.com', '790-555-0197', '3A2aNKKLe47G95cy27tMj6HW1ov3nLIR530SWR/vrZ4=', 'uJ5Exxo=')
, (659, 'Mr.', 'Ajay', 'NULL', 'Manchepalli', 'NULL', 'Shipping Specialists', 'adventure-worksjae0', 'ajay0@adventure-works.com', '1 (11) 500 555-0174', 'eVyn3oU+PF4k5dUPOBDIl+7JqQhO17DiG/iJE8dPkgc=', 'MYqiM6w=')
, (660, 'Mr.', 'Nieves', 'J.', 'Vargas', 'II', 'Exhilarating Cycles', 'adventure-worksmichael9', 'nieves0@adventure-works.com', '371-555-0184', 'dG3/Y2fWXOAgE37z4Vj0K7ejAxDbv9M902ByQTjdng4=', '/PSiwRg=')
, (661, 'Mr.', 'Kari', 'NULL', 'Hensie', 'NULL', 'General Department Stores', 'adventure-worksgarrett1', 'kari0@adventure-works.com', '143-555-0129', '9q51LeEZWFDB+L+DtlRs239EjYmK9mN+eUjUvqLToLw=', 'niDlQYk=')
, (665, 'Mr.', 'Tomas', 'M.', 'Manzanares', 'II', 'Authentic Sales and Service', 'adventure-worksjae0', 'tomas0@adventure-works.com', '1 (11) 500 555-0178', 'jlXuo2MxBdUaBFU1a7LQeFlHkJUTu5koo+dBRsKSbrw=', 'blIz9rk=')
, (668, 'Ms.', 'Kathy', 'R.', 'Marcovecchio', 'NULL', 'Official Parts Shop', 'adventure-workspamela0', 'kathy0@adventure-works.com', '942-555-0141', 'EQfen7Xb4ZYQG6fC/yOA9SRKRw4HtLTBSHq1n1yOiAs=', 'LH8E+mM=')
, (669, 'Ms.', 'Patricia', 'NULL', 'Doyle', 'NULL', 'Racing Bike Outlet', 'adventure-worksdavid8', 'patricia0@adventure-works.com', '899-555-0134', 'oNLvRmGCzEz1jsW8aIhOPt/9GVbikzcIYiqMuMKtrYw=', 'ZeNva8s=')
, (670, 'Ms.', 'Valerie', 'M.', 'Hendricks', 'NULL', 'First Bike Store', 'adventure-worksjillian0', 'valerie0@adventure-works.com', '859-555-0140', 'M5s53K3R8LqDXmLZX8/YZWvhkKuUo3dkpcmAFuw6d8U=', '1lkXMps=')
, (671, 'Ms.', 'Jill', 'K.', 'Markwood', 'NULL', '"Contoso, Ltd."', 'adventure-worksjillian0', 'jill2@adventure-works.com', '747-555-0113', 'Ajd6a502mnEIwl6n2we4J6ee42p14MOpKGWrKSHsxxo=', 'YuvPgz4=')
, (672, 'Mr.', 'Gerald', 'M.', 'Drury', 'NULL', 'Utilitarian Sporting Goods', 'adventure-worksshu0', 'gerald0@adventure-works.com', '169-555-0178', 'Jlxkjapdo78bvTdzddS8yoUxcj6pyFuXwdsCGn6KHvI=', 'ClRPyyM=')
, (673, 'Mr.', 'Joh', 'NULL', 'Hanso', 'NULL', 'Countryside Company', 'adventure-workslinda3', 'john20@adventure-works.com', '107-555-0117', '2stwPzsfBnHlWJSw7+jrEjtXjaoxVkBMOVsluOUNpog=', 'zNDLlSI=')
, (674, 'Ms.', 'Melissa', 'R.', 'Marple', 'NULL', 'Discount Tours', 'adventure-worksshu0', 'melissa0@adventure-works.com', '685-555-0117', 'UbL/DUTnTSqLeeA4RQCXS5ofw+ATOi1iWyGfuy/PO6g=', 'CAB+B+I=')
, (677, 'Ms.', 'Cecelia', 'L.', 'Marshall', 'NULL', 'Tire Exchange', 'adventure-worksjose1', 'cecelia0@adventure-works.com', '394-555-0168', 'Io27wVPQenseFjuryNClpoCLiH0HtpKdgQrqYO9W/OQ=', '1sXsDEE=')
, (678, 'Mr.', 'Reube', 'NULL', 'D''sa', 'NULL', 'Vigorous Exercise Company', 'adventure-worksjose1', 'reuben1@adventure-works.com', '916-555-0137', 'EVeayvYSlWRfySd2RBGRSr93ST2Me+VDyAoD44WBrrg=', 'jj5f+ZA=')
, (679, 'Ms.', 'Brenda', 'F.', 'Heaney', 'NULL', 'Superb Sales and Repair', 'adventure-worksgarrett1', 'brenda3@adventure-works.com', '393-555-0167', 'RxykMRRwPRGYqzudPUFD1TKUT1bvgYanY1nsGIvL0Jo=', 'KnmJUbs=')
, (683, 'Ms.', 'Linda', 'NULL', 'Marti', 'NULL', 'Oils and Fluids Warehouse', 'adventure-worksjae0', 'linda8@adventure-works.com', '1 (11) 500 555-0137', 'lePksYQQH7iiujo49o5l9u2k6fs+JCFtUHkyVL8P7WM=', 'JYjWVqI=')
, (685, 'Mr.', 'James', 'B.', 'Haugh', 'Jr.', 'Family Cycle Store', 'adventure-worksgarrett1', 'james8@adventure-works.com', '763-555-0120', 'qqWGyjPy74GLpFoYkhe3eQutrmixkWZkZHsl5d0mZpI=', 'TfeFfy4=')
, (689, 'Ms.', 'Sandra', 'I.', 'Martinez', 'NULL', 'Consumer Equipment', 'adventure-worksjae0', 'sandra3@adventure-works.com', '1 (11) 500 555-0113', 'zTIlJwPJ9VjXFq2kSSD/H313VF0ZlgeS3a6z5UDvo9k=', 'Em3q8s4=')
, (692, 'Ms.', 'Bev', 'L.', 'Desalvo', 'NULL', 'Successful Sales Company', 'adventure-workspamela0', 'bev0@adventure-works.com', '143-555-0113', 'j42zXyaSRc55aauqsJrhWZdZBGkW64qaL1hO1tdgdQk=', '5dgYmOY=')
, (693, 'Mr.', 'Bart', 'NULL', 'Dunca', 'NULL', 'Stock Parts and Supplies', 'adventure-worksdavid8', 'bart0@adventure-works.com', '539-555-0121', 'NJJTfbDws96bPa7Giz9Mmq+M0NSYcjlcfwpjsUnYWdE=', 'MPxWTOU=')
, (694, 'Ms.', 'An', 'T.', 'Hass', 'NULL', 'The Accessories Store', 'adventure-worksjillian0', 'ann2@adventure-works.com', '713-555-0168', 'lykTZ3vUjtqvW669XVLX3Gk9RrV2EBdorSOkebEHyvk=', 'M7xYGr4=')
, (695, 'Mr.', 'Rob', 'NULL', 'Caro', 'NULL', 'Responsible Bike Dealers', 'adventure-worksjillian0', 'rob2@adventure-works.com', '620-555-0117', 'yaVIQNTOMlDFxsn08drJdHoPTkydd5XKkeBgAPyVGbk=', 'v43cndI=')
, (696, 'Mr.', 'Maciej', 'NULL', 'Dusza', 'NULL', 'Roadway Supplies', 'adventure-worksshu0', 'maciej1@adventure-works.com', '962-555-0144', 'v404bp5zCcIyJO+s50eW4MbBxBjjkDQJe5ee5fvwBKI=', 'pDYvCjw=')
, (697, 'Mr.', 'Roger', 'NULL', 'Harui', 'NULL', 'Brakes and Gears', 'adventure-workslinda3', 'roger0@adventure-works.com', '774-555-0133', 'tkI9EcizphWPzkz7kDwsd2AnKnZJi3/6+V5/fIuXPpo=', 'sQMfTfM=')
, (698, 'Mr.', 'Andy', 'NULL', 'Carothers', 'NULL', 'Western Bike Supplies', 'adventure-worksshu0', 'andy1@adventure-works.com', '944-555-0148', 'Q0MU0NsjDAbnQSqMBkP9Sm4G43DKXcirOnAKlzYSYnI=', 'DZ8e0Xk=')
, (701, 'Ms.', 'Linda', 'R.', 'Ecoffey', 'NULL', 'Future Bikes', 'adventure-worksjose1', 'linda5@adventure-works.com', '674-555-0188', 'zM1odbx2eTJoH556dXSIqTCDa5EBj8DWUSHVo67GEGc=', 'Q5U1IZU=')
;


INSERT INTO CustomerAddress (CustomerID, AddressID, AddressType, Customer_Address_ID) VALUES 
(560, 893, 'Main Office', '00DF8FDA-299D-4EB6-BCB3-3118A907E61B')
, (218, 857, 'Main Office', '013EBE70-937D-4CA7-8CEE-C782257253F2')
, (397, 876, 'Main Office', '02287DF0-2062-4266-8B3C-ABE025484B9A')
, (37, 836, 'Main Office', '0245A9A4-06CB-42A7-BBE1-EEA91F7A83B8')
, (385, 1053, 'Main Office', '0282930E-9ECC-474A-9E1F-D8E35CD80FFA')
, (294, 1037, 'Main Office', '03172502-EF02-474B-B974-0FCADC98BEBE')
, (217, 856, 'Main Office', '034C4134-A0E5-4C89-84B5-7CDF1A65BAB3')
, (73, 840, 'Main Office', '03C2A5D3-D5C2-4430-854B-2B60978BA3BD')
, (551, 537, 'Main Office', '03D6A5CB-18DF-48AA-AC7A-D74F372E846F')
, (149, 1012, 'Main Office', '0572859F-6419-453B-87F7-AE14643F3840')
, (559, 892, 'Main Office', '059F821A-D882-44C1-A0A6-09E8D96B50CE')
, (631, 548, 'Main Office', '05F4F5C0-3DC0-4C78-AE13-CA22A54F647B')
, (480, 525, 'Main Office', '067C5AB2-FD10-4326-A343-7E71CC90A69D')
, (329, 1042, 'Main Office', '07B0D9E8-E529-41EA-82C1-3DB65880D165')
, (626, 1096, 'Main Office', '09BB410F-95BA-4B5E-86DE-B7DF3FDB7D66')
, (19, 834, 'Main Office', '0A2DD165-8683-4C53-B05B-EA3C5B50DE06')
, (672, 1100, 'Main Office', '0A63C803-CAC9-4792-A71A-F6ACDF1853CA')
, (641, 670, 'Main Office', '0C7DDDD6-970E-4DE0-AEEE-DB7B6871E33D')
, (59, 997, 'Main Office', '0C834545-6F1F-4676-8E38-75DFD0F91DC5')
, (617, 668, 'Main Office', '0C86950F-454E-4298-98A5-895F7BD1857B')
, (596, 897, 'Main Office', '0CBDF33E-3B18-4DBE-BE96-2197F70A392F')
, (187, 1020, 'Main Office', '0CC5AA85-6D23-49D2-BC6E-B18CDC3E87A2')
, (556, 665, 'Main Office', '0CFEEEE9-06D5-49AA-A3BE-7A8BFCB4CAD4')
, (345, 597, 'Main Office', '0CFFD249-AD12-483D-B2F6-8659057A2195')
, (292, 592, 'Main Office', '0E27B41D-338B-4C58-95B9-C4CA71FB99CA')
, (408, 513, 'Main Office', '0EDC82AF-A8A6-44CE-9C4F-FC30101218E3')
, (325, 868, 'Main Office', '0F5E4003-E264-4C4A-9B90-57AA92D360F9')
, (241, 1029, 'Main Office', '105AEEEE-9F25-4A47-98BE-0DEE3B656201')
, (360, 794, 'Main Office', '13A1D908-C3F8-4FBC-886C-8CCCD535032A')
, (581, 1085, 'Main Office', '13E3ADD6-D61C-4794-A138-B4EDCDD413CA')
, (545, 1079, 'Main Office', '13FD4990-510F-4256-8B00-4C6ADA14C558')
, (273, 589, 'Main Office', '144D51DD-B507-4901-A34B-CE3DAD2273F1')
, (205, 1023, 'Main Office', '145A31A7-49FA-4C22-A7C6-BA29B63CF335')
, (456, 1064, 'Main Office', '16011A0F-9E1B-4A04-B6A4-66ACA5E49404')
, (263, 488, 'Main Office', '162D1970-77DC-4108-8794-1C7F9238CB5A')
, (328, 596, 'Main Office', '17004161-81F9-439D-AABB-DE9AACBD1282')
, (164, 851, 'Main Office', '17EFC9C8-8DCD-49E1-BC45-4AA4B75EBC7A')
, (648, 1097, 'Main Office', '18E2C529-3B22-47C7-9E37-CA4D01AD6E9C')
, (472, 612, 'Main Office', '19AB25BB-75A8-4400-BA58-741B9C19ED5F')
, (7, 990, 'Main Office', '1A740D16-E3F4-4CC0-9FAE-310822761167')
, (406, 511, 'Main Office', '1B0BE8C7-23A8-49D4-B50D-26D76A04FE88')
, (438, 1061, 'Main Office', '1CF63842-7ECD-4B4D-A810-AE6E0860BB8D')
, (473, 28, 'Shipping', '1F0BFF87-382B-45ED-92B2-FDE08F377C90')
, (643, 825, 'Main Office', '1FDC614A-2338-4295-BF73-4E2E8D7E62AE')
, (444, 519, 'Main Office', '20945809-A43D-4F61-9CB1-836110D79A57')
, (417, 605, 'Main Office', '20D2B5E7-F965-4CBA-80E7-388EF5F0045D')
, (437, 1060, 'Main Office', '21019628-CD00-4A69-AF04-EE84FEDCD0EB')
, (592, 667, 'Main Office', '2121B902-D235-4070-8D45-3680F6B3F1B6')
, (489, 613, 'Main Office', '240DDE38-CA90-450B-A391-88FA843D83B3')
, (415, 878, 'Main Office', '24800E42-84F7-4073-8049-AF67207BAC10')
, (130, 574, 'Main Office', '24987BDD-3FD2-4D3C-B78E-48A07631654F')
, (258, 1031, 'Main Office', '25318F06-355A-4E11-BF1D-30273F5C344B')
, (262, 487, 'Main Office', '25A75EDB-EADB-4762-8A6F-12F5EC15C224')
, (577, 894, 'Main Office', '28E7E725-0046-46F6-8D82-CD7EA0D956CA')
, (237, 585, 'Main Office', '28F3CA94-E8A0-49BD-A22C-269FBE44281E')
, (498, 528, 'Main Office', '2942CD57-B86A-4CF7-A604-36DFD6E8A6DC')
, (629, 546, 'Main Office', '299607A1-2E0B-4E1B-93DB-6EE572FE1C44')
, (462, 522, 'Main Office', '29BB015E-0D14-48C6-9801-4857357B8C70')
, (424, 514, 'Main Office', '29C1AD81-E789-44A3-A804-FAF9D3F86529')
, (29, 449, 'Main Office', '29E16F67-1BBC-4A69-A1DC-8597AB62C0A0')
, (325, 9, 'Shipping', '29EED702-289E-423A-8A65-27DAFA128ACA')
, (30, 450, 'Main Office', '2A4E209B-0F17-4C23-9558-3F4EE5834C64')
, (228, 483, 'Main Office', '2A8BC5D4-00C6-4DA6-88AA-893FC3E76E2F')
, (586, 542, 'Main Office', '2A953816-C7D4-477A-8BDD-0C5EDB3B01F7')
, (514, 529, 'Main Office', '2ABF0456-D662-4282-8A22-DC0A058BAD81')
, (376, 655, 'Main Office', '2C656570-F368-4DA2-81D1-FF5023CA6467')
, (182, 853, 'Main Office', '2D187AAB-F964-462D-9D10-5D322ABADAC3')
, (604, 898, 'Main Office', '2DCF587D-86A8-45CF-AEB1-36EA25C79EDF')
, (433, 880, 'Main Office', '2DDBE3B7-CCED-4DCB-B376-0F87D988F4AC')
, (246, 486, 'Main Office', '2F220EA2-2C4F-4FDA-82FA-AB0D27100779')
, (166, 578, 'Main Office', '2FC84EC8-B413-4677-A474-5F990C45BDC3')
, (547, 1081, 'Main Office', '3012679F-BFAB-4987-B742-8CA8137DDD7C')
, (156, 471, 'Main Office', '30777461-B874-4B95-BC0A-4A545DC95ACA')
, (2, 297, 'Shipping', '3171A156-6436-4E9F-994C-5F6E01DAF2A0')
, (561, 619, 'Main Office', '32606F18-BCA6-4797-BB03-86A02E94F4B1')
, (183, 579, 'Main Office', '32F74DCC-41AD-4255-AAAB-8FF325B7CC8C')
, (506, 889, 'Main Office', '33DA2344-B643-466A-8468-124880D1E77D')
, (515, 530, 'Main Office', '3421197A-7366-40CE-B8FA-E9B81076CC50')
, (2, 833, 'Main Office', '34578946-EA27-4F3A-B5A3-7DA1E46B8D0B')
, (55, 838, 'Main Office', '36226C15-2EB7-4BA3-9F27-4E127D534EFB')
, (238, 586, 'Main Office', '38814D23-AE7C-467C-B180-9AD18A77A0EE')
, (94, 570, 'Main Office', '38FA4C9B-41DE-49F7-A2EE-711356813337')
, (542, 891, 'Main Office', '39507A01-79A9-48EE-8C3D-3976C522FA61')
, (42, 995, 'Main Office', '3A1094ED-BE6E-4285-AD08-06C8D94D4969')
, (384, 1052, 'Main Office', '3A15E731-33C2-4335-9309-64EA24F25F38')
, (568, 539, 'Main Office', '3A48F478-3022-4444-9C83-97FE7CC5CFFA')
, (365, 1048, 'Main Office', '3ADBE77A-7A26-4104-A21B-F446336D4559')
, (637, 549, 'Main Office', '3B6C202F-C842-4205-8C99-B60B4707EBC2')
, (487, 886, 'Main Office', '3C10F3E2-F90F-43C2-A455-1DF79D9E00F8')
, (28, 448, 'Main Office', '3DA8CC68-EF98-4342-97A7-7F33C4CECB35')
, (564, 1083, 'Main Office', '3E7B0F9E-F47B-42C5-B4F4-D1DFBB4C49BA')
, (434, 881, 'Main Office', '3E7BE323-582F-4311-A983-975A78A5BC28')
, (674, 1102, 'Main Office', '3E8A15AB-A523-42AF-9A0E-E232931DB4CB')
, (65, 455, 'Main Office', '3F8105BB-6F5A-460D-A75F-1D62B03ACA21')
, (172, 472, 'Main Office', '3FF97615-A0E6-45A7-ABB3-D52698648BF4')
, (346, 598, 'Main Office', '40172F63-4675-4BC9-8E75-416DE3474A1A')
, (312, 1040, 'Main Office', '42C4FA55-8597-43EF-AE20-58D3D69C8922')
, (128, 847, 'Main Office', '435E35D5-6996-45CE-94F7-82239FAB2538')
, (587, 543, 'Main Office', '456F93DB-1C47-4D0F-BC72-69B0D1A97DB9')
, (431, 801, 'Main Office', '45FBA25B-78ED-4D0E-A1CB-6D0A45D472BD')

, (630, 547, 'Main Office', '467ABA20-02C3-401B-8E40-429B4487046C')
, (416, 879, 'Main Office', '46D722CE-DDF0-408C-99CA-FE6851B407C1')
, (208, 478, 'Main Office', '4722C688-5962-467C-91E0-EE7554B574CE')
, (77, 1000, 'Main Office', '4832099A-49BA-4C73-B17D-78BD0E6820D4')
, (61, 999, 'Main Office', '48325EB3-CCA3-4905-833A-32F6352DFE67')
, (505, 888, 'Main Office', '48C0F5A2-E825-4CF8-91E5-03A05B95AD00')
, (509, 1072, 'Main Office', '48C1A853-34D3-4BE9-B8FD-A6BE79786922')
, (167, 1015, 'Main Office', '48D4AB0D-BBC1-4ED9-938A-9D25A9183D02')
, (598, 624, 'Main Office', '48E2C586-FD05-448A-AB73-21847C84D050')
, (275, 1033, 'Main Office', '49251250-1E50-4C02-95F8-6CA0F82EDBEE')
, (66, 456, 'Main Office', '4945F28C-7763-42FD-846C-18E0B649DB25')
, (622, 627, 'Main Office', '4984E4D2-AFDC-420B-89BE-460C51C702AA')
, (343, 870, 'Main Office', '4A0A3B3B-C322-4E89-A76D-53EF57C7FF7C')
, (78, 1001, 'Main Office', '4ACE2CB1-E990-4B24-9988-DC777D69D5C4')
, (4, 560, 'Main Office', '4AD16F08-ED61-47CF-AEB1-852EE69CDE9E')
, (180, 774, 'Main Office', '4C41EF98-5703-499B-807B-4648B96A4A4D')
, (363, 599, 'Main Office', '4C4267B7-9B45-468D-AB1A-DCD8A2583565')
, (388, 508, 'Main Office', '4C5846A8-6AAA-40AA-9FD4-A8732D0D9C61')
, (696, 1103, 'Main Office', '4C8ABEAB-2DF7-4F17-A0A7-755C5AFD8CC1')
, (623, 628, 'Main Office', '4CB60BAE-D283-47CC-98C2-EA9F3C7D8241')
, (496, 526, 'Main Office', '4D5A03F2-759B-4B79-A13E-8FB36C08F0BC')
, (541, 890, 'Main Office', '4DA2EA01-28FD-4611-8C6B-B1DEC0D48194')
, (48, 453, 'Main Office', '4E623C8B-EF21-4D6D-9429-C9E3BC50174E')
, (60, 998, 'Main Office', '4E6C58A3-EC69-4291-8A9E-B39C2F11F758')
, (174, 474, 'Main Office', '4EEFC10B-CBEF-46D9-828B-BD05188A1CE4')
, (474, 1067, 'Main Office', '4F90E59E-651A-4A08-A88C-31BBCBA10A9C')
, (146, 849, 'Main Office', '509CCCC9-67AF-4A0A-AC00-0F765E00B304')
, (244, 484, 'Main Office', '511720EC-16CE-4DD2-83E1-C6B1B6788B16')
, (88, 639, 'Main Office', '511BAFF1-D407-4215-9C1F-D109870EBB3E')
, (403, 1056, 'Main Office', '515D7B4D-2213-42F8-BD57-ED80A55070B8')
, (588, 544, 'Main Office', '54E3CEE7-EBBE-41A3-8ACD-D0FB1426F7D5')
, (613, 545, 'Main Office', '5540AD12-2707-4C85-8A7B-AFB7241C3042')
, (644, 902, 'Main Office', '5552AFF3-79D9-46A9-8EF0-DF0F6C1BE73C')
, (253, 860, 'Main Office', '55D67849-C018-4E12-AE77-4516A1082C99')
, (478, 523, 'Main Office', '55F9AB31-AB5C-4223-A901-0054FE8D55F4')
, (178, 644, 'Main Office', '56665447-EAAE-4581-AAA6-386F9F2D1F8A')
, (597, 623, 'Main Office', '5675C4E3-B371-4439-81FD-4275D61434DA')
, (115, 1008, 'Main Office', '569B3CC4-17A6-40ED-8118-3AEE82BF43B3')
, (624, 1094, 'Main Office', '56E6517F-6D71-457E-89F9-9B536AAC662B')
, (222, 11381, 'Shipping', '56F3896A-C2FB-4AF2-A669-00758383B3FE')
, (18, 756, 'Main Office', '56FDE7EA-1FBE-4F89-BEBF-7FED1F25EC53')
, (565, 1084, 'Main Office', '57B3B514-6FB2-4B11-B143-EE6BF27456ED')
, (102, 462, 'Main Office', '57C685FD-9CEC-4598-BE40-3E749321DD0E')
, (609, 1092, 'Main Office', '57EEF6CD-A8AA-4C12-85A5-0C54B8677F17')
, (527, 1076, 'Main Office', '58722D4D-0F20-40F4-9C45-ACC587CA621A')
, (623, 11382, 'Shipping', '58CB0425-AE66-4E65-B55A-259A5CC239D7')
, (370, 505, 'Main Office', '59588F12-4096-45BD-A588-C07146DE9BB6')
, (528, 1077, 'Main Office', '59882244-6F12-400B-8F27-A8C19CC21DF5')
, (340, 653, 'Main Office', '59EBED38-B2E6-4C3E-9498-2609881F9B91')
, (300, 495, 'Main Office', '5A4D5A9E-3376-4247-8B87-DCDA8A07AA19')
, (83, 458, 'Main Office', '5A6AB0B1-38EF-45E9-B702-BECF8573D46D')
, (335, 500, 'Main Office', '5D3D97AD-FDA5-46BC-A162-3C9780DCE9E9')
, (439, 1062, 'Main Office', '5E4B9B06-3B39-41AF-A25F-3A09013A8AFB')
, (452, 883, 'Main Office', '5EE5D1DC-61F0-418B-809C-391BE42892F8')
, (550, 536, 'Main Office', '5EF639C1-2D20-4926-A012-B2D0C1E30B7E')
, (23, 991, 'Main Office', '5F8D1323-42A5-43BE-BB23-9271CA128CC0')
, (635, 669, 'Main Office', '5FE1ABAD-5346-45F8-A319-A1460E10FCFC')
, (186, 1019, 'Main Office', '600514B7-3634-4BE1-8152-C833576D1880')
, (76, 568, 'Main Office', '605FF8B9-D6EF-405C-B517-B1326CB7127C')
, (307, 866, 'Main Office', '60B58115-C2DC-4EBE-9CB2-80045983FCB7')
, (395, 797, 'Main Office', '612DCB3A-70A5-40D7-A853-FD8948BD2C05')
, (526, 532, 'Main Office', '61B0CD74-70A7-4912-83DE-8D0BC175F958')
, (425, 515, 'Main Office', '61F25E34-96BB-41D5-8056-5F8FA3AC0815')
, (222, 1025, 'Main Office', '6287A15B-B999-4B98-ADDD-7E44FED32C10')
, (435, 607, 'Main Office', '633DB8D5-069D-4798-9866-EB35355B0EF6')
, (685, 557, 'Main Office', '6403947C-FF7B-43C6-912C-873E65157C2B')
, (276, 1034, 'Main Office', '64A20BD7-A955-4311-A477-A7134EB24523')
, (353, 503, 'Main Office', '65582136-D02C-4A40-8479-1FEA4F664111')
, (334, 499, 'Main Office', '65606B6E-BC9B-4AB5-B242-0CD1B2BD758F')
, (349, 1047, 'Main Office', '66520764-ADC8-447A-ACCB-169B48CF4361')
, (120, 465, 'Main Office', '6672FA2C-5139-489C-8582-BD7F9439174B')
, (402, 1055, 'Main Office', '678364E9-76AC-4A4B-9FDF-70A442E72A1C')
, (569, 540, 'Main Office', '6788E969-AEF3-418A-9FAB-545CD00CE2F0')
, (282, 492, 'Main Office', '680CAC73-9FD7-486C-88A8-2D8FCC487EF8')
, (399, 603, 'Main Office', '6879D7E0-998E-415F-BAEB-01BF5847E7D1')
, (475, 1068, 'Main Office', '690290DB-E2F0-493C-87E0-39A6299DFAA1')
, (471, 611, 'Main Office', '6A6595DA-BB1C-470C-A0F2-A9A6BD0685BF')
, (93, 569, 'Main Office', '6BDA6855-A817-4776-95E2-9B156487646B')
, (379, 874, 'Main Office', '6DAD6ED1-0A2B-4D4F-9170-C54BFE7F0272')
, (11, 446, 'Main Office', '6EFEFE86-2C36-4080-A68D-94BB5FF9D6C2')
, (352, 502, 'Main Office', '700E5499-9D2A-496F-830E-04E2CEC02465')
, (137, 467, 'Main Office', '7036F504-6047-4BDE-9FB8-792D1FC05BF1')
, (204, 1022, 'Main Office', '70F86012-ABD4-4780-B5AF-DA9C78625726')
, (255, 587, 'Main Office', '70FF7DBD-7230-44DC-B340-C9223AC898DA')
, (534, 535, 'Main Office', '71E2D656-CEA4-4E21-966F-E90C6DE76CD8')
, (202, 582, 'Main Office', '728AE5D8-FC8B-487F-814C-95394F417A0F')
, (6, 989, 'Main Office', '72A0BD56-A70B-4C76-89D3-27C1F4A7ED94')
, (583, 1087, 'Main Office', '72F20988-188F-41B0-A659-203F3F800BA3')
, (227, 482, 'Main Office', '7348DA7F-3EB4-4EA6-A705-886613269C16')
, (473, 1066, 'Main Office', '739F5819-1F03-4F32-98C5-E56FEF4C6F3A')
, (668, 904, 'Main Office', '762ADFBE-4760-4C55-B9B5-528A3AEF41E4')
, (298, 493, 'Main Office', '7679714B-9380-493E-AD49-85643046EEF5')
, (82, 457, 'Main Office', '77B61378-2F96-4D7B-A831-D32392ACE02F')
, (579, 621, 'Main Office', '7848F851-9504-4EF9-A9AF-C445DB6F4979')
, (533, 534, 'Main Office', '78B4501C-89B3-4333-ADAA-C128DAE48275')
, (595, 896, 'Main Office', '790929F4-6E9B-4EB2-918B-8DA491F67DB0')
, (697, 1104, 'Main Office', '7918E0ED-41CF-46D8-BD7C-32CE4727D420')
, (138, 468, 'Main Office', '796162E4-D051-450D-9FCF-CF7CAAFA2FC7')
, (670, 631, 'Main Office', '798C85C2-7D84-47A8-8AA3-BD0082426F76')
, (510, 1073, 'Main Office', '79DB749C-22D8-4507-96D5-EEF435464171')

, (407, 512, 'Main Office', '7A037613-52E3-4E64-858B-35E8C72FE5AD')
, (106, 640, 'Main Office', '7A399258-C784-42DB-B865-043F539EA812')
, (306, 788, 'Main Office', '7A64047B-2BF3-4E43-ABC9-C3E9BB094BB6')
, (299, 494, 'Main Office', '7A804CF0-DE9A-419C-8A59-FC224C3B8202')
, (155, 470, 'Main Office', '7A9FB88E-C249-404D-9934-617997454DA2')
, (310, 594, 'Main Office', '7B08A245-9372-4B31-AE13-43BB87A91C1A')
, (443, 518, 'Main Office', '7B4C981F-B95C-48F8-8F51-4C641B3D796B')
, (92, 843, 'Main Office', '7B6C87C3-D83B-4AE5-AA7A-62A0F37D040B')
, (401, 1054, 'Main Office', '7B80306A-0A18-42AC-8892-80C3B02DD90E')
, (502, 662, 'Main Office', '7D14E523-DD6B-484C-B961-B2BA90FF17A7')
, (488, 887, 'Main Office', '7D3A5B63-AFB9-408E-AB72-90746DB92C09')
, (145, 848, 'Main Office', '7DE93A75-B5ED-48F3-9008-F7006F148D40')
, (114, 1007, 'Main Office', '7E1D036B-0DB7-4004-B11E-F44E2CF0D237')
, (223, 1026, 'Main Office', '7E412888-7B81-42DD-A604-1E0820AB921B')
, (84, 459, 'Main Office', '7EB74415-5350-40FD-B418-BEB2C3CAB764')
, (256, 588, 'Main Office', '80312298-15B8-400D-A5B1-DEE6C41CD81F')
, (562, 620, 'Main Office', '814AF8CE-4693-48A5-ABF1-DBA2C701352B')
, (362, 873, 'Main Office', '818CEF61-F5FE-4974-9013-3DA7556FF6F2')
, (268, 649, 'Main Office', '826B5A48-4347-4EEC-9E6B-24DEF573F3B2')
, (131, 1009, 'Main Office', '828876D3-4D1D-42DB-BA14-20340CD68132')
, (316, 496, 'Main Office', '82B1D322-CBF6-414A-A398-44A7CC6D4D44')
, (317, 497, 'Main Office', '8356BE10-C38D-4F59-9352-BC5DB0EA19C0')
, (620, 900, 'Main Office', '83E5EF09-E444-45AF-86BA-B97135C0B89D')
, (304, 651, 'Main Office', '83F40CCD-47D3-4623-868E-D50E1412FB32')
, (460, 520, 'Main Office', '84B485B7-126C-4E15-85BB-D57153301A35')
, (119, 464, 'Main Office', '84B955E4-1EF8-43EF-82D3-487C46C9CD9A')
, (361, 872, 'Main Office', '84DA5C99-1007-4337-874A-7E24DE2FC289')
, (127, 846, 'Main Office', '856D86B0-9593-46BD-A94E-052379EA27A6')
, (570, 32, 'Shipping', '85739135-A8B8-4EA0-AF19-A02E09784AAE')
, (600, 1089, 'Main Office', '85A81548-AE14-44AA-9D32-8D3BD37FAFCE')
, (46, 451, 'Main Office', '85F05DDA-8E19-452D-AAEA-CC84FCB6AA54')
, (221, 1024, 'Main Office', '86472E9F-E2A9-4C6D-AA78-05C90FDD0AC1')
, (490, 614, 'Main Office', '86755E53-39E3-4EA9-BF90-02157FF5EAB1')
, (523, 1075, 'Main Office', '86AC0875-753F-4CA7-9DEB-2E4039171B0D')
, (695, 634, 'Main Office', '86B7AF43-7337-4D60-90DD-4EE882A7FDF1')
, (293, 1036, 'Main Office', '86C31713-E5F3-4FF4-AB0E-5B911CA322A2')
, (19, 11, 'Shipping', '873C0F9E-02B7-49E3-9C38-98D498B7414A')
, (113, 1006, 'Main Office', '8822CBC6-1462-445F-9A21-3BDEBC656B2F')
, (574, 666, 'Main Office', '88DB6B6A-5F81-4140-8891-35E3DCD3E5CE')
, (130, 25, 'Shipping', '89B12EA9-E8FB-4C05-B4B3-DD41066F6B5D')
, (331, 1044, 'Main Office', '8B287DD2-69AB-42EC-9F2A-0FF8B6CA30B7')
, (210, 480, 'Main Office', '8B5ACE6A-220E-49F5-82FD-AC58C525BA0A')
, (109, 844, 'Main Office', '8D205B47-2E73-4325-B8CE-08697C431DFA')
, (380, 875, 'Main Office', '8D83214F-F3DA-489E-981D-012818BBDAC0')
, (694, 633, 'Main Office', '8E336D4B-3B13-4923-B2CF-C147F79941F2')
, (209, 479, 'Main Office', '8E42016D-FCD6-46D3-8F4B-C42537D62184')
, (678, 555, 'Main Office', '8E75F988-B280-4A8D-A1C3-3B196788D8F1')
, (201, 581, 'Main Office', '8E97F102-799C-4D7B-A387-0CBA0582EC90')
, (169, 1017, 'Main Office', '8FA69F89-762B-4F77-A24E-D3F842355EA6')
, (110, 845, 'Main Office', '8FC68B0C-0B14-4EB8-AE6D-55B3125D6185')
, (245, 485, 'Main Office', '91DD93E0-8C81-4CA4-AC6F-897DFFD33689')
, (621, 901, 'Main Office', '91E6D4EC-7FB2-4297-AA70-FABC548C90B3')
, (281, 491, 'Main Office', '921E503C-A4EC-4D63-A7AA-827F483C2712')
, (322, 652, 'Main Office', '924F5E89-E8DF-4D30-A4B4-0204FBAF950F')
, (371, 506, 'Main Office', '9260CFFD-9235-4762-9210-9D8D60C248A8')
, (168, 1016, 'Main Office', '926499C4-4A2D-4AD4-95F9-DD6989BA95D6')
, (479, 524, 'Main Office', '930E1C98-DF4A-4F7C-9815-2743746CC198')
, (112, 572, 'Main Office', '937B8BEB-26C3-4E03-A26F-E070FC53AC20')
, (601, 1090, 'Main Office', '937CF64F-BF52-48EA-A3BB-F6BCF933379E')
, (389, 509, 'Main Office', '940CA7CD-A704-49AD-923F-8DB2927FA508')
, (484, 661, 'Main Office', '94449DD3-1663-4BCA-9C61-62C7DB29B91C')
, (671, 632, 'Main Office', '947A0E2C-562E-476A-BE0E-2FCE1AFC906B')
, (10, 445, 'Main Office', '95F489EC-8050-41E3-AF97-9D17EB085476')
, (492, 1070, 'Main Office', '96903892-E414-4EE8-A29D-2B25A9BDBC91')
, (295, 1038, 'Main Office', '96A62527-EF49-4258-82E8-4E3D34B40EC9')
, (683, 673, 'Main Office', '96ADA2F9-E7F1-46F7-B3E2-CEC576EFB580')
, (532, 533, 'Main Office', '96C8EC05-7591-4C2A-A99A-981695775B77')
, (58, 566, 'Main Office', '972091C7-ECF9-4B2B-A500-C8D9E5F6AEE0')
, (21, 561, 'Main Office', '980821E1-E97F-4515-8F45-49671519EE7E')
, (650, 1099, 'Main Office', '9873A968-7B89-44B7-9C83-6683AE89B34B')
, (469, 884, 'Main Office', '9884F7FE-F4F8-46FC-B62F-70140B8B9354')
, (12, 447, 'Main Office', '98C36F43-4528-4563-9AD8-D68C68AFE403')
, (3, 559, 'Main Office', '98F008D4-5ED9-4E6E-A7D5-1B6166ACB6EE')
, (366, 1049, 'Main Office', '994966BB-E713-46D0-BBC4-9948D4356B3E')
, (124, 641, 'Main Office', '99A85F15-9C26-4B71-AFB3-A348FC9C40FD')
, (318, 498, 'Main Office', '99E08115-0CC3-4ED2-9948-39339787331F')
, (274, 590, 'Main Office', '9B400801-1A25-47CD-9CD1-2454CBB17761')
, (420, 1058, 'Main Office', '9BB2BE1A-BD8E-45C2-85BC-A9FCE8E99DA8')
, (677, 554, 'Main Office', '9BB7F407-9208-4CDE-B67D-C6D14776638F')
, (70, 638, 'Main Office', '9DC432E4-075C-41D8-AE02-69A75865C642')
, (336, 501, 'Main Office', '9DDA6B09-3F39-4549-974D-BBD720989E8A')
, (508, 616, 'Main Office', '9EBE8126-72E1-4998-BC62-574BC463EA66')
, (313, 1041, 'Main Office', '9F8D9EFB-B21E-4F90-988E-551C8C2F7324')
, (4, 11380, 'Shipping', 'A0B688D8-3D97-4CD1-8198-70AEF0FF1CB9')
, (95, 1003, 'Main Office', 'A1460590-7FB1-42A6-8749-A7E44353FD96')
, (520, 663, 'Main Office', 'A1461ADF-2A53-4DAF-8476-22FB027DA438')
, (43, 996, 'Main Office', 'A1807741-A0B4-4BAB-97F3-A30E3743D141')
, (232, 647, 'Main Office', 'A1A3312F-9D9F-491B-ADD3-C5BE2DE86764')
, (692, 906, 'Main Office', 'A1C49096-621D-4C20-862B-149FBA05423D')
, (97, 1005, 'Main Office', 'A26FA31E-FB58-47E5-A336-B75AA69F5BD7')
, (264, 489, 'Main Office', 'A2A23148-7491-442F-9C1E-C8CAD8C261C5')
, (448, 659, 'Main Office', 'A2DBB41B-387D-4937-A291-435E5629DDB2')
, (219, 583, 'Main Office', 'A475AF03-2138-4211-9A14-D656F79362AC')
, (418, 606, 'Main Office', 'A659FD2D-3269-4FD3-8FE3-E5A0ADC11160')
, (673, 1101, 'Main Office', 'A99B0790-23A4-4054-B446-452F228646FA')
, (493, 1071, 'Main Office', 'AADF1BDD-B2F9-4DF4-9EE6-A19B66334B53')
, (546, 1080, 'Main Office', 'AB326085-FD38-4886-9CF6-14F0E0FC63A8')
, (39, 563, 'Main Office', 'AC54C0C4-6400-4058-9434-29344D6BF2D1')
, (160, 643, 'Main Office', 'AC809663-EE08-430B-9096-601F1A4C8344')
, (390, 510, 'Main Office', 'ACA5D574-6FFE-4E93-893F-48BD6190AC19')

, (57, 565, 'Main Office', 'ACB5628D-39FA-4D1C-B130-4925B050DD89')
, (453, 609, 'Main Office', 'AD4AC95A-ABDB-4415-A97C-0171EA36E682')
, (497, 527, 'Main Office', 'ADF778FB-A199-41AD-9FBD-79682CDD9F76')
, (442, 517, 'Main Office', 'AEBD30FC-A807-499C-A9B7-9BDD32D7B9B9')
, (197, 775, 'Main Office', 'AF00C014-7758-483D-9E64-E21BD22AC029')
, (659, 671, 'Main Office', 'AF5C9EDA-D3C8-4A03-A08A-1152424269DE')
, (381, 601, 'Main Office', 'AFE866EA-4341-4CE3-81A9-280542B2FF74')
, (199, 854, 'Main Office', 'B01F25B5-1E40-4F49-94B2-20EAA6615233')
, (148, 576, 'Main Office', 'B108E982-2DB8-4811-B5FE-C8B788ABA824')
, (254, 861, 'Main Office', 'B1C23D53-FB6D-4004-870D-C0662033A407')
, (147, 575, 'Main Office', 'B1D91E14-D7D8-4C6F-B1F6-D34B17C8E6A7')
, (665, 672, 'Main Office', 'B21A8B4A-7633-4F81-816B-CE371F7259F8')
, (516, 531, 'Main Office', 'B2EA4D92-8FF4-4397-B253-310A7AFC74FC')
, (163, 850, 'Main Office', 'B340B04C-EC27-47FE-A8BD-E3899BF38C30')
, (181, 852, 'Main Office', 'B571C1C6-76B1-4D1B-9684-F8AB4FAEFA25')
, (286, 650, 'Main Office', 'B572F9A3-EE39-4F70-B359-5F4849397545')
, (419, 1057, 'Main Office', 'B675D5A6-6879-48DD-A02F-A61BEA77E1B1')
, (698, 1105, 'Main Office', 'B70242F7-F402-4D52-8DF7-A3B09BDEFAF7')
, (330, 1043, 'Main Office', 'B7DA7086-75C8-4350-BF26-BEF06F849C44')
, (226, 481, 'Main Office', 'B8104726-FD82-4114-B819-3FC96AC73141')
, (311, 1039, 'Main Office', 'B8556091-F01E-4C01-B51C-B3A57C2F2B11')
, (552, 538, 'Main Office', 'B880666E-8D57-4832-8498-861E6DF9F02F')
, (661, 553, 'Main Office', 'B8A383E0-3E73-401A-916B-880FF5D68D11')
, (100, 460, 'Main Office', 'B95340E8-A778-462F-BFF5-2D24B6AABF9D')
, (529, 1078, 'Main Office', 'B999800B-9498-4D69-A6CF-C970CA395DDC')
, (625, 1095, 'Main Office', 'B9A02150-CA8C-401F-99E9-89EFC97ECE97')
, (538, 664, 'Main Office', 'B9FE7041-7872-4ACC-8BE7-1DAE4628A181')
, (191, 476, 'Main Office', 'BB1FC049-2755-46CF-82A5-AD7062AF81AB')
, (461, 521, 'Main Office', 'BB43EA97-FB44-45E4-A85F-711603999CBB')
, (5, 988, 'Main Office', 'BEB82F07-3DC7-4C9A-8856-D911715199CE')
, (455, 1063, 'Main Office', 'BF1F3DB1-097D-4ECF-8B72-AC126A848CE9')
, (649, 1098, 'Main Office', 'BFD6C5EA-A7E7-457B-B988-0FCB3C224631')
, (436, 608, 'Main Office', 'BFE9E9C7-5D0D-4A9E-AE43-618B6E42390E')
, (239, 1027, 'Main Office', 'C0097AAD-4B1B-4B8F-8ACC-4C77D66E443A')
, (582, 1086, 'Main Office', 'C0313CDD-8C10-4B6C-8652-A1AF72A03510')
, (132, 1010, 'Main Office', 'C07EB023-BFD8-4CCE-B7A1-A8892302DBA0')
, (38, 837, 'Main Office', 'C0F34BD9-C096-4AFC-8365-E0F63EA1BD18')
, (101, 461, 'Main Office', 'C16020CD-6C36-4777-BF4E-5528AE63A009')
, (654, 551, 'Main Office', 'C1A64FE3-153F-4D65-9284-2A7DED366080')
, (653, 550, 'Main Office', 'C25616FF-70E4-4CB4-98E9-6003D15D2113')
, (606, 625, 'Main Office', 'C4582338-FE4B-433A-A39C-7957BE5EA043')
, (563, 1082, 'Main Office', 'C4B2BF2C-E4F0-4D39-9BB0-A8B197D667B3')
, (198, 776, 'Main Office', 'C4C44743-EE77-404C-AA2C-61DCA7BDB30A')
, (660, 826, 'Main Office', 'C6E65F98-5685-4E8E-957A-B42C4A4C16FC')
, (430, 658, 'Main Office', 'C90ED3B1-BBA8-4AF0-8FB4-7EF3A3F4750E')
, (79, 1002, 'Main Office', 'C9BC1984-AF7F-4AD2-A106-40F418E35675')
, (22, 562, 'Main Office', 'CABC84EE-461E-430F-95C3-65D0183C3E92')
, (240, 1028, 'Main Office', 'CAC9036A-4610-465D-A64A-2D69A005DF33')
, (111, 571, 'Main Office', 'CAEC389C-EA5A-4E5C-8256-F5DF924D5DFB')
, (190, 475, 'Main Office', 'CB383D7F-5AAA-4B97-B228-020CF16125E6')
, (358, 654, 'Main Office', 'CC425328-6A54-4788-B900-383C35C72B78')
, (16, 635, 'Main Office', 'CD124ACB-694D-4C8D-936C-6767F938AC19')
, (570, 541, 'Main Office', 'CD75B6E0-00B4-4169-8E6C-03EEDC7EF1E9')
, (173, 473, 'Main Office', 'CD9C5F2E-548F-4C35-95D6-C1F6C781DBEF')
, (354, 504, 'Main Office', 'CE2BB55E-3082-4845-9BB9-12A589534188')
, (129, 573, 'Main Office', 'CE7C1D46-2FB0-48AE-A96D-97BBE93B616D')
, (277, 1035, 'Main Office', 'CF479FD1-90DE-4E74-85E3-3965DE1AE941')
, (400, 604, 'Main Office', 'D00B2D7B-6A97-4828-9B07-3AF5FB1F4D27')
, (394, 656, 'Main Office', 'D103BF5F-70F6-4DC4-ABE0-47993E937B01')
, (288, 786, 'Main Office', 'D10990C2-017D-4663-8256-5C3F83231733')
, (280, 490, 'Main Office', 'D12CF680-640C-4E4F-A2F1-6CAB646C5D82')
, (608, 1091, 'Main Office', 'D2BCA751-0F9A-466D-B02F-46F0954EB3AD')
, (466, 660, 'Main Office', 'D31A5F89-B6DE-4179-BE48-5126A7D8E284')
, (364, 600, 'Main Office', 'D423DDB3-DACD-43C2-82FE-38127AFBDDF0')
, (47, 452, 'Main Office', 'D4468B4D-C094-4A19-B6EF-356EC8C7F954')
, (74, 841, 'Main Office', 'D50DC990-E22B-4B27-9EAA-4A56F2B297B1')
, (220, 584, 'Main Office', 'D51CD3B8-9B09-4680-BCDA-1C1510B447BB')
, (610, 1093, 'Main Office', 'D548CAF8-B0EA-4698-8E13-0C20443B3CBF')
, (150, 1013, 'Main Office', 'D5534F6D-4691-4603-9B31-8C894D1520BF')
, (96, 1004, 'Main Office', 'D55A7C9F-ECDA-443A-9AAB-B3C0398918D9')
, (250, 648, 'Main Office', 'D6410985-D670-48E3-833F-4C676ED3D01D')
, (511, 1074, 'Main Office', 'D6CD1D2F-2E97-4176-8663-485F34CC5D5E')
, (52, 637, 'Main Office', 'D778B617-4E2B-435C-996C-AED0F5F03BA2')
, (290, 865, 'Main Office', 'D7B90585-A675-4111-AE0F-D7C551854509')
, (118, 463, 'Main Office', 'D9DDE5BA-99DB-4780-91F3-1A1451E4877C')
, (326, 869, 'Main Office', 'D9E21CCC-A991-441A-9F77-653B2692D086')
, (91, 842, 'Main Office', 'DA3C72F5-4E1E-4D06-802B-E1B176BC8354')
, (344, 871, 'Main Office', 'DA93AEAD-8FA0-4875-BE22-67FDBB8593C2')
, (154, 469, 'Main Office', 'DB4220A0-E15D-43A9-B28E-982E2764B9C8')
, (372, 507, 'Main Office', 'DB818A96-E0FB-4BA9-8BD5-C5F2FD189EB4')
, (544, 618, 'Main Office', 'DBB9F858-919D-43CD-86E9-29FE7CC797B5')
, (605, 899, 'Main Office', 'DBCA387D-2076-4A06-A53E-32C7CA0727E2')
, (468, 806, 'Main Office', 'DC0D546A-6040-4418-AF16-A1AA111B484D')
, (323, 789, 'Main Office', 'DD2EB487-630D-47E4-990C-975D3E1EB7C8')
, (203, 1021, 'Main Office', 'DE889573-603C-4912-8330-228D3B2B19DF')
, (56, 839, 'Main Office', 'DEC479BB-CDB6-41A9-902C-4B89437460D8')
, (647, 630, 'Main Office', 'DF1D02D5-F6D3-4E7D-B3C9-05B85A36BF59')
, (457, 1065, 'Main Office', 'DF70E766-0A48-400E-8FC3-D5642A2F7082')
, (309, 593, 'Main Office', 'E0AC0C5D-A126-4AB3-B879-E2C7D9A3206B')
, (165, 577, 'Main Office', 'E0B857F9-24FA-4B89-A142-EDD5B3B743CE')
, (235, 858, 'Main Office', 'E0E2D197-8D51-4139-9E1A-D8AF0D6ACB9D')
, (451, 882, 'Main Office', 'E0E722C4-4695-400D-B818-CD7050EB919F')
, (599, 1088, 'Main Office', 'E1DD1DCA-4CF9-49D7-92D7-565821EF1CE2')
, (25, 993, 'Main Office', 'E1E76F62-1E3E-4482-B8A2-24F6FDEFF1C6')
, (41, 994, 'Main Office', 'E240552F-E257-46D5-85CB-2E682E0BAB7F')
, (655, 552, 'Main Office', 'E2417A8F-B6E5-4CDB-A862-803FB65C1D5B')
, (272, 863, 'Main Office', 'E3898E8C-2911-4E33-A09C-F45D014BC8CD')
, (689, 674, 'Main Office', 'E41D15E5-3898-44DA-81F0-E450451C506D')
, (192, 477, 'Main Office', 'E4477880-ABE2-475D-B69E-00DA22A85273')
, (136, 466, 'Main Office', 'E508CA2A-18F7-46BB-B6B5-7DA24B313D45')

, (64, 454, 'Main Office', 'E51A97A6-3962-43E2-9B19-C5A7176EB828')
, (327, 595, 'Main Office', 'E68302F2-D83C-4875-AFD0-15469619F650')
, (367, 1050, 'Main Office', 'E6B12DDA-E7CF-4881-BE28-FF88CE90CD26')
, (200, 855, 'Main Office', 'E949A1ED-ED1F-4ADA-91CE-CC824CCEFACB')
, (382, 602, 'Main Office', 'EA00F5F7-EB60-4223-839B-062386F9A6CA')
, (507, 615, 'Main Office', 'EA128608-0D8E-45F6-BE86-EA05209ACF95')
, (34, 636, 'Main Office', 'EA19F9DF-E14A-4E03-B74C-CE544D82D290')
, (20, 835, 'Main Office', 'EA618ED9-9857-4392-B426-CFA226A26B1A')
, (287, 785, 'Main Office', 'EAA167A6-56E2-4D6F-A66B-0F9DC4E03C19')
, (470, 885, 'Main Office', 'EAECC821-A7B1-4B0E-94A3-6D05F2E4C3CC')
, (40, 564, 'Main Office', 'EB66EF8D-0076-4999-9774-B00C88550C82')
, (412, 657, 'Main Office', 'EBB4FCAB-800B-419F-9A1D-74F2DDD75ACB')
, (184, 580, 'Main Office', 'EBFB9247-1CEB-4A3A-B633-F70596610C6C')
, (259, 1032, 'Main Office', 'EC362686-EFAB-4FC0-A9D0-65E2F96BDB1B')
, (426, 516, 'Main Office', 'EC7689D4-B820-4526-AB36-98D75A7EAACB')
, (398, 877, 'Main Office', 'ECD13E89-0963-4D86-8B9C-51CDECE51446')
, (24, 992, 'Main Office', 'ED91F16F-6385-4BD5-B114-EAF2B6450226')
, (185, 1018, 'Main Office', 'EDB5A9E7-E803-4A73-9CAD-B6E3ED0738A5')
, (236, 859, 'Main Office', 'EE7927A2-8BEF-4C75-A17C-2AF778E7FB04')
, (669, 905, 'Main Office', 'EE9BDF6B-D266-4210-8B1C-D60D3A519076')
, (701, 558, 'Main Office', 'EEB547CA-2BC7-459F-9464-5865658BF091')
, (491, 1069, 'Main Office', 'EF8F0EA4-9EAA-488A-9A22-0667F8D48D77')
, (504, 810, 'Main Office', 'F1107A5B-C4C4-4C8C-89B1-C55E293F2AAB')
, (578, 895, 'Main Office', 'F15453F3-38B5-4E7B-A22C-C501DBA357D8')
, (214, 646, 'Main Office', 'F1658F0B-FC6C-4A21-A5E2-A6D3D3F347B6')
, (308, 867, 'Main Office', 'F177468F-E728-4E82-B6DB-147B70ABE2DF')
, (289, 864, 'Main Office', 'F23A9DE6-D990-45CB-AD98-E03D49CDDFE1')
, (377, 795, 'Main Office', 'F3C1616B-C31B-4C03-8904-EE78C42490E7')
, (254, 185, 'Shipping', 'F3D97F64-E89C-4D71-B569-A147EBAE173D')
, (133, 1011, 'Main Office', 'F486310C-2565-41A8-9B91-B5A486C28749')
, (645, 903, 'Main Office', 'F48F8C8D-5B92-46D8-AEB8-0F76008CF38A')
, (271, 862, 'Main Office', 'F4E122C5-6F49-4FF2-87E8-805A64777D0F')
, (291, 591, 'Main Office', 'F5089B08-D04B-4909-8D2F-6D588D125FD8')
, (679, 556, 'Main Office', 'F5656367-A0C1-45A3-9772-FA1FA677293F')
, (347, 1045, 'Main Office', 'F6B72F89-DA08-414C-ADD5-4027C2EC5AF7')
, (580, 622, 'Main Office', 'F6E2D3B8-C7D3-4389-95C1-E36D9F1CCA18')
, (421, 1059, 'Main Office', 'F7C1D0EC-CC54-42B3-B62E-B97A1502866E')
, (693, 907, 'Main Office', 'F8A82379-3212-4AFD-9654-1E760CDAF3B3')
, (646, 629, 'Main Office', 'F9E17339-023D-4491-BE1A-936A27AEA2E7')
, (151, 1014, 'Main Office', 'FA6F2714-533F-4C9E-A7B2-D419E5260135')
, (543, 617, 'Main Office', 'FB1341F1-D882-41D3-8B45-5487C052A6F6')
, (75, 567, 'Main Office', 'FB7FE9BE-6404-4355-B326-D3D3C81D4BF6')
, (196, 645, 'Main Office', 'FC30B708-53D1-477D-95AD-2DA2D0B62BEA')
, (607, 626, 'Main Office', 'FC371B29-55EC-4A0C-92DA-1EC384B0E9E2')
, (348, 1046, 'Main Office', 'FC479314-6AF7-4588-B2F6-8BE8204804E0')
, (383, 1051, 'Main Office', 'FCA37E98-8012-4CD3-9C43-F9F46DF51275')
, (257, 1030, 'Main Office', 'FD67F6EA-A06E-471E-8FE8-E6521E5333E2')
, (1, 832, 'Main Office', 'FDDF621F-B1AE-4CA8-8C2D-1E69B1280B14')
, (454, 610, 'Main Office', 'FE540275-BAA7-4CC3-8984-44A8154976E7')
, (142, 642, 'Main Office', 'FFD29BAD-0D8A-4962-BDF6-9C417A17D673')
;

INSERT INTO SAW.Product (ProductID, Name, ProductNumber, Color, StandardCost, ListPrice, Sze, Weight, ProductCategoryID, ProductModelID, SellStartDate, SellEndDate) VALUES 
(680, '"HL Road Frame - Black, 58"', 'FR-R92B-58', 'Black', 1059.3100, 1431.5000, '58', '1016.04', 18, 6, CAST('1998-06-01T00:00:00.000' AS DateTime), NULL)
, (706, '"HL Road Frame - Red, 58"', 'FR-R92R-58', 'Red', 1059.3100, 1431.5000, '58', '1016.04', 18, 6, CAST('1998-06-01T00:00:00.000' AS DateTime), NULL)
, (707, '"Sport-100 Helmet, Red"', 'HL-U509-R', 'Red', 13.0900, 34.9900, 'null', 'null', 35, 33, CAST('2001-07-01T00:00:00.000' AS DateTime), NULL)
, (708, '"Sport-100 Helmet, Black"', 'HL-U509', 'Black', 13.0900, 34.9900, 'null', 'null', 35, 33, CAST('2001-07-01T00:00:00.000' AS DateTime), NULL)
, (709, '"Mountain Bike Socks, M"', 'SO-B909-M', 'White', 3.4000, 9.5000, 'M', 'null', 27, 18, CAST('2001-07-01T00:00:00.000' AS DateTime), CAST('2002-06-30T00:00:00.000' AS DateTime))
, (710, '"Mountain Bike Socks, L"', 'SO-B909-L', 'White', 3.4000, 9.5000, 'L', 'null', 27, 18, CAST('2001-07-01T00:00:00.000' AS DateTime), CAST('2002-06-30T00:00:00.000' AS DateTime))
, (711, '"Sport-100 Helmet, Blue"', 'HL-U509-B', 'Blue', 13.0900, 34.9900, 'null', 'null', 35, 33, CAST('2001-07-01T00:00:00.000' AS DateTime), NULL)
, (712, 'AWC Logo Cap', 'CA-1098', 'Multi', 6.9200, 8.9900, 'null', 'null', 23, 2, CAST('2001-07-01T00:00:00.000' AS DateTime), NULL)
, (713, '"Long-Sleeve Logo Jersey, S"', 'LJ-0192-S', 'Multi', 38.4900, 49.9900, 'S', 'null', 25, 11, CAST('2001-07-01T00:00:00.000' AS DateTime), NULL)
, (714, '"Long-Sleeve Logo Jersey, M"', 'LJ-0192-M', 'Multi', 38.4900, 49.9900, 'M', 'null', 25, 11, CAST('2001-07-01T00:00:00.000' AS DateTime), NULL)
, (715, '"Long-Sleeve Logo Jersey, L"', 'LJ-0192-L', 'Multi', 38.4900, 49.9900, 'L', 'null', 25, 11, CAST('2001-07-01T00:00:00.000' AS DateTime), NULL)
, (716, '"Long-Sleeve Logo Jersey, XL"', 'LJ-0192-X', 'Multi', 38.4900, 49.9900, 'XL', 'null', 25, 11, CAST('2001-07-01T00:00:00.000' AS DateTime), NULL)
, (717, '"HL Road Frame - Red, 62"', 'FR-R92R-62', 'Red', 868.6300, 1431.5000, '62', '1043.26', 18, 6, CAST('2001-07-01T00:00:00.000' AS DateTime), NULL)
, (718, '"HL Road Frame - Red, 44"', 'FR-R92R-44', 'Red', 868.6300, 1431.5000, '44', '961.61', 18, 6, CAST('2001-07-01T00:00:00.000' AS DateTime), NULL)
, (719, '"HL Road Frame - Red, 48"', 'FR-R92R-48', 'Red', 868.6300, 1431.5000, '48', '979.75', 18, 6, CAST('2001-07-01T00:00:00.000' AS DateTime), NULL)
, (720, '"HL Road Frame - Red, 52"', 'FR-R92R-52', 'Red', 868.6300, 1431.5000, '52', '997.9', 18, 6, CAST('2001-07-01T00:00:00.000' AS DateTime), NULL)
, (721, '"HL Road Frame - Red, 56"', 'FR-R92R-56', 'Red', 868.6300, 1431.5000, '56', '1016.04', 18, 6, CAST('2001-07-01T00:00:00.000' AS DateTime), NULL)
, (722, '"LL Road Frame - Black, 58"', 'FR-R38B-58', 'Black', 204.6300, 337.2200, '58', '1115.83', 18, 9, CAST('2001-07-01T00:00:00.000' AS DateTime), NULL)
, (723, '"LL Road Frame - Black, 60"', 'FR-R38B-60', 'Black', 204.6300, 337.2200, '60', '1124.9', 18, 9, CAST('2001-07-01T00:00:00.000' AS DateTime), NULL)
, (724, '"LL Road Frame - Black, 62"', 'FR-R38B-62', 'Black', 204.6300, 337.2200, '62', '1133.98', 18, 9, CAST('2001-07-01T00:00:00.000' AS DateTime), NULL)
, (725, '"LL Road Frame - Red, 44"', 'FR-R38R-44', 'Red', 187.1600, 337.2200, '44', '1052.33', 18, 9, CAST('2001-07-01T00:00:00.000' AS DateTime), CAST('2003-06-30T00:00:00.000' AS DateTime))
, (726, '"LL Road Frame - Red, 48"', 'FR-R38R-48', 'Red', 187.1600, 337.2200, '48', '1070.47', 18, 9, CAST('2001-07-01T00:00:00.000' AS DateTime), CAST('2003-06-30T00:00:00.000' AS DateTime))
, (727, '"LL Road Frame - Red, 52"', 'FR-R38R-52', 'Red', 187.1600, 337.2200, '52', '1088.62', 18, 9, CAST('2001-07-01T00:00:00.000' AS DateTime), CAST('2003-06-30T00:00:00.000' AS DateTime))
, (728, '"LL Road Frame - Red, 58"', 'FR-R38R-58', 'Red', 187.1600, 337.2200, '58', '1115.83', 18, 9, CAST('2001-07-01T00:00:00.000' AS DateTime), CAST('2003-06-30T00:00:00.000' AS DateTime))
, (729, '"LL Road Frame - Red, 60"', 'FR-R38R-60', 'Red', 187.1600, 337.2200, '60', '1124.9', 18, 9, CAST('2001-07-01T00:00:00.000' AS DateTime), CAST('2003-06-30T00:00:00.000' AS DateTime))
, (730, '"LL Road Frame - Red, 62"', 'FR-R38R-62', 'Red', 187.1600, 337.2200, '62', '1133.98', 18, 9, CAST('2001-07-01T00:00:00.000' AS DateTime), CAST('2003-06-30T00:00:00.000' AS DateTime))
, (731, '"ML Road Frame - Red, 44"', 'FR-R72R-44', 'Red', 352.1400, 594.8300, '44', '1006.97', 18, 16, CAST('2001-07-01T00:00:00.000' AS DateTime), CAST('2002-06-30T00:00:00.000' AS DateTime))
, (732, '"ML Road Frame - Red, 48"', 'FR-R72R-48', 'Red', 352.1400, 594.8300, '48', '1025.11', 18, 16, CAST('2001-07-01T00:00:00.000' AS DateTime), CAST('2002-06-30T00:00:00.000' AS DateTime))
, (733, '"ML Road Frame - Red, 52"', 'FR-R72R-52', 'Red', 352.1400, 594.8300, '52', '1043.26', 18, 16, CAST('2001-07-01T00:00:00.000' AS DateTime), CAST('2002-06-30T00:00:00.000' AS DateTime))
, (734, '"ML Road Frame - Red, 58"', 'FR-R72R-58', 'Red', 352.1400, 594.8300, '58', '1070.47', 18, 16, CAST('2001-07-01T00:00:00.000' AS DateTime), CAST('2002-06-30T00:00:00.000' AS DateTime))
, (735, '"ML Road Frame - Red, 60"', 'FR-R72R-60', 'Red', 352.1400, 594.8300, '60', '1079.54', 18, 16, CAST('2001-07-01T00:00:00.000' AS DateTime), CAST('2002-06-30T00:00:00.000' AS DateTime))
, (736, '"LL Road Frame - Black, 44"', 'FR-R38B-44', 'Black', 204.6300, 337.2200, '44', '1052.33', 18, 9, CAST('2001-07-01T00:00:00.000' AS DateTime), NULL)
, (737, '"LL Road Frame - Black, 48"', 'FR-R38B-48', 'Black', 204.6300, 337.2200, '48', '1070.47', 18, 9, CAST('2001-07-01T00:00:00.000' AS DateTime), NULL)
, (738, '"LL Road Frame - Black, 52"', 'FR-R38B-52', 'Black', 204.6300, 337.2200, '52', '1088.62', 18, 9, CAST('2001-07-01T00:00:00.000' AS DateTime), NULL)
, (739, '"HL Mountain Frame - Silver, 42"', 'FR-M94S-42', 'Silver', 747.2000, 1364.5000, '42', '1233.76', 16, 5, CAST('2001-07-01T00:00:00.000' AS DateTime), NULL)
, (740, '"HL Mountain Frame - Silver, 44"', 'FR-M94S-44', 'Silver', 706.8100, 1364.5000, '44', '1251.91', 16, 5, CAST('2001-07-01T00:00:00.000' AS DateTime), CAST('2002-06-30T00:00:00.000' AS DateTime))
, (741, '"HL Mountain Frame - Silver, 48"', 'FR-M94S-52', 'Silver', 706.8100, 1364.5000, '48', '1270.05', 16, 5, CAST('2001-07-01T00:00:00.000' AS DateTime), CAST('2002-06-30T00:00:00.000' AS DateTime))
, (742, '"HL Mountain Frame - Silver, 46"', 'FR-M94S-46', 'Silver', 747.2000, 1364.5000, '46', '1288.2', 16, 5, CAST('2001-07-01T00:00:00.000' AS DateTime), NULL)
, (743, '"HL Mountain Frame - Black, 42"', 'FR-M94B-42', 'Black', 739.0400, 1349.6000, '42', '1233.76', 16, 5, CAST('2001-07-01T00:00:00.000' AS DateTime), NULL)
, (744, '"HL Mountain Frame - Black, 44"', 'FR-M94B-44', 'Black', 699.0900, 1349.6000, '44', '1251.91', 16, 5, CAST('2001-07-01T00:00:00.000' AS DateTime), CAST('2002-06-30T00:00:00.000' AS DateTime))
, (745, '"HL Mountain Frame - Black, 48"', 'FR-M94B-48', 'Black', 699.0900, 1349.6000, '48', '1270.05', 16, 5, CAST('2001-07-01T00:00:00.000' AS DateTime), CAST('2002-06-30T00:00:00.000' AS DateTime))
, (746, '"HL Mountain Frame - Black, 46"', 'FR-M94B-46', 'Black', 739.0400, 1349.6000, '46', '1288.2', 16, 5, CAST('2001-07-01T00:00:00.000' AS DateTime), NULL)
, (747, '"HL Mountain Frame - Black, 38"', 'FR-M94B-38', 'Black', 739.0400, 1349.6000, '38', '1215.62', 16, 5, CAST('2001-07-01T00:00:00.000' AS DateTime), NULL)
, (748, '"HL Mountain Frame - Silver, 38"', 'FR-M94S-38', 'Silver', 747.2000, 1364.5000, '38', '1215.62', 16, 5, CAST('2001-07-01T00:00:00.000' AS DateTime), NULL)
, (749, '"Road-150 Red, 62"', 'BK-R93R-62', 'Red', 2171.2900, 3578.2700, '62', '6803.85', 6, 25, CAST('2001-07-01T00:00:00.000' AS DateTime), CAST('2002-06-30T00:00:00.000' AS DateTime))
, (750, '"Road-150 Red, 44"', 'BK-R93R-44', 'Red', 2171.2900, 3578.2700, '44', '6245.93', 6, 25, CAST('2001-07-01T00:00:00.000' AS DateTime), CAST('2002-06-30T00:00:00.000' AS DateTime))
, (751, '"Road-150 Red, 48"', 'BK-R93R-48', 'Red', 2171.2900, 3578.2700, '48', '6409.23', 6, 25, CAST('2001-07-01T00:00:00.000' AS DateTime), CAST('2002-06-30T00:00:00.000' AS DateTime))
, (752, '"Road-150 Red, 52"', 'BK-R93R-52', 'Red', 2171.2900, 3578.2700, '52', '6540.77', 6, 25, CAST('2001-07-01T00:00:00.000' AS DateTime), CAST('2002-06-30T00:00:00.000' AS DateTime))
, (753, '"Road-150 Red, 56"', 'BK-R93R-56', 'Red', 2171.2900, 3578.2700, '56', '6658.7', 6, 25, CAST('2001-07-01T00:00:00.000' AS DateTime), CAST('2002-06-30T00:00:00.000' AS DateTime))
, (754, '"Road-450 Red, 58"', 'BK-R68R-58', 'Red', 884.7100, 1457.9900, '58', '8069.37', 6, 28, CAST('2001-07-01T00:00:00.000' AS DateTime), CAST('2002-06-30T00:00:00.000' AS DateTime))
, (755, '"Road-450 Red, 60"', 'BK-R68R-60', 'Red', 884.7100, 1457.9900, '60', '8119.26', 6, 28, CAST('2001-07-01T00:00:00.000' AS DateTime), CAST('2002-06-30T00:00:00.000' AS DateTime))
, (756, '"Road-450 Red, 44"', 'BK-R68R-44', 'Red', 884.7100, 1457.9900, '44', '7606.7', 6, 28, CAST('2001-07-01T00:00:00.000' AS DateTime), CAST('2002-06-30T00:00:00.000' AS DateTime))
, (757, '"Road-450 Red, 48"', 'BK-R68R-48', 'Red', 884.7100, 1457.9900, '48', '7770', 6, 28, CAST('2001-07-01T00:00:00.000' AS DateTime), CAST('2002-06-30T00:00:00.000' AS DateTime))
, (758, '"Road-450 Red, 52"', 'BK-R68R-52', 'Red', 884.7100, 1457.9900, '52', '7901.54', 6, 28, CAST('2001-07-01T00:00:00.000' AS DateTime), CAST('2002-06-30T00:00:00.000' AS DateTime))
, (759, '"Road-650 Red, 58"', 'BK-R50R-58', 'Red', 486.7100, 782.9900, '58', '8976.55', 6, 30, CAST('2001-07-01T00:00:00.000' AS DateTime), CAST('2003-06-30T00:00:00.000' AS DateTime))
, (760, '"Road-650 Red, 60"', 'BK-R50R-60', 'Red', 486.7100, 782.9900, '60', '9026.44', 6, 30, CAST('2001-07-01T00:00:00.000' AS DateTime), CAST('2003-06-30T00:00:00.000' AS DateTime))
, (761, '"Road-650 Red, 62"', 'BK-R50R-62', 'Red', 486.7100, 782.9900, '62', '9071.8', 6, 30, CAST('2001-07-01T00:00:00.000' AS DateTime), CAST('2003-06-30T00:00:00.000' AS DateTime))
, (762, '"Road-650 Red, 44"', 'BK-R50R-44', 'Red', 486.7100, 782.9900, '44', '8513.88', 6, 30, CAST('2001-07-01T00:00:00.000' AS DateTime), CAST('2003-06-30T00:00:00.000' AS DateTime))
, (763, '"Road-650 Red, 48"', 'BK-R50R-48', 'Red', 486.7100, 782.9900, '48', '8677.18', 6, 30, CAST('2001-07-01T00:00:00.000' AS DateTime), CAST('2003-06-30T00:00:00.000' AS DateTime))
, (764, '"Road-650 Red, 52"', 'BK-R50R-52', 'Red', 486.7100, 782.9900, '52', '8808.72', 6, 30, CAST('2001-07-01T00:00:00.000' AS DateTime), CAST('2003-06-30T00:00:00.000' AS DateTime))
, (765, '"Road-650 Black, 58"', 'BK-R50B-58', 'Black', 486.7100, 782.9900, '58', '8976.55', 6, 30, CAST('2001-07-01T00:00:00.000' AS DateTime), CAST('2003-06-30T00:00:00.000' AS DateTime))
, (766, '"Road-650 Black, 60"', 'BK-R50B-60', 'Black', 486.7100, 782.9900, '60', '9026.44', 6, 30, CAST('2001-07-01T00:00:00.000' AS DateTime), CAST('2003-06-30T00:00:00.000' AS DateTime))
, (767, '"Road-650 Black, 62"', 'BK-R50B-62', 'Black', 486.7100, 782.9900, '62', '9071.8', 6, 30, CAST('2001-07-01T00:00:00.000' AS DateTime), CAST('2003-06-30T00:00:00.000' AS DateTime))
, (768, '"Road-650 Black, 44"', 'BK-R50B-44', 'Black', 486.7100, 782.9900, '44', '8513.88', 6, 30, CAST('2001-07-01T00:00:00.000' AS DateTime), CAST('2003-06-30T00:00:00.000' AS DateTime))
, (769, '"Road-650 Black, 48"', 'BK-R50B-48', 'Black', 486.7100, 782.9900, '48', '8677.18', 6, 30, CAST('2001-07-01T00:00:00.000' AS DateTime), CAST('2003-06-30T00:00:00.000' AS DateTime))
, (770, '"Road-650 Black, 52"', 'BK-R50B-52', 'Black', 486.7100, 782.9900, '52', '8808.72', 6, 30, CAST('2001-07-01T00:00:00.000' AS DateTime), CAST('2003-06-30T00:00:00.000' AS DateTime))
, (771, '"Mountain-100 Silver, 38"', 'BK-M82S-38', 'Silver', 1912.1500, 3399.9900, '38', '9230.56', 5, 19, CAST('2001-07-01T00:00:00.000' AS DateTime), CAST('2003-06-30T00:00:00.000' AS DateTime))
, (772, '"Mountain-100 Silver, 42"', 'BK-M82S-42', 'Silver', 1912.1500, 3399.9900, '42', '9421.06', 5, 19, CAST('2001-07-01T00:00:00.000' AS DateTime), CAST('2003-06-30T00:00:00.000' AS DateTime))
, (773, '"Mountain-100 Silver, 44"', 'BK-M82S-44', 'Silver', 1912.1500, 3399.9900, '44', '9584.36', 5, 19, CAST('2001-07-01T00:00:00.000' AS DateTime), CAST('2003-06-30T00:00:00.000' AS DateTime))
, (774, '"Mountain-100 Silver, 48"', 'BK-M82S-48', 'Silver', 1912.1500, 3399.9900, '48', '9715.9', 5, 19, CAST('2001-07-01T00:00:00.000' AS DateTime), CAST('2003-06-30T00:00:00.000' AS DateTime))
, (775, '"Mountain-100 Black, 38"', 'BK-M82B-38', 'Black', 1898.0900, 3374.9900, '38', '9230.56', 5, 19, CAST('2001-07-01T00:00:00.000' AS DateTime), CAST('2003-06-30T00:00:00.000' AS DateTime))
, (776, '"Mountain-100 Black, 42"', 'BK-M82B-42', 'Black', 1898.0900, 3374.9900, '42', '9421.06', 5, 19, CAST('2001-07-01T00:00:00.000' AS DateTime), CAST('2003-06-30T00:00:00.000' AS DateTime))
, (777, '"Mountain-100 Black, 44"', 'BK-M82B-44', 'Black', 1898.0900, 3374.9900, '44', '9584.36', 5, 19, CAST('2001-07-01T00:00:00.000' AS DateTime), CAST('2003-06-30T00:00:00.000' AS DateTime))
, (778, '"Mountain-100 Black, 48"', 'BK-M82B-48', 'Black', 1898.0900, 3374.9900, '48', '9715.9', 5, 19, CAST('2001-07-01T00:00:00.000' AS DateTime), CAST('2003-06-30T00:00:00.000' AS DateTime))
, (779, '"Mountain-200 Silver, 38"', 'BK-M68S-38', 'Silver', 1265.6200, 2319.9900, '38', '10591.33', 5, 20, CAST('2002-07-01T00:00:00.000' AS DateTime), NULL)
, (780, '"Mountain-200 Silver, 42"', 'BK-M68S-42', 'Silver', 1265.6200, 2319.9900, '42', '10781.83', 5, 20, CAST('2002-07-01T00:00:00.000' AS DateTime), NULL)
, (781, '"Mountain-200 Silver, 46"', 'BK-M68S-46', 'Silver', 1265.6200, 2319.9900, '46', '10945.13', 5, 20, CAST('2002-07-01T00:00:00.000' AS DateTime), NULL)
, (782, '"Mountain-200 Black, 38"', 'BK-M68B-38', 'Black', 1251.9800, 2294.9900, '38', '10591.33', 5, 20, CAST('2002-07-01T00:00:00.000' AS DateTime), NULL)
, (783, '"Mountain-200 Black, 42"', 'BK-M68B-42', 'Black', 1251.9800, 2294.9900, '42', '10781.83', 5, 20, CAST('2002-07-01T00:00:00.000' AS DateTime), NULL)
, (784, '"Mountain-200 Black, 46"', 'BK-M68B-46', 'Black', 1251.9800, 2294.9900, '46', '10945.13', 5, 20, CAST('2002-07-01T00:00:00.000' AS DateTime), NULL)
, (785, '"Mountain-300 Black, 38"', 'BK-M47B-38', 'Black', 598.4400, 1079.9900, '38', '11498.51', 5, 21, CAST('2002-07-01T00:00:00.000' AS DateTime), CAST('2003-06-30T00:00:00.000' AS DateTime))
, (786, '"Mountain-300 Black, 40"', 'BK-M47B-40', 'Black', 598.4400, 1079.9900, '40', '11689.01', 5, 21, CAST('2002-07-01T00:00:00.000' AS DateTime), CAST('2003-06-30T00:00:00.000' AS DateTime))
, (787, '"Mountain-300 Black, 44"', 'BK-M47B-44', 'Black', 598.4400, 1079.9900, '44', '11852.31', 5, 21, CAST('2002-07-01T00:00:00.000' AS DateTime), CAST('2003-06-30T00:00:00.000' AS DateTime))
, (788, '"Mountain-300 Black, 48"', 'BK-M47B-48', 'Black', 598.4400, 1079.9900, '48', '11983.85', 5, 21, CAST('2002-07-01T00:00:00.000' AS DateTime), CAST('2003-06-30T00:00:00.000' AS DateTime))
, (789, '"Road-250 Red, 44"', 'BK-R89R-44', 'Red', 1518.7900, 2443.3500, '44', '6699.52', 6, 26, CAST('2002-07-01T00:00:00.000' AS DateTime), CAST('2003-06-30T00:00:00.000' AS DateTime))
, (790, '"Road-250 Red, 48"', 'BK-R89R-48', 'Red', 1518.7900, 2443.3500, '48', '6862.82', 6, 26, CAST('2002-07-01T00:00:00.000' AS DateTime), CAST('2003-06-30T00:00:00.000' AS DateTime))
, (791, '"Road-250 Red, 52"', 'BK-R89R-52', 'Red', 1518.7900, 2443.3500, '52', '6994.36', 6, 26, CAST('2002-07-01T00:00:00.000' AS DateTime), CAST('2003-06-30T00:00:00.000' AS DateTime))
, (792, '"Road-250 Red, 58"', 'BK-R89R-58', 'Red', 1554.9500, 2443.3500, '58', '7162.19', 6, 26, CAST('2002-07-01T00:00:00.000' AS DateTime), NULL)
, (793, '"Road-250 Black, 44"', 'BK-R89B-44', 'Black', 1554.9500, 2443.3500, '44', '6699.52', 6, 26, CAST('2002-07-01T00:00:00.000' AS DateTime), NULL)
, (794, '"Road-250 Black, 48"', 'BK-R89B-48', 'Black', 1554.9500, 2443.3500, '48', '6862.82', 6, 26, CAST('2002-07-01T00:00:00.000' AS DateTime), NULL)
, (795, '"Road-250 Black, 52"', 'BK-R89B-52', 'Black', 1554.9500, 2443.3500, '52', '6994.36', 6, 26, CAST('2002-07-01T00:00:00.000' AS DateTime), NULL)
, (796, '"Road-250 Black, 58"', 'BK-R89B-58', 'Black', 1554.9500, 2443.3500, '58', '7112.29', 6, 26, CAST('2002-07-01T00:00:00.000' AS DateTime), NULL)
, (797, '"Road-550-W Yellow, 38"', 'BK-R64Y-38', 'Yellow', 713.0800, 1120.4900, '38', '7869.79', 6, 29, CAST('2002-07-01T00:00:00.000' AS DateTime), NULL)
, (798, '"Road-550-W Yellow, 40"', 'BK-R64Y-40', 'Yellow', 713.0800, 1120.4900, '40', '8060.29', 6, 29, CAST('2002-07-01T00:00:00.000' AS DateTime), NULL)
, (799, '"Road-550-W Yellow, 42"', 'BK-R64Y-42', 'Yellow', 713.0800, 1120.4900, '42', '8223.59', 6, 29, CAST('2002-07-01T00:00:00.000' AS DateTime), NULL)
, (800, '"Road-550-W Yellow, 44"', 'BK-R64Y-44', 'Yellow', 713.0800, 1120.4900, '44', '8355.13', 6, 29, CAST('2002-07-01T00:00:00.000' AS DateTime), NULL)
, (801, '"Road-550-W Yellow, 48"', 'BK-R64Y-48', 'Yellow', 713.0800, 1120.4900, '48', '8473.06', 6, 29, CAST('2002-07-01T00:00:00.000' AS DateTime), NULL)
, (802, 'LL Fork', 'FK-1639', 'null', 65.8100, 148.2200, 'null', 'null', 14, 104, CAST('2002-07-01T00:00:00.000' AS DateTime), CAST('2003-06-30T00:00:00.000' AS DateTime))
, (803, 'ML Fork', 'FK-5136', 'null', 77.9200, 175.4900, 'null', 'null', 14, 105, CAST('2002-07-01T00:00:00.000' AS DateTime), CAST('2003-06-30T00:00:00.000' AS DateTime))
, (804, 'HL Fork', 'FK-9939', 'null', 101.8900, 229.4900, 'null', 'null', 14, 106, CAST('2002-07-01T00:00:00.000' AS DateTime), CAST('2003-06-30T00:00:00.000' AS DateTime))

, (805, 'LL Headset', 'HS-0296', 'null', 15.1800, 34.2000, 'null', 'null', 15, 59, CAST('2002-07-01T00:00:00.000' AS DateTime), CAST('2003-06-30T00:00:00.000' AS DateTime))
, (806, 'ML Headset', 'HS-2451', 'null', 45.4200, 102.2900, 'null', 'null', 15, 60, CAST('2002-07-01T00:00:00.000' AS DateTime), CAST('2003-06-30T00:00:00.000' AS DateTime))
, (807, 'HL Headset', 'HS-3479', 'null', 55.3800, 124.7300, 'null', 'null', 15, 61, CAST('2002-07-01T00:00:00.000' AS DateTime), CAST('2003-06-30T00:00:00.000' AS DateTime))
, (808, 'LL Mountain Handlebars', 'HB-M243', 'null', 19.7800, 44.5400, 'null', 'null', 8, 52, CAST('2002-07-01T00:00:00.000' AS DateTime), NULL)
, (809, 'ML Mountain Handlebars', 'HB-M763', 'null', 27.4900, 61.9200, 'null', 'null', 8, 54, CAST('2002-07-01T00:00:00.000' AS DateTime), NULL)
, (810, 'HL Mountain Handlebars', 'HB-M918', 'null', 53.4000, 120.2700, 'null', 'null', 8, 55, CAST('2002-07-01T00:00:00.000' AS DateTime), NULL)
, (811, 'LL Road Handlebars', 'HB-R504', 'null', 19.7800, 44.5400, 'null', 'null', 8, 56, CAST('2002-07-01T00:00:00.000' AS DateTime), NULL)
, (812, 'ML Road Handlebars', 'HB-R720', 'null', 27.4900, 61.9200, 'null', 'null', 8, 57, CAST('2002-07-01T00:00:00.000' AS DateTime), NULL)
, (813, 'HL Road Handlebars', 'HB-R956', 'null', 53.4000, 120.2700, 'null', 'null', 8, 58, CAST('2002-07-01T00:00:00.000' AS DateTime), NULL)
, (814, '"ML Mountain Frame - Black, 38"', 'FR-M63B-38', 'Black', 185.8200, 348.7600, '38', '1238.3', 16, 15, CAST('2002-07-01T00:00:00.000' AS DateTime), CAST('2003-06-30T00:00:00.000' AS DateTime))
, (815, 'LL Mountain Front Wheel', 'FW-M423', 'Black', 26.9700, 60.7500, 'null', 'null', 21, 42, CAST('2002-07-01T00:00:00.000' AS DateTime), CAST('2003-06-30T00:00:00.000' AS DateTime))
, (816, 'ML Mountain Front Wheel', 'FW-M762', 'Black', 92.8100, 209.0300, 'null', 'null', 21, 45, CAST('2002-07-01T00:00:00.000' AS DateTime), CAST('2003-06-30T00:00:00.000' AS DateTime))
, (817, 'HL Mountain Front Wheel', 'FW-M928', 'Black', 133.3000, 300.2200, 'null', 'null', 21, 46, CAST('2002-07-01T00:00:00.000' AS DateTime), CAST('2003-06-30T00:00:00.000' AS DateTime))
, (818, 'LL Road Front Wheel', 'FW-R623', 'Black', 37.9900, 85.5700, 'null', '900', 21, 49, CAST('2002-07-01T00:00:00.000' AS DateTime), CAST('2003-06-30T00:00:00.000' AS DateTime))
, (819, 'ML Road Front Wheel', 'FW-R762', 'Black', 110.2800, 248.3900, 'null', '850', 21, 50, CAST('2002-07-01T00:00:00.000' AS DateTime), CAST('2003-06-30T00:00:00.000' AS DateTime))
, (820, 'HL Road Front Wheel', 'FW-R820', 'Black', 146.5500, 330.0600, 'null', '650', 21, 51, CAST('2002-07-01T00:00:00.000' AS DateTime), CAST('2003-06-30T00:00:00.000' AS DateTime))
, (821, 'Touring Front Wheel', 'FW-T905', 'Black', 96.8000, 218.0100, 'null', 'null', 21, 44, CAST('2002-07-01T00:00:00.000' AS DateTime), CAST('2003-06-30T00:00:00.000' AS DateTime))
, (822, '"ML Road Frame-W - Yellow, 38"', 'FR-R72Y-38', 'Yellow', 360.9400, 594.8300, '38', '988.83', 18, 17, CAST('2002-07-01T00:00:00.000' AS DateTime), NULL)
, (823, 'LL Mountain Rear Wheel', 'RW-M423', 'Black', 38.9600, 87.7500, 'null', 'null', 21, 123, CAST('2002-07-01T00:00:00.000' AS DateTime), CAST('2003-06-30T00:00:00.000' AS DateTime))
, (824, 'ML Mountain Rear Wheel', 'RW-M762', 'Black', 104.8000, 236.0300, 'null', 'null', 21, 124, CAST('2002-07-01T00:00:00.000' AS DateTime), CAST('2003-06-30T00:00:00.000' AS DateTime))
, (825, 'HL Mountain Rear Wheel', 'RW-M928', 'Black', 145.2800, 327.2200, 'null', 'null', 21, 125, CAST('2002-07-01T00:00:00.000' AS DateTime), CAST('2003-06-30T00:00:00.000' AS DateTime))
, (826, 'LL Road Rear Wheel', 'RW-R623', 'Black', 49.9800, 112.5700, 'null', '1050', 21, 126, CAST('2002-07-01T00:00:00.000' AS DateTime), CAST('2003-06-30T00:00:00.000' AS DateTime))
, (827, 'ML Road Rear Wheel', 'RW-R762', 'Black', 122.2700, 275.3900, 'null', '1000', 21, 77, CAST('2002-07-01T00:00:00.000' AS DateTime), CAST('2003-06-30T00:00:00.000' AS DateTime))
, (828, 'HL Road Rear Wheel', 'RW-R820', 'Black', 158.5300, 357.0600, 'null', '890', 21, 78, CAST('2002-07-01T00:00:00.000' AS DateTime), CAST('2003-06-30T00:00:00.000' AS DateTime))
, (829, 'Touring Rear Wheel', 'RW-T905', 'Black', 108.7800, 245.0100, 'null', 'null', 21, 43, CAST('2002-07-01T00:00:00.000' AS DateTime), CAST('2003-06-30T00:00:00.000' AS DateTime))
, (830, '"ML Mountain Frame - Black, 40"', 'FR-M63B-40', 'Black', 185.8200, 348.7600, '40', '1256.44', 16, 14, CAST('2002-07-01T00:00:00.000' AS DateTime), CAST('2003-06-30T00:00:00.000' AS DateTime))
, (831, '"ML Mountain Frame - Black, 44"', 'FR-M63B-44', 'Black', 185.8200, 348.7600, '44', '1274.59', 16, 14, CAST('2002-07-01T00:00:00.000' AS DateTime), CAST('2003-06-30T00:00:00.000' AS DateTime))
, (832, '"ML Mountain Frame - Black, 48"', 'FR-M63B-48', 'Black', 185.8200, 348.7600, '48', '1292.73', 16, 14, CAST('2002-07-01T00:00:00.000' AS DateTime), CAST('2003-06-30T00:00:00.000' AS DateTime))
, (833, '"ML Road Frame-W - Yellow, 40"', 'FR-R72Y-40', 'Yellow', 360.9400, 594.8300, '40', '1006.97', 18, 17, CAST('2002-07-01T00:00:00.000' AS DateTime), NULL)
, (834, '"ML Road Frame-W - Yellow, 42"', 'FR-R72Y-42', 'Yellow', 360.9400, 594.8300, '42', '1025.11', 18, 17, CAST('2002-07-01T00:00:00.000' AS DateTime), NULL)
, (835, '"ML Road Frame-W - Yellow, 44"', 'FR-R72Y-44', 'Yellow', 360.9400, 594.8300, '44', '1043.26', 18, 17, CAST('2002-07-01T00:00:00.000' AS DateTime), NULL)
, (836, '"ML Road Frame-W - Yellow, 48"', 'FR-R72Y-48', 'Yellow', 360.9400, 594.8300, '48', '1061.4', 18, 17, CAST('2002-07-01T00:00:00.000' AS DateTime), NULL)
, (837, '"HL Road Frame - Black, 62"', 'FR-R92B-62', 'Black', 868.6300, 1431.5000, '62', '1043.26', 18, 6, CAST('2002-07-01T00:00:00.000' AS DateTime), NULL)
, (838, '"HL Road Frame - Black, 44"', 'FR-R92B-44', 'Black', 868.6300, 1431.5000, '44', '961.61', 18, 6, CAST('2002-07-01T00:00:00.000' AS DateTime), NULL)
, (839, '"HL Road Frame - Black, 48"', 'FR-R92B-48', 'Black', 868.6300, 1431.5000, '48', '979.75', 18, 6, CAST('2002-07-01T00:00:00.000' AS DateTime), NULL)
, (840, '"HL Road Frame - Black, 52"', 'FR-R92B-52', 'Black', 868.6300, 1431.5000, '52', '997.9', 18, 6, CAST('2002-07-01T00:00:00.000' AS DateTime), NULL)
, (841, '"Me''s Sports Shorts, S"', 'SH-M897-S', 'Black', 24.7500, 59.9900, 'S', 'null', 26, 13, CAST('2002-07-01T00:00:00.000' AS DateTime), CAST('2003-06-30T00:00:00.000' AS DateTime))
, (842, '"Touring-Panniers, Large"', 'PA-T100', 'Grey', 51.5600, 125.0000, 'null', 'null', 39, 120, CAST('2002-07-01T00:00:00.000' AS DateTime), CAST('2003-06-30T00:00:00.000' AS DateTime))
, (843, 'Cable Lock', 'LO-C100', 'null', 10.3100, 25.0000, 'null', 'null', 38, 115, CAST('2002-07-01T00:00:00.000' AS DateTime), CAST('2003-06-30T00:00:00.000' AS DateTime))
, (844, 'Minipump', 'PU-0452', 'null', 8.2500, 19.9900, 'null', 'null', 40, 116, CAST('2002-07-01T00:00:00.000' AS DateTime), CAST('2003-06-30T00:00:00.000' AS DateTime))
, (845, 'Mountain Pump', 'PU-M044', 'null', 10.3100, 24.9900, 'null', 'null', 40, 117, CAST('2002-07-01T00:00:00.000' AS DateTime), CAST('2003-06-30T00:00:00.000' AS DateTime))
, (846, 'Taillights - Battery-Powered', 'LT-T990', 'null', 5.7700, 13.9900, 'null', 'null', 37, 108, CAST('2002-07-01T00:00:00.000' AS DateTime), CAST('2003-06-30T00:00:00.000' AS DateTime))
, (847, 'Headlights - Dual-Beam', 'LT-H902', 'null', 14.4300, 34.9900, 'null', 'null', 37, 109, CAST('2002-07-01T00:00:00.000' AS DateTime), CAST('2003-06-30T00:00:00.000' AS DateTime))
, (848, 'Headlights - Weatherproof', 'LT-H903', 'null', 18.5600, 44.9900, 'null', 'null', 37, 110, CAST('2002-07-01T00:00:00.000' AS DateTime), CAST('2003-06-30T00:00:00.000' AS DateTime))
, (849, '"Me''s Sports Shorts, M"', 'SH-M897-M', 'Black', 24.7500, 59.9900, 'M', 'null', 26, 13, CAST('2002-07-01T00:00:00.000' AS DateTime), CAST('2003-06-30T00:00:00.000' AS DateTime))
, (850, '"Me''s Sports Shorts, L"', 'SH-M897-L', 'Black', 24.7500, 59.9900, 'L', 'null', 26, 13, CAST('2002-07-01T00:00:00.000' AS DateTime), CAST('2003-06-30T00:00:00.000' AS DateTime))
, (851, '"Me''s Sports Shorts, XL"', 'SH-M897-X', 'Black', 24.7500, 59.9900, 'XL', 'null', 26, 13, CAST('2002-07-01T00:00:00.000' AS DateTime), CAST('2003-06-30T00:00:00.000' AS DateTime))
, (852, '"Wome''s Tights, S"', 'TG-W091-S', 'Black', 30.9300, 74.9900, 'S', 'null', 28, 38, CAST('2002-07-01T00:00:00.000' AS DateTime), CAST('2003-06-30T00:00:00.000' AS DateTime))
, (853, '"Wome''s Tights, M"', 'TG-W091-M', 'Black', 30.9300, 74.9900, 'M', 'null', 28, 38, CAST('2002-07-01T00:00:00.000' AS DateTime), CAST('2003-06-30T00:00:00.000' AS DateTime))
, (854, '"Wome''s Tights, L"', 'TG-W091-L', 'Black', 30.9300, 74.9900, 'L', 'null', 28, 38, CAST('2002-07-01T00:00:00.000' AS DateTime), CAST('2003-06-30T00:00:00.000' AS DateTime))
, (855, '"Me''s Bib-Shorts, S"', 'SB-M891-S', 'Multi', 37.1200, 89.9900, 'S', 'null', 22, 12, CAST('2002-07-01T00:00:00.000' AS DateTime), CAST('2003-06-30T00:00:00.000' AS DateTime))
, (856, '"Me''s Bib-Shorts, M"', 'SB-M891-M', 'Multi', 37.1200, 89.9900, 'M', 'null', 22, 12, CAST('2002-07-01T00:00:00.000' AS DateTime), CAST('2003-06-30T00:00:00.000' AS DateTime))
, (857, '"Me''s Bib-Shorts, L"', 'SB-M891-L', 'Multi', 37.1200, 89.9900, 'L', 'null', 22, 12, CAST('2002-07-01T00:00:00.000' AS DateTime), CAST('2003-06-30T00:00:00.000' AS DateTime))
, (858, '"Half-Finger Gloves, S"', 'GL-H102-S', 'Black', 9.1600, 24.4900, 'S', 'null', 24, 4, CAST('2002-07-01T00:00:00.000' AS DateTime), NULL)
, (859, '"Half-Finger Gloves, M"', 'GL-H102-M', 'Black', 9.1600, 24.4900, 'M', 'null', 24, 4, CAST('2002-07-01T00:00:00.000' AS DateTime), NULL)
, (860, '"Half-Finger Gloves, L"', 'GL-H102-L', 'Black', 9.1600, 24.4900, 'L', 'null', 24, 4, CAST('2002-07-01T00:00:00.000' AS DateTime), NULL)
, (861, '"Full-Finger Gloves, S"', 'GL-F110-S', 'Black', 15.6700, 37.9900, 'S', 'null', 24, 3, CAST('2002-07-01T00:00:00.000' AS DateTime), CAST('2003-06-30T00:00:00.000' AS DateTime))
, (862, '"Full-Finger Gloves, M"', 'GL-F110-M', 'Black', 15.6700, 37.9900, 'M', 'null', 24, 3, CAST('2002-07-01T00:00:00.000' AS DateTime), CAST('2003-06-30T00:00:00.000' AS DateTime))
, (863, '"Full-Finger Gloves, L"', 'GL-F110-L', 'Black', 15.6700, 37.9900, 'L', 'null', 24, 3, CAST('2002-07-01T00:00:00.000' AS DateTime), CAST('2003-06-30T00:00:00.000' AS DateTime))
, (864, '"Classic Vest, S"', 'VE-C304-S', 'Blue', 23.7500, 63.5000, 'S', 'null', 29, 1, CAST('2002-07-01T00:00:00.000' AS DateTime), NULL)
, (865, '"Classic Vest, M"', 'VE-C304-M', 'Blue', 23.7500, 63.5000, 'M', 'null', 29, 1, CAST('2002-07-01T00:00:00.000' AS DateTime), NULL)
, (866, '"Classic Vest, L"', 'VE-C304-L', 'Blue', 23.7500, 63.5000, 'L', 'null', 29, 1, CAST('2002-07-01T00:00:00.000' AS DateTime), NULL)
, (867, '"Wome''s Mountain Shorts, S"', 'SH-W890-S', 'Black', 26.1800, 69.9900, 'S', 'null', 26, 37, CAST('2002-07-01T00:00:00.000' AS DateTime), NULL)
, (868, '"Wome''s Mountain Shorts, M"', 'SH-W890-M', 'Black', 26.1800, 69.9900, 'M', 'null', 26, 37, CAST('2002-07-01T00:00:00.000' AS DateTime), NULL)
, (869, '"Wome''s Mountain Shorts, L"', 'SH-W890-L', 'Black', 26.1800, 69.9900, 'L', 'null', 26, 37, CAST('2002-07-01T00:00:00.000' AS DateTime), NULL)
, (870, 'Water Bottle - 30 oz.', 'WB-H098', 'null', 1.8700, 4.9900, 'null', 'null', 32, 111, CAST('2002-07-01T00:00:00.000' AS DateTime), NULL)
, (871, 'Mountain Bottle Cage', 'BC-M005', 'null', 3.7400, 9.9900, 'null', 'null', 32, 112, CAST('2002-07-01T00:00:00.000' AS DateTime), NULL)
, (872, 'Road Bottle Cage', 'BC-R205', 'null', 3.3600, 8.9900, 'null', 'null', 32, 113, CAST('2002-07-01T00:00:00.000' AS DateTime), NULL)
, (873, 'Patch Kit/8 Patches', 'PK-7098', 'null', 0.8600, 2.2900, 'null', 'null', 41, 114, CAST('2002-07-01T00:00:00.000' AS DateTime), NULL)
, (874, '"Racing Socks, M"', 'SO-R809-M', 'White', 3.3600, 8.9900, 'M', 'null', 27, 24, CAST('2002-07-01T00:00:00.000' AS DateTime), NULL)
, (875, '"Racing Socks, L"', 'SO-R809-L', 'White', 3.3600, 8.9900, 'L', 'null', 27, 24, CAST('2002-07-01T00:00:00.000' AS DateTime), NULL)
, (876, 'Hitch Rack - 4-Bike', 'RA-H123', 'null', 44.8800, 120.0000, 'null', 'null', 30, 118, CAST('2002-07-01T00:00:00.000' AS DateTime), NULL)
, (877, 'Bike Wash - Dissolver', 'CL-9009', 'null', 2.9700, 7.9500, 'null', 'null', 33, 119, CAST('2002-07-01T00:00:00.000' AS DateTime), NULL)
, (878, 'Fender Set - Mountai', 'FE-6654', 'null', 8.2200, 21.9800, 'null', 'null', 34, 121, CAST('2002-07-01T00:00:00.000' AS DateTime), NULL)
, (879, 'All-Purpose Bike Stand', 'ST-1401', 'null', 59.4700, 159.0000, 'null', 'null', 31, 122, CAST('2002-07-01T00:00:00.000' AS DateTime), NULL)
, (880, 'Hydration Pack - 70 oz.', 'HY-1023-70', 'Silver', 20.5700, 54.9900, '70', 'null', 36, 107, CAST('2002-07-01T00:00:00.000' AS DateTime), NULL)
, (881, '"Short-Sleeve Classic Jersey, S"', 'SJ-0194-S', 'Yellow', 41.5700, 53.9900, 'S', 'null', 25, 32, CAST('2002-07-01T00:00:00.000' AS DateTime), NULL)
, (882, '"Short-Sleeve Classic Jersey, M"', 'SJ-0194-M', 'Yellow', 41.5700, 53.9900, 'M', 'null', 25, 32, CAST('2002-07-01T00:00:00.000' AS DateTime), NULL)
, (883, '"Short-Sleeve Classic Jersey, L"', 'SJ-0194-L', 'Yellow', 41.5700, 53.9900, 'L', 'null', 25, 32, CAST('2002-07-01T00:00:00.000' AS DateTime), NULL)
, (884, '"Short-Sleeve Classic Jersey, XL"', 'SJ-0194-X', 'Yellow', 41.5700, 53.9900, 'XL', 'null', 25, 32, CAST('2002-07-01T00:00:00.000' AS DateTime), NULL)
, (885, '"HL Touring Frame - Yellow, 60"', 'FR-T98Y-60', 'Yellow', 601.7400, 1003.9100, '60', '1397.06', 20, 7, CAST('2002-07-01T00:00:00.000' AS DateTime), NULL)
, (886, '"LL Touring Frame - Yellow, 62"', 'FR-T67Y-62', 'Yellow', 199.8500, 333.4200, '62', '1451.49', 20, 10, CAST('2002-07-01T00:00:00.000' AS DateTime), NULL)
, (887, '"HL Touring Frame - Yellow, 46"', 'FR-T98Y-46', 'Yellow', 601.7400, 1003.9100, '46', '1342.63', 20, 7, CAST('2002-07-01T00:00:00.000' AS DateTime), NULL)
, (888, '"HL Touring Frame - Yellow, 50"', 'FR-T98Y-50', 'Yellow', 601.7400, 1003.9100, '50', '1360.77', 20, 7, CAST('2002-07-01T00:00:00.000' AS DateTime), NULL)
, (889, '"HL Touring Frame - Yellow, 54"', 'FR-T98Y-54', 'Yellow', 601.7400, 1003.9100, '54', '1378.91', 20, 7, CAST('2002-07-01T00:00:00.000' AS DateTime), NULL)
, (890, '"HL Touring Frame - Blue, 46"', 'FR-T98U-46', 'Blue', 601.7400, 1003.9100, '46', '1342.63', 20, 7, CAST('2002-07-01T00:00:00.000' AS DateTime), NULL)
, (891, '"HL Touring Frame - Blue, 50"', 'FR-T98U-50', 'Blue', 601.7400, 1003.9100, '50', '1360.77', 20, 7, CAST('2002-07-01T00:00:00.000' AS DateTime), NULL)
, (892, '"HL Touring Frame - Blue, 54"', 'FR-T98U-54', 'Blue', 601.7400, 1003.9100, '54', '1378.91', 20, 7, CAST('2002-07-01T00:00:00.000' AS DateTime), NULL)
, (893, '"HL Touring Frame - Blue, 60"', 'FR-T98U-60', 'Blue', 601.7400, 1003.9100, '60', '1397.06', 20, 7, CAST('2002-07-01T00:00:00.000' AS DateTime), NULL)
, (894, 'Rear Derailleur', 'RD-2308', 'Silver', 53.9300, 121.4600, 'null', '215', 13, 127, CAST('2002-07-01T00:00:00.000' AS DateTime), NULL)
, (895, '"LL Touring Frame - Blue, 50"', 'FR-T67U-50', 'Blue', 199.8500, 333.4200, '50', '1406.13', 20, 10, CAST('2002-07-01T00:00:00.000' AS DateTime), NULL)
, (896, '"LL Touring Frame - Blue, 54"', 'FR-T67U-54', 'Blue', 199.8500, 333.4200, '54', '1424.27', 20, 10, CAST('2002-07-01T00:00:00.000' AS DateTime), NULL)
, (897, '"LL Touring Frame - Blue, 58"', 'FR-T67U-58', 'Blue', 199.8500, 333.4200, '58', '1433.34', 20, 10, CAST('2002-07-01T00:00:00.000' AS DateTime), NULL)
, (898, '"LL Touring Frame - Blue, 62"', 'FR-T67U-62', 'Blue', 199.8500, 333.4200, '62', '1451.49', 20, 10, CAST('2002-07-01T00:00:00.000' AS DateTime), NULL)
, (899, '"LL Touring Frame - Yellow, 44"', 'FR-T67Y-44', 'Yellow', 199.8500, 333.4200, '44', '1369.84', 20, 10, CAST('2002-07-01T00:00:00.000' AS DateTime), NULL)
, (900, '"LL Touring Frame - Yellow, 50"', 'FR-T67Y-50', 'Yellow', 199.8500, 333.4200, '50', '1406.13', 20, 10, CAST('2002-07-01T00:00:00.000' AS DateTime), NULL)
, (901, '"LL Touring Frame - Yellow, 54"', 'FR-T67Y-54', 'Yellow', 199.8500, 333.4200, '54', '1424.27', 20, 10, CAST('2002-07-01T00:00:00.000' AS DateTime), NULL)
, (902, '"LL Touring Frame - Yellow, 58"', 'FR-T67Y-58', 'Yellow', 199.8500, 333.4200, '58', '1433.34', 20, 10, CAST('2002-07-01T00:00:00.000' AS DateTime), NULL)
, (903, '"LL Touring Frame - Blue, 44"', 'FR-T67U-44', 'Blue', 199.8500, 333.4200, '44', '1369.84', 20, 10, CAST('2002-07-01T00:00:00.000' AS DateTime), NULL)
, (904, '"ML Mountain Frame-W - Silver, 40"', 'FR-M63S-40', 'Silver', 199.3800, 364.0900, '40', '1256.44', 16, 15, CAST('2002-07-01T00:00:00.000' AS DateTime), NULL)

, (905, '"ML Mountain Frame-W - Silver, 42"', 'FR-M63S-42', 'Silver', 199.3800, 364.0900, '42', '1274.59', 16, 15, CAST('2002-07-01T00:00:00.000' AS DateTime), NULL)
, (906, '"ML Mountain Frame-W - Silver, 46"', 'FR-M63S-46', 'Silver', 199.3800, 364.0900, '46', '1292.73', 16, 15, CAST('2002-07-01T00:00:00.000' AS DateTime), NULL)
, (907, 'Rear Brakes', 'RB-9231', 'Silver', 47.2900, 106.5000, 'null', '317', 10, 128, CAST('2002-07-01T00:00:00.000' AS DateTime), NULL)
, (908, 'LL Mountain Seat/Saddle', 'SE-M236', 'null', 12.0400, 27.1200, 'null', 'null', 19, 79, CAST('2002-07-01T00:00:00.000' AS DateTime), NULL)
, (909, 'ML Mountain Seat/Saddle', 'SE-M798', 'null', 17.3800, 39.1400, 'null', 'null', 19, 80, CAST('2002-07-01T00:00:00.000' AS DateTime), NULL)
, (910, 'HL Mountain Seat/Saddle', 'SE-M940', 'null', 23.3700, 52.6400, 'null', 'null', 19, 81, CAST('2002-07-01T00:00:00.000' AS DateTime), NULL)
, (911, 'LL Road Seat/Saddle', 'SE-R581', 'null', 12.0400, 27.1200, 'null', 'null', 19, 82, CAST('2002-07-01T00:00:00.000' AS DateTime), NULL)
, (912, 'ML Road Seat/Saddle', 'SE-R908', 'null', 17.3800, 39.1400, 'null', 'null', 19, 83, CAST('2002-07-01T00:00:00.000' AS DateTime), NULL)
, (913, 'HL Road Seat/Saddle', 'SE-R995', 'null', 23.3700, 52.6400, 'null', 'null', 19, 84, CAST('2002-07-01T00:00:00.000' AS DateTime), NULL)
, (914, 'LL Touring Seat/Saddle', 'SE-T312', 'null', 12.0400, 27.1200, 'null', 'null', 19, 66, CAST('2002-07-01T00:00:00.000' AS DateTime), NULL)
, (915, 'ML Touring Seat/Saddle', 'SE-T762', 'null', 17.3800, 39.1400, 'null', 'null', 19, 65, CAST('2002-07-01T00:00:00.000' AS DateTime), NULL)
, (916, 'HL Touring Seat/Saddle', 'SE-T924', 'null', 23.3700, 52.6400, 'null', 'null', 19, 67, CAST('2002-07-01T00:00:00.000' AS DateTime), NULL)
, (917, '"LL Mountain Frame - Silver, 42"', 'FR-M21S-42', 'Silver', 144.5900, 264.0500, '42', '1324.48', 16, 8, CAST('2002-07-01T00:00:00.000' AS DateTime), NULL)
, (918, '"LL Mountain Frame - Silver, 44"', 'FR-M21S-44', 'Silver', 144.5900, 264.0500, '44', '1342.63', 16, 8, CAST('2002-07-01T00:00:00.000' AS DateTime), NULL)
, (919, '"LL Mountain Frame - Silver, 48"', 'FR-M21S-48', 'Silver', 144.5900, 264.0500, '48', '1360.77', 16, 8, CAST('2002-07-01T00:00:00.000' AS DateTime), NULL)
, (920, '"LL Mountain Frame - Silver, 52"', 'FR-M21S-52', 'Silver', 144.5900, 264.0500, '52', '1378.91', 16, 8, CAST('2002-07-01T00:00:00.000' AS DateTime), NULL)
, (921, 'Mountain Tire Tube', 'TT-M928', 'null', 1.8700, 4.9900, 'null', 'null', 41, 92, CAST('2002-07-01T00:00:00.000' AS DateTime), NULL)
, (922, 'Road Tire Tube', 'TT-R982', 'null', 1.4900, 3.9900, 'null', 'null', 41, 93, CAST('2002-07-01T00:00:00.000' AS DateTime), NULL)
, (923, 'Touring Tire Tube', 'TT-T092', 'null', 1.8700, 4.9900, 'null', 'null', 41, 94, CAST('2002-07-01T00:00:00.000' AS DateTime), NULL)
, (924, '"LL Mountain Frame - Black, 42"', 'FR-M21B-42', 'Black', 136.7900, 249.7900, '42', '1324.48', 16, 8, CAST('2002-07-01T00:00:00.000' AS DateTime), NULL)
, (925, '"LL Mountain Frame - Black, 44"', 'FR-M21B-44', 'Black', 136.7900, 249.7900, '44', '1342.63', 16, 8, CAST('2002-07-01T00:00:00.000' AS DateTime), NULL)
, (926, '"LL Mountain Frame - Black, 48"', 'FR-M21B-48', 'Black', 136.7900, 249.7900, '48', '1360.77', 16, 8, CAST('2002-07-01T00:00:00.000' AS DateTime), NULL)
, (927, '"LL Mountain Frame - Black, 52"', 'FR-M21B-52', 'Black', 136.7900, 249.7900, '52', '1378.91', 16, 8, CAST('2002-07-01T00:00:00.000' AS DateTime), NULL)
, (928, 'LL Mountain Tire', 'TI-M267', 'null', 9.3500, 24.9900, 'null', 'null', 41, 85, CAST('2002-07-01T00:00:00.000' AS DateTime), NULL)
, (929, 'ML Mountain Tire', 'TI-M602', 'null', 11.2200, 29.9900, 'null', 'null', 41, 86, CAST('2002-07-01T00:00:00.000' AS DateTime), NULL)
, (930, 'HL Mountain Tire', 'TI-M823', 'null', 13.0900, 35.0000, 'null', 'null', 41, 87, CAST('2002-07-01T00:00:00.000' AS DateTime), NULL)
, (931, 'LL Road Tire', 'TI-R092', 'null', 8.0400, 21.4900, 'null', 'null', 41, 88, CAST('2002-07-01T00:00:00.000' AS DateTime), NULL)
, (932, 'ML Road Tire', 'TI-R628', 'null', 9.3500, 24.9900, 'null', 'null', 41, 89, CAST('2002-07-01T00:00:00.000' AS DateTime), NULL)
, (933, 'HL Road Tire', 'TI-R982', 'null', 12.1900, 32.6000, 'null', 'null', 41, 90, CAST('2002-07-01T00:00:00.000' AS DateTime), NULL)
, (934, 'Touring Tire', 'TI-T723', 'null', 10.8400, 28.9900, 'null', 'null', 41, 91, CAST('2002-07-01T00:00:00.000' AS DateTime), NULL)
, (935, 'LL Mountain Pedal', 'PD-M282', 'Silver/Black', 17.9800, 40.4900, 'null', '218', 17, 62, CAST('2002-07-01T00:00:00.000' AS DateTime), NULL)
, (936, 'ML Mountain Pedal', 'PD-M340', 'Silver/Black', 27.5700, 62.0900, 'null', '215', 17, 63, CAST('2002-07-01T00:00:00.000' AS DateTime), NULL)
, (937, 'HL Mountain Pedal', 'PD-M562', 'Silver/Black', 35.9600, 80.9900, 'null', '185', 17, 64, CAST('2002-07-01T00:00:00.000' AS DateTime), NULL)
, (938, 'LL Road Pedal', 'PD-R347', 'Silver/Black', 17.9800, 40.4900, 'null', '189', 17, 68, CAST('2002-07-01T00:00:00.000' AS DateTime), NULL)
, (939, 'ML Road Pedal', 'PD-R563', 'Silver/Black', 27.5700, 62.0900, 'null', '168', 17, 69, CAST('2002-07-01T00:00:00.000' AS DateTime), NULL)
, (940, 'HL Road Pedal', 'PD-R853', 'Silver/Black', 35.9600, 80.9900, 'null', '149', 17, 70, CAST('2002-07-01T00:00:00.000' AS DateTime), NULL)
, (941, 'Touring Pedal', 'PD-T852', 'Silver/Black', 35.9600, 80.9900, 'null', 'null', 17, 53, CAST('2002-07-01T00:00:00.000' AS DateTime), NULL)
, (942, '"ML Mountain Frame-W - Silver, 38"', 'FR-M63S-38', 'Silver', 199.3800, 364.0900, '38', '1238.3', 16, 15, CAST('2002-07-01T00:00:00.000' AS DateTime), NULL)
, (943, '"LL Mountain Frame - Black, 40"', 'FR-M21B-40', 'Black', 136.7900, 249.7900, '40', '1306.34', 16, 8, CAST('2002-07-01T00:00:00.000' AS DateTime), NULL)
, (944, '"LL Mountain Frame - Silver, 40"', 'FR-M21S-40', 'Silver', 144.5900, 264.0500, '40', '1306.34', 16, 8, CAST('2002-07-01T00:00:00.000' AS DateTime), NULL)
, (945, 'Front Derailleur', 'FD-2342', 'Silver', 40.6200, 91.4900, 'null', '88', 13, 103, CAST('2002-07-01T00:00:00.000' AS DateTime), NULL)
, (946, 'LL Touring Handlebars', 'HB-T721', 'null', 20.4600, 46.0900, 'null', 'null', 8, 47, CAST('2002-07-01T00:00:00.000' AS DateTime), NULL)
, (947, 'HL Touring Handlebars', 'HB-T928', 'null', 40.6600, 91.5700, 'null', 'null', 8, 48, CAST('2002-07-01T00:00:00.000' AS DateTime), NULL)
, (948, 'Front Brakes', 'FB-9873', 'Silver', 47.2900, 106.5000, 'null', '317', 10, 102, CAST('2002-07-01T00:00:00.000' AS DateTime), NULL)
, (949, 'LL Crankset', 'CS-4759', 'Black', 77.9200, 175.4900, 'null', '600', 12, 99, CAST('2002-07-01T00:00:00.000' AS DateTime), NULL)
, (950, 'ML Crankset', 'CS-6583', 'Black', 113.8800, 256.4900, 'null', '635', 12, 100, CAST('2002-07-01T00:00:00.000' AS DateTime), NULL)
, (951, 'HL Crankset', 'CS-9183', 'Black', 179.8200, 404.9900, 'null', '575', 12, 101, CAST('2002-07-01T00:00:00.000' AS DateTime), NULL)
, (952, 'Chai', 'CH-0234', 'Silver', 8.9900, 20.2400, 'null', 'null', 11, 98, CAST('2002-07-01T00:00:00.000' AS DateTime), NULL)
, (953, '"Touring-2000 Blue, 60"', 'BK-T44U-60', 'Blue', 755.1500, 1214.8500, '60', '12655.16', 7, 35, CAST('2002-07-01T00:00:00.000' AS DateTime), NULL)
, (954, '"Touring-1000 Yellow, 46"', 'BK-T79Y-46', 'Yellow', 1481.9400, 2384.0700, '46', '11398.72', 7, 34, CAST('2002-07-01T00:00:00.000' AS DateTime), NULL)
, (955, '"Touring-1000 Yellow, 50"', 'BK-T79Y-50', 'Yellow', 1481.9400, 2384.0700, '50', '11530.26', 7, 34, CAST('2002-07-01T00:00:00.000' AS DateTime), NULL)
, (956, '"Touring-1000 Yellow, 54"', 'BK-T79Y-54', 'Yellow', 1481.9400, 2384.0700, '54', '11648.19', 7, 34, CAST('2002-07-01T00:00:00.000' AS DateTime), NULL)
, (957, '"Touring-1000 Yellow, 60"', 'BK-T79Y-60', 'Yellow', 1481.9400, 2384.0700, '60', '11747.98', 7, 34, CAST('2002-07-01T00:00:00.000' AS DateTime), NULL)
, (958, '"Touring-3000 Blue, 54"', 'BK-T18U-54', 'Blue', 461.4400, 742.3500, '54', '13462.55', 7, 36, CAST('2002-07-01T00:00:00.000' AS DateTime), NULL)
, (959, '"Touring-3000 Blue, 58"', 'BK-T18U-58', 'Blue', 461.4400, 742.3500, '58', '13562.34', 7, 36, CAST('2002-07-01T00:00:00.000' AS DateTime), NULL)
, (960, '"Touring-3000 Blue, 62"', 'BK-T18U-62', 'Blue', 461.4400, 742.3500, '62', '13607.7', 7, 36, CAST('2002-07-01T00:00:00.000' AS DateTime), NULL)
, (961, '"Touring-3000 Yellow, 44"', 'BK-T18Y-44', 'Yellow', 461.4400, 742.3500, '44', '13049.78', 7, 36, CAST('2002-07-01T00:00:00.000' AS DateTime), NULL)
, (962, '"Touring-3000 Yellow, 50"', 'BK-T18Y-50', 'Yellow', 461.4400, 742.3500, '50', '13213.08', 7, 36, CAST('2002-07-01T00:00:00.000' AS DateTime), NULL)
, (963, '"Touring-3000 Yellow, 54"', 'BK-T18Y-54', 'Yellow', 461.4400, 742.3500, '54', '13344.62', 7, 36, CAST('2002-07-01T00:00:00.000' AS DateTime), NULL)
, (964, '"Touring-3000 Yellow, 58"', 'BK-T18Y-58', 'Yellow', 461.4400, 742.3500, '58', '13512.45', 7, 36, CAST('2002-07-01T00:00:00.000' AS DateTime), NULL)
, (965, '"Touring-3000 Yellow, 62"', 'BK-T18Y-62', 'Yellow', 461.4400, 742.3500, '62', '13607.7', 7, 36, CAST('2002-07-01T00:00:00.000' AS DateTime), NULL)
, (966, '"Touring-1000 Blue, 46"', 'BK-T79U-46', 'Blue', 1481.9400, 2384.0700, '46', '11398.72', 7, 34, CAST('2002-07-01T00:00:00.000' AS DateTime), NULL)
, (967, '"Touring-1000 Blue, 50"', 'BK-T79U-50', 'Blue', 1481.9400, 2384.0700, '50', '11530.26', 7, 34, CAST('2002-07-01T00:00:00.000' AS DateTime), NULL)
, (968, '"Touring-1000 Blue, 54"', 'BK-T79U-54', 'Blue', 1481.9400, 2384.0700, '54', '11648.19', 7, 34, CAST('2002-07-01T00:00:00.000' AS DateTime), NULL)
, (969, '"Touring-1000 Blue, 60"', 'BK-T79U-60', 'Blue', 1481.9400, 2384.0700, '60', '11747.98', 7, 34, CAST('2002-07-01T00:00:00.000' AS DateTime), NULL)
, (970, '"Touring-2000 Blue, 46"', 'BK-T44U-46', 'Blue', 755.1500, 1214.8500, '46', '12305.9', 7, 35, CAST('2002-07-01T00:00:00.000' AS DateTime), NULL)
, (971, '"Touring-2000 Blue, 50"', 'BK-T44U-50', 'Blue', 755.1500, 1214.8500, '50', '12437.44', 7, 35, CAST('2002-07-01T00:00:00.000' AS DateTime), NULL)
, (972, '"Touring-2000 Blue, 54"', 'BK-T44U-54', 'Blue', 755.1500, 1214.8500, '54', '12555.37', 7, 35, CAST('2002-07-01T00:00:00.000' AS DateTime), NULL)
, (973, '"Road-350-W Yellow, 40"', 'BK-R79Y-40', 'Yellow', 1082.5100, 1700.9900, '40', '6962.61', 6, 27, CAST('2002-07-01T00:00:00.000' AS DateTime), NULL)
, (974, '"Road-350-W Yellow, 42"', 'BK-R79Y-42', 'Yellow', 1082.5100, 1700.9900, '42', '7153.11', 6, 27, CAST('2002-07-01T00:00:00.000' AS DateTime), NULL)
, (975, '"Road-350-W Yellow, 44"', 'BK-R79Y-44', 'Yellow', 1082.5100, 1700.9900, '44', '7316.41', 6, 27, CAST('2002-07-01T00:00:00.000' AS DateTime), NULL)
, (976, '"Road-350-W Yellow, 48"', 'BK-R79Y-48', 'Yellow', 1082.5100, 1700.9900, '48', '7447.95', 6, 27, CAST('2002-07-01T00:00:00.000' AS DateTime), NULL)
, (977, '"Road-750 Black, 58"', 'BK-R19B-58', 'Black', 343.6500, 539.9900, '58', '9430.14', 6, 31, CAST('2002-07-01T00:00:00.000' AS DateTime), NULL)
, (978, '"Touring-3000 Blue, 44"', 'BK-T18U-44', 'Blue', 461.4400, 742.3500, '44', '13049.78', 7, 36, CAST('2002-07-01T00:00:00.000' AS DateTime), NULL)
, (979, '"Touring-3000 Blue, 50"', 'BK-T18U-50', 'Blue', 461.4400, 742.3500, '50', '13213.08', 7, 36, CAST('2002-07-01T00:00:00.000' AS DateTime), NULL)
, (980, '"Mountain-400-W Silver, 38"', 'BK-M38S-38', 'Silver', 419.7800, 769.4900, '38', '11952.1', 5, 22, CAST('2002-07-01T00:00:00.000' AS DateTime), NULL)
, (981, '"Mountain-400-W Silver, 40"', 'BK-M38S-40', 'Silver', 419.7800, 769.4900, '40', '12142.6', 5, 22, CAST('2002-07-01T00:00:00.000' AS DateTime), NULL)
, (982, '"Mountain-400-W Silver, 42"', 'BK-M38S-42', 'Silver', 419.7800, 769.4900, '42', '12305.9', 5, 22, CAST('2002-07-01T00:00:00.000' AS DateTime), NULL)
, (983, '"Mountain-400-W Silver, 46"', 'BK-M38S-46', 'Silver', 419.7800, 769.4900, '46', '12437.44', 5, 22, CAST('2002-07-01T00:00:00.000' AS DateTime), NULL)
, (984, '"Mountain-500 Silver, 40"', 'BK-M18S-40', 'Silver', 308.2200, 564.9900, '40', '12405.69', 5, 23, CAST('2002-07-01T00:00:00.000' AS DateTime), NULL)
, (985, '"Mountain-500 Silver, 42"', 'BK-M18S-42', 'Silver', 308.2200, 564.9900, '42', '12596.19', 5, 23, CAST('2002-07-01T00:00:00.000' AS DateTime), NULL)
, (986, '"Mountain-500 Silver, 44"', 'BK-M18S-44', 'Silver', 308.2200, 564.9900, '44', '12759.49', 5, 23, CAST('2002-07-01T00:00:00.000' AS DateTime), NULL)
, (987, '"Mountain-500 Silver, 48"', 'BK-M18S-48', 'Silver', 308.2200, 564.9900, '48', '12891.03', 5, 23, CAST('2002-07-01T00:00:00.000' AS DateTime), NULL)
, (988, '"Mountain-500 Silver, 52"', 'BK-M18S-52', 'Silver', 308.2200, 564.9900, '52', '13008.96', 5, 23, CAST('2002-07-01T00:00:00.000' AS DateTime), NULL)
, (989, '"Mountain-500 Black, 40"', 'BK-M18B-40', 'Black', 294.5800, 539.9900, '40', '12405.69', 5, 23, CAST('2002-07-01T00:00:00.000' AS DateTime), NULL)
, (990, '"Mountain-500 Black, 42"', 'BK-M18B-42', 'Black', 294.5800, 539.9900, '42', '12596.19', 5, 23, CAST('2002-07-01T00:00:00.000' AS DateTime), NULL)
, (991, '"Mountain-500 Black, 44"', 'BK-M18B-44', 'Black', 294.5800, 539.9900, '44', '12759.49', 5, 23, CAST('2002-07-01T00:00:00.000' AS DateTime), NULL)
, (992, '"Mountain-500 Black, 48"', 'BK-M18B-48', 'Black', 294.5800, 539.9900, '48', '12891.03', 5, 23, CAST('2002-07-01T00:00:00.000' AS DateTime), NULL)
, (993, '"Mountain-500 Black, 52"', 'BK-M18B-52', 'Black', 294.5800, 539.9900, '52', '13008.96', 5, 23, CAST('2002-07-01T00:00:00.000' AS DateTime), NULL)
, (994, 'LL Bottom Bracket', 'BB-7421', 'null', 23.9700, 53.9900, 'null', '223', 9, 95, CAST('2002-07-01T00:00:00.000' AS DateTime), NULL)
, (995, 'ML Bottom Bracket', 'BB-8107', 'null', 44.9500, 101.2400, 'null', '168', 9, 96, CAST('2002-07-01T00:00:00.000' AS DateTime), NULL)
, (996, 'HL Bottom Bracket', 'BB-9108', 'null', 53.9400, 121.4900, 'null', '170', 9, 97, CAST('2002-07-01T00:00:00.000' AS DateTime), NULL)
, (997, '"Road-750 Black, 44"', 'BK-R19B-44', 'Black', 343.6500, 539.9900, '44', '8967.47', 6, 31, CAST('2002-07-01T00:00:00.000' AS DateTime), NULL)
, (998, '"Road-750 Black, 48"', 'BK-R19B-48', 'Black', 343.6500, 539.9900, '48', '9130.77', 6, 31, CAST('2002-07-01T00:00:00.000' AS DateTime), NULL)
, (999, '"Road-750 Black, 52"', 'BK-R19B-52', 'Black', 343.6500, 539.9900, '52', '9262.31', 6, 31, CAST('2002-07-01T00:00:00.000' AS DateTime), NULL);





INSERT INTO SAW.ProductCategory (ProductCategoryID, ParentProductCategoryID, Name) VALUES 
(1, NULL, 'Bikes')
, (2, NULL, 'Components')
, (3, NULL, 'Clothing')
, (4, NULL, 'Accessories')
, (5, 1, 'Mountain Bikes')
, (6, 1, 'Road Bikes')
, (7, 1, 'Touring Bikes')
, (8, 2, 'Handlebars')
, (9, 2, 'Bottom Brackets')
, (10, 2, 'Brakes')
, (11, 2, 'Chains')
, (12, 2, 'Cranksets')
, (13, 2, 'Derailleurs')
, (14, 2, 'Forks')
, (15, 2, 'Headsets')
, (16, 2, 'Mountain Frames')
, (17, 2, 'Pedals')
, (18, 2, 'Road Frames')
, (19, 2, 'Saddles')
, (20, 2, 'Touring Frames')
, (21, 2, 'Wheels')
, (22, 3, 'Bib-Shorts')
, (23, 3, 'Caps')
, (24, 3, 'Gloves')
, (25, 3, 'Jerseys')
, (26, 3, 'Shorts')
, (27, 3, 'Socks')
, (28, 3, 'Tights')
, (29, 3, 'Vests')
, (30, 4, 'Bike Racks')
, (31, 4, 'Bike Stands')
, (32, 4, 'Bottles and Cages')
, (33, 4, 'Cleaners')
, (34, 4, 'Fenders')
, (35, 4, 'Helmets')
, (36, 4, 'Hydration Packs')
, (37, 4, 'Lights')
, (38, 4, 'Locks')
, (39, 4, 'Panniers')
, (40, 4, 'Pumps')
, (41, 4, 'Tires and Tubes')
;
INSERT INTO SAW.ProductDescription (ProductDescriptionID, Description) VALUES 
(3, 'Chromoly steel.')
, (4, 'Aluminum alloy cups; large diameter spindle.')
, (5, 'Aluminum alloy cups and a hollow axle.')
, (8, 'Suitable for any type of riding, on or off-road. Fits any budget. Smooth-shifting with a comfortable ride.')
, (64, 'This bike delivers a high-level of performance on a budget. It is responsive and maneuverable, and offers peace-of-mind when you decide to go off-road.')
, (88, 'For true trail addicts. An extremely durable bike that will go anywhere and keep you in control on challenging terrain - without breaking your budget.')
, (128, 'Serious back-country riding. Perfect for all levels of competition. Uses the same HL Frame as the Mountain-100.')
, (168, 'Top-of-the-line competition mountain bike. Performance-enhancing options include the innovative HL Frame, super-smooth front suspension, and traction for all terrain.')
, (170, 'Suitable for any type of off-road trip. Fits any budget.')
, (209, 'Entry level adult bike; offers a comfortable ride cross-country or down the block. Quick-release hubs and rims.')
, (249, 'Value-priced bike with many features of our top-of-the-line models. Has the same light, stiff frame, and the quick acceleration we''re famous for.')
, (320, 'Same technology as all of our Road series bikes, but the frame is sized for a woman. Perfect all-around bike for road or racing.')
, (321, 'Same technology as all of our Road series bikes. Perfect all-around bike for road or racing.')
, (337, 'A true multi-sport bike that offers streamlined riding and a revolutionary design. Aerodynamic design lets you ride with the pros, and the gearing will conquer hilly roads.')
, (375, 'Cross-train, race, or just socialize on a sleek, aerodynamic bike. Advanced seat technology provides comfort all day.')
, (376, 'Cross-train, race, or just socialize on a sleek, aerodynamic bike designed for a woman. Advanced seat technology provides comfort all day.')
, (409, 'Alluminum-alloy frame provides a light, stiff ride, whether you are racing in the velodrome or on a demanding club ride on country roads.')
, (457, 'This bike is ridden by race winners. Developed with the Adventure Works Cycles professional race team, it has a extremely light heat-treated aluminum frame, and steering that allows precision control.')
, (513, 'All-occasion value bike with our basic comfort and safety features. Offers wider, more stable tires for a ride around town or weekend trip.')
, (554, 'The plush custom saddle keeps you riding all day, and there''s plenty of space to add panniers and bike bags to the newly-redesigned carrier. This bike has stability when fully-loaded.')
, (594, 'Travel in style and comfort. Designed for maximum comfort and safety. Wide gear range takes on all hills. High-tech aluminum alloy construction provides durability without added weight.')
, (613, 'Superior shifting performance.')
, (618, 'Super rigid spindle.')
, (619, 'High-strength crank arm.')
, (620, 'Triple crankset; alumunim crank arm; flawless shifting.')
, (627, 'All-weather brake pads; provides superior stopping by applying more surface to the rim.')
, (630, 'Wide-link design.')
, (633, 'Stout design absorbs shock and offers more precise steering.')
, (634, 'Composite road fork with an aluminum steerer tube.')
, (635, 'High-performance carbon road fork with curved legs.')
, (637, 'Our best value utilizing the same, ground-breaking frame technology as the ML aluminum frame.')
, (642, 'The ML frame is a heat-treated aluminum frame made with the same detail and quality as our HL frame. It offers superior performance. Me''s version.')
, (644, 'The ML frame is a heat-treated aluminum frame made with the same detail and quality as our HL frame. It offers superior performance. Wome''s version.')
, (647, 'Each frame is hand-crafted in our Bothell facility to the optimum diameter and wall-thickness required of a premium mountain frame. The heat-treated welded aluminum frame has a larger diameter tube that absorbs the bumps.')
, (661, 'Made from the same aluminum alloy as our top-of-the line HL frame, the ML features a lightweight down-tube milled to the perfect diameter for optimal strength. Wome''s version.')
, (686, 'Replacement mountain wheel for entry-level rider.')
, (687, 'Replacement mountain wheel for the casual to serious rider.')
, (688, 'High-performance mountain replacement wheel.')
, (689, 'Replacement road front wheel for entry-level cyclist.')
, (690, 'Sturdy alloy features a quick-release hub.')
, (691, 'Strong wheel with double-walled rim.')
, (692, 'Aerodynamic rims for smooth riding.')
, (697, 'All-purpose bar for on or off-road.')
, (698, 'Tough aluminum alloy bars for downhill.')
, (699, 'Flat bar strong enough for the pro circuit.')
, (700, 'Unique shape provides easier reach to the levers.')
, (701, 'Anatomically shaped aluminum tube bar will suit all riders.')
, (702, 'Designed for racers; high-end anatomically shaped bar from aluminum alloy.')
, (703, 'Unique shape reduces fatigue for entry level riders.')
, (704, 'A light yet stiff aluminum bar for long distance riding.')
, (744, 'Threadless headset provides quality at an economical price.')
, (745, 'Sealed cartridge keeps dirt out.')
, (746, 'High-quality 1" threadless headset with a grease port for quick lubrication.')
, (847, 'Expanded platform so you can ride in any shoes; great for all-around riding.')
, (848, 'Lightweight, durable, clipless pedal with adjustable tension.')
, (849, 'Stainless steel; designed to shed mud easily.')
, (850, 'Clipless pedals - aluminum.')
, (851, 'Lightweight aluminum alloy construction.')
, (852, 'Top-of-the-line clipless pedals with adjustable tension.')
, (853, 'A stable pedal for all-day riding.')
, (856, 'Refillable shoes; polished aluminum calipers.')
, (858, '10-speed aluminum derailleur with sealed pulley bearings.')
, (867, 'Replacement rear mountain wheel for entry-level rider.')
, (868, 'Replacement rear mountain wheel for the casual to serious rider.')
, (869, 'Extra-strong rims guarantee durability.')
, (870, 'Replacement rear wheel for entry-level cyclist.')
, (871, 'Aluminum alloy rim with stainless steel spokes; built for speed.')
, (872, 'Strong rear wheel with double-walled rim.')
, (873, 'Excellent aerodynamic rims guarantee a smooth ride.')
, (885, 'Synthetic leather. Features gel for increased comfort.')
, (886, 'Designed to absorb shock.')
, (887, 'Anatomic design for a full-day of riding in comfort. Durable leather.')
, (888, 'Lightweight foam-padded saddle.')
, (889, 'Rubber bumpers absorb bumps.')
, (890, 'Lightweight kevlar racing saddle. Leather.')
, (891, 'Comfortable, ergonomically shaped gel saddle.')
, (892, 'New design relieves pressure for long rides.')
, (893, 'Cut-out shell for a more comfortable ride.')
, (903, 'Comparible traction, less expensive wire bead casing.')
, (904, 'Great traction, high-density rubber.')
, (905, 'Incredible traction, lightweight carbon reinforced.')
, (906, 'Same great treads as more expensive tire with a less expensive wire bead casing.')
, (907, 'Higher density rubber.')
, (908, 'Lightweight carbon reinforced for an unrivaled ride at an un-compromised weight.')
, (909, 'High-density rubber.')
, (912, 'Self-sealing tube.')
, (913, 'Conventional all-purpose tube.')
, (914, 'General purpose tube.')
, (1020, 'The LL Frame provides a safe comfortable ride, while offering superior bump absorption in a value-priced aluminum frame.')
, (1062, 'Made from the same aluminum alloy as our top-of-the line HL frame, the ML features a lightweight down-tube milled to the perfect diameter for optimal strength. Me''s version.')
, (1090, 'Our lightest and best quality aluminum frame made from the newest alloy; it is welded and heat-treated for strength. Our innovative design results in maximum comfort and performance.')
, (1146, 'Lightweight butted aluminum frame provides a more upright riding position for a trip around town. Our ground-breaking design provides optimum comfort.')
, (1182, 'The HL aluminum frame is custom-shaped for both good looks and strength; it will withstand the most rigorous challenges of daily riding. Me''s version.')
, (1183, 'Affordable light for safe night riding - uses 3 AAA batteries')
, (1185, 'Aluminum cage is lighter than our mountain version; perfect for long distance trips.')
, (1186, 'AWC logo water bottle - holds 30 oz; leak-proof.')
, (1187, 'Carries 4 bikes securely; steel construction, fits 2" receiver hitch.')
, (1188, 'Clip-on fenders fit most mountain bikes.')
, (1189, 'Combination of natural and synthetic fibers stays dry and provides just the right cushioning.')
, (1191, 'Designed for convenience. Fits in your pocket. Aluminum barrel. 160psi rated.')

, (1192, 'Designed for the AWC team with stay-put straps, moisture-control, chamois padding, and leg grippers.')
, (1193, 'Durable, water-proof nylon construction with easy access. Large enough for weekend trips.')
, (1194, 'Full padding, improved finger flex, durable palm, adjustable closure.')
, (1195, 'Synthetic palm, flexible knuckles, breathable mesh upper. Worn by the AWC team riders.')
, (1196, 'Heavy duty, abrasion-resistant shorts feature seamless, lycra inner shorts with anti-bacterial chamois for comfort.')
, (1197, 'Includes 8 different size patches, glue and sandpaper.')
, (1199, 'Light-weight, wind-resistant, packs to fit into a pocket.')
, (1200, 'Me''s 8-panel racing shorts - lycra with an elastic waistband and leg grippers.')
, (1201, 'Perfect all-purpose bike stand for working on your bike at home. Quick-adjusting clamps and steel construction.')
, (1202, 'Rechargeable dual-beam headlight.')
, (1203, 'Rugged weatherproof headlight.')
, (1205, 'Short sleeve classic breathable jersey with superior moisture control, front zipper, and 3 back pockets.')
, (1206, 'Simple and light-weight. Emergency patches stored in handle.')
, (1208, 'Thin, lightweight and durable with cuffs that stay up.')
, (1209, 'Tough aluminum cage holds bottle securly on tough terrain.')
, (1210, 'Traditional style with a flip-up brim; one-size fits all.')
, (1211, 'Unisex long-sleeve AWC logo microfiber cycling jersey')
, (1212, 'Universal fit, well-vented, lightweight , snap-on visor.')
, (1213, 'Versatile 70 oz hydration pack offers extra storage, easy-fill access, and a waist belt.')
, (1214, 'Warm spandex tights for winter riding; seamless chamois construction eliminates pressure points.')
, (1215, 'Washes off the toughest road grime; dissolves grease, environmentally safe. 1-liter bottle.')
, (1216, 'Wraps to fit front and rear tires, carrier and 2 keys included.')
, (1360, 'NULL')
, (1361, 'NULL')
, (1362, 'NULL')
, (1363, 'NULL')
, (1364, 'NULL')
, (1365, 'NULL')
, (1366, 'NULL')
, (1367, 'NULL')
, (1368, 'NULL')
, (1369, 'NULL')
, (1370, 'NULL')
, (1371, 'NULL')
, (1372, 'NULL')
, (1373, 'NULL')
, (1374, 'NULL')
, (1375, 'NULL')
, (1376, 'NULL')
, (1377, 'NULL')
, (1378, 'NULL')
, (1379, 'NULL')
, (1380, 'NULL')
, (1381, 'NULL')
, (1382, 'NULL')
, (1383, 'NULL')
, (1384, 'NULL')
, (1385, 'NULL')
, (1386, 'NULL')
, (1387, 'NULL')
, (1388, 'NULL')
, (1389, 'NULL')
, (1390, 'NULL')
, (1391, 'NULL')
, (1392, 'NULL')
, (1393, 'NULL')
, (1394, 'NULL')
, (1395, 'NULL')
, (1396, 'NULL')
, (1397, 'NULL')
, (1398, 'NULL')
, (1399, 'NULL')
, (1400, 'NULL')
, (1401, 'NULL')
, (1402, 'NULL')
, (1403, 'NULL')
, (1404, 'NULL')
, (1405, 'NULL')
, (1406, 'NULL')
, (1407, 'NULL')
, (1408, 'NULL')
, (1409, 'NULL')
, (1410, 'NULL')
, (1411, 'NULL')
, (1412, 'NULL')
, (1413, 'NULL')
, (1414, 'NULL')
, (1415, 'NULL')
, (1416, 'NULL')
, (1417, 'NULL')
, (1418, 'NULL')
, (1419, 'NULL')
, (1420, 'NULL')
, (1421, 'NULL')
, (1422, 'NULL')
, (1423, 'NULL')
, (1424, 'NULL')
, (1425, 'NULL')
, (1426, 'NULL')
, (1427, 'NULL')
, (1429, 'NULL')
, (1430, 'NULL')
, (1431, 'NULL')
, (1432, 'NULL')
, (1433, 'NULL')
, (1434, 'NULL')
, (1435, 'NULL')
, (1436, 'NULL')
, (1437, 'NULL')
, (1438, 'NULL')

, (1439, 'NULL')
, (1440, 'NULL')
, (1441, 'NULL')
, (1442, 'NULL')
, (1443, 'NULL')
, (1444, 'NULL')
, (1445, 'NULL')
, (1446, 'NULL')
, (1447, 'NULL')
, (1448, 'NULL')
, (1449, 'NULL')
, (1450, 'NULL')
, (1451, 'NULL')
, (1452, 'NULL')
, (1453, 'NULL')
, (1454, 'NULL')
, (1455, 'NULL')
, (1456, 'NULL')
, (1457, 'NULL')
, (1458, 'NULL')
, (1459, 'NULL')
, (1460, 'NULL')
, (1461, 'NULL')
, (1462, 'NULL')
, (1463, 'NULL')
, (1464, 'NULL')
, (1465, 'NULL')
, (1466, 'NULL')
, (1467, 'NULL')
, (1468, 'NULL')
, (1469, 'NULL')
, (1470, 'NULL')
, (1471, 'NULL')
, (1472, 'NULL')
, (1473, 'NULL')
, (1474, 'NULL')
, (1475, 'NULL')
, (1476, 'NULL')
, (1477, 'NULL')
, (1478, 'NULL')
, (1479, 'NULL')
, (1480, 'NULL')
, (1481, 'NULL')
, (1482, 'NULL')
, (1484, 'Acier chrom?.')
, (1485, 'Cuvettes en alliage d''aluminium?; axe de grand diam?tre.')
, (1486, 'Cuvettes en alliage d''aluminium et axe creux.')
, (1487, 'Adapt? ? tous les usages, sur route ou tout-terrain. Pour toutes les bourses. Changement de braquet en douceur et conduite confortable.')
, (1488, 'Ce v?lo offre un excellent rapport qualit?-prix. Vif et facile ? man?uvrer, il se conduit en toute tranquillit? sur les chemins et les sentiers.')
, (1489, 'Pour les v?ritables passionn?s du VTT. Un v?lo extr?mement robuste qui vous permettra d''aller partout, m?me sur les terrains difficiles, pour un budget raisonnable.')
, (1490, 'Conduite sur terrains tr?s accident?s. Id?al pour tous les niveaux de comp?tition. Utilise le m?me cadre HL que le Montain-100.')
, (1491, 'VTT de comp?tition haut de gamme. Plusieurs options d''am?lioration des performances?: cadre HL, suspension avant particuli?rement souple et traction adapt?e ? tous les terrains.')
, (1492, 'Adapt? ? tous les terrains. Pour toutes les bourses.')
, (1493, 'V?lo d''adulte d''entr?e de gamme?; permet une conduite confortable en ville ou sur les chemins de campagne. Moyeux et rayons ? blocage rapide.')
, (1494, 'V?lo tr?s s?duisant comportant de nombreuses caract?ristiques des mod?les haut de gamme. B?n?ficie du cadre l?ger et rigide, mais aussi de la ligne performante qui ont fait notre r?putation.')
, (1495, '?quip? de la m?me technologie que tous nos v?los de route, avec un cadre femmes. Id?al pour la promenade ou la course sur route.')
, (1496, '?quip? de la m?me technologie que tous nos v?los de route. Id?al pour la promenade ou la course sur route.')
, (1497, 'Un v?ritable v?lo multi-sports, qui offre une conduite optimis?e et une ligne r?volutionnaire. Sa ligne a?rodynamique vous permet de l''utiliser en course et ses vitesses de gravir les cols.')
, (1498, 'VTT, course ou promenade entre amis sur un v?lo a?rodynamique et l?ger. B?n?ficie d''un syst?me de selle perfectionn? qui offre un confort optimal.')
, (1499, 'Tout terrain, course ou promenade entre amis sur un v?lo a?rodynamique et l?ger (cadre femmes). B?n?ficie d''un syst?me de selle perfectionn? qui offre un confort optimal.')
, (1500, 'Cadre en alliage d''aluminium qui offre une conduite l?g?re et rapide, sur pistes ou sur routes de campagne.')
, (1501, 'Ce v?lo est destin? aux champions cyclistes. Mis au point par une ?quipe cycliste professionnelle, ce v?lo poss?de un cadre en aluminium trait? ? chaud extr?mement l?ger et un guidon qui permet une conduite tr?s pr?cise.')
, (1502, 'V?lo de qualit? pour tous usages, dot? d''un bon niveau de confort et de s?curit?. Pr?sente des pneus plus larges et plus stables pour les sorties en ville ou les randonn?es du week-end.')
, (1503, 'La selle rembourr?e offre un confort optimal. Le porte-bagages nouvellement remani? offre diverses possibilit?s d''ajout de paniers ou de sacoches. Ce v?lo reste parfaitement stable une fois charg?.')
, (1504, 'Voyagez confortablement et avec ?l?gance. Confort et s?curit? maximum. Large ?ventail de vitesses pour gravir toutes les c?tes. Sa fabrication en alliage d''aluminium haute technologie est synonyme de robustesse, sans ajout de poids.')
, (1505, 'Syst?me de changement de vitesse tr?s performant.')
, (1506, 'Axe tr?s rigide.')
, (1507, 'Manivelle haute r?sistance.')
, (1508, 'P?dalier triple plateaux?; manivelle en aluminium?; changement de braquet impeccable.')
, (1509, 'Patins de freinage pour tous les temps?; freinage renforc? par l''application d''une plus grande surface sur la jante.')
, (1510, 'Conception liaison large.')
, (1511, 'Conception robuste permettant d''absorber les chocs et d''offrir une conduite plus pr?cise.')
, (1512, 'Fourche composite pour route avec tube de direction en aluminium.')
, (1513, 'Fourche pour route en carbone hautes performances avec bras incurv?s.')
, (1514, 'Utilise la m?me technologie de cadre que celle adopt?e sur le cadre en aluminium ML.')
, (1515, 'Le cadre ML est un cadre en aluminium trait? ? chaud fabriqu? avec le m?me niveau de d?tail et de qualit? que notre cadre HL. Il offre des performances exceptionnelles. Version hommes.')
, (1516, 'Le cadre ML est un cadre en aluminium trait? ? chaud fabriqu? avec le m?me niveau de d?tail et de qualit? que notre cadre HL. Il offre des performances exceptionnelles. Version femmes.')
, (1517, 'Dot? du m?me alliage en aluminium que notre cadre HL haut de gamme, le ML poss?de un tube l?ger dont le diam?tre est pr?vu pour offrir une r?sistance optimale. Version femmes.')
, (1518, 'Roue de secours tout-terrain pour v?t?tiste occasionnel.')
, (1519, 'Roue de secours tout-terrain pour v?t?tiste amateur ? confirm?.')
, (1520, 'Roue de secours tout-terrain hautes performances.')
, (1521, 'Roue avant pour v?lo de route pour cycliste occasionnel.')
, (1522, 'Alliage robuste avec moyeu ? blocage rapide.')
, (1523, 'Roue solide avec jante double paroi.')
, (1524, 'Jantes a?rodynamiques pour conduite en souplesse.')
, (1525, 'Barre d''appui tous usages pour conduite sur route ou tout-terrain.')
, (1526, 'Barres d''appui en alliage d''aluminium solide pour descente.')
, (1527, 'Barre d''appui plate suffisamment solide pour le circuit professionnel.')
, (1528, 'Forme tr?s r?ussie destin?e ? faciliter l''acc?s aux leviers.')
, (1529, 'Barre d''appui avec tube en aluminium ergonomique pour r?pondre aux besoins de tous les cyclistes.')
, (1530, 'Con?u pour la comp?tition?; barre d''appui ergonomique haut de gamme en alliage d''aluminium.')
, (1531, 'Forme tr?s r?ussie destin?e ? diminuer la fatigue des cyclistes occasionnels.')
, (1532, 'Barre d''appui en aluminium l?g?re et solide pour les longues randonn?es.')
, (1533, 'Jeu de direction de qualit? sans filetage ? un prix abordable.')
, (1534, 'Bo?tier de protection herm?tique.')
, (1535, 'Jeu de direction sans filetage 2,54?cm de grande qualit? avec un dispositif de lubrification rapide.')
, (1536, 'Plate-forme allong?e permettant de rouler avec tous types de chaussures?; id?al pour la randonn?e.')
, (1537, 'P?dales automatiques l?g?res et robustes avec tension r?glable.')
, (1538, 'Acier inoxydable?; facile ? nettoyer.')
, (1539, 'P?dales automatiques?- aluminium.')

, (1540, 'Fabrication en alliage d''aluminium l?ger.')
, (1541, 'P?dales automatiques haut de gamme avec tension r?glable.')
, (1542, 'P?dale stable pour longs trajets.')
, (1543, 'Bouchon de remplissage?; ?triers en aluminium poli.')
, (1544, 'D?railleur en aluminium 10?vitesses avec supports de galet herm?tiques.')
, (1545, 'Roue de secours tout-terrain arri?re pour v?t?tiste occasionnel.')
, (1546, 'Roue de secours tout-terrain arri?re pour v?t?tiste amateur ? confirm?.')
, (1547, 'Jantes tr?s robustes, solidit? garantie.')
, (1548, 'Roue de secours arri?re pour cycliste occasionnel.')
, (1549, 'Jante en alliage d''aluminium avec rayons en acier inoxydable?; pour une vitesse optimale.')
, (1550, 'Roue arri?re solide avec jante doubl?e.')
, (1551, 'Excellentes jantes a?rodynamiques pour une conduite en souplesse.')
, (1552, 'Cuir synth?tique. Confort am?lior? gr?ce au couvre-selle en gel.')
, (1553, 'Con?u pour absorber les chocs.')
, (1554, 'Conception ergonomique pour randonn?e longue distance confortable. Cuir de qualit?.')
, (1555, 'Selle l?g?re avec renfort en mousse.')
, (1556, 'Amortisseurs en caoutchouc pour absorber les bosses.')
, (1557, 'Selle de course l?g?re en Kevlar. Cuir.')
, (1558, 'Selle confortable et ergonomique profil?e avec couvre-selle en gel.')
, (1559, 'Nouvelle conception pour ?viter la fatigue lors des longues randonn?es.')
, (1560, 'Cadre profil? pour am?liorer le confort.')
, (1561, 'Traction comparable aux mod?les haut de gamme, gomme de pneu moins ch?re.')
, (1562, 'Grande traction, caoutchouc haute densit?.')
, (1563, 'Traction exceptionnelle?; carbone l?ger renforc?.')
, (1564, 'M?me dessin que les pneus plus chers, mais dot? d''une gomme moins ch?re.')
, (1565, 'Caoutchouc plus dense que sur les autres mod?les.')
, (1566, 'Carbone l?ger renforc? pour un confort de conduite in?gal?, sans ajout de poids.')
, (1567, 'Caoutchouc haute densit?.')
, (1568, 'Tube ? autovulcanisation.')
, (1569, 'Tube classique tous usages.')
, (1570, 'Tube ? usage g?n?rique.')
, (1571, 'Le cadre LL en aluminium offre une conduite confortable, une excellente absorption des bosses pour un tr?s bon rapport qualit?-prix.')
, (1572, 'Dot? du m?me alliage en aluminium que notre cadre HL haut de gamme, le ML poss?de un tube l?ger dont le diam?tre est pr?vu pour offrir une r?sistance optimale. Version hommes.')
, (1573, 'Notre cadre en aluminium plus l?ger et de qualit? sup?rieure fabriqu? ? partir du tout dernier alliage?; cadre soud? et trait? ? chaud pour une meilleure r?sistance. Le r?sultat d''une conception innovante pour un confort et des performances maximum.')
, (1574, 'Cadre renforc? l?ger pour une position plus droite?; id?al pour les promenades en ville. Ligne remarquable pour un confort optimal.')
, (1575, 'Le cadre HL est profil? afin d''associer ?l?gance et robustesse?; il est pr?vu pour r?sister ? une utilisation quotidienne intensive. Version hommes.')
, (1576, '?clairage peu on?reux pour la conduite de nuit?- utilise 3 piles?AAA.')
, (1577, 'Le porte-bidon en aluminium est plus l?ger que la version VTT?; id?al pour les longues randonn?es.')
, (1578, 'Bidon d''eau avec le logo de l''?quipe AWC?- capacit? 0,75?litre, enti?rement ?tanche.')
, (1579, 'Porte-v?lo s?curis? pour 4?v?los?; fabrication en acier?; adaptable sur attache-remorque.')
, (1580, 'Garde-boue adapt? ? la plupart des VTT.')
, (1581, 'Combinaison de fibres naturelles et synth?tiques?; reste s?che et offre le confort n?cessaire.')
, (1582, 'Tr?s pratique. Tient dans la poche. Corps en aluminium. 11,2?bars.')
, (1583, 'Con?u pour l''?quipe professionnelle AWC, ? bretelles, contr?le de l''humidit?, peau de chamois et bande anti-remont?e.')
, (1584, 'Fabrication en nylon r?sistant ?tanche d''acc?s facile. Suffisamment grand pour les randonn?es du week-end.')
, (1585, 'Enti?rement rembourr?, am?lioration de la souplesse de mouvement des doigts, paume renforc?e, fermeture r?glable.')
, (1586, 'Paume synth?tique, poignets souples, ouverture maill?e anti-transpiration. Adopt? par les professionnels de l''?quipe AWC.')
, (1587, 'Cuissards r?sistants ? l''usure pour utilisation intensive, doubl?s ? l''int?rieur en Spandex, sans couture, peau de chamois anti-bact?rie pour un meilleur confort.')
, (1588, 'Comprend 8?rustines de tailles diff?rentes, de la colle et du papier de verre.')
, (1589, 'Sacs l?gers et r?sistants au vent?; tiennent dans la poche.')
, (1590, 'Cuissards de course pour hommes?- en Spandex avec un ?lastique ? la ceinture et bande anti-remont?e.')
, (1591, 'Support de type home trainer id?al pour vous entra?ner en int?rieur (pour tous les mod?les de v?lo). Fixations rapides, fabrication en acier.')
, (1592, 'Feu avant rechargeable ? deux faisceaux.')
, (1593, 'Feu avant robuste.')
, (1594, 'Maillot manches courtes classique et anti-transpiration avec contr?le de l''humidit?, fermeture avant ? glissi?re et 3?poches arri?re.')
, (1595, 'Simple et l?ger. Rustines de secours rang?es dans la poign?e.')
, (1596, 'Fin, l?ger et r?sistant avec des poignets qui restent en place.')
, (1597, 'Porte-bidon en aluminium robuste qui maintient le bidon sur les terrains accident?s.')
, (1598, 'Style classique avec une visi?re relevable?; taille unique.')
, (1599, 'Maillot de cycliste en microfibre avec le logo de l''?quipe AWV, manches longues, unisexe.')
, (1600, 'L?g?re, a?r?e, taille unique, avec une visi?re amovible.')
, (1601, 'Sac d''hydratation de 3?l polyvalent. Permet de stocker des aliments suppl?mentaires. Facile d''acc?s et fourni avec une ceinture.')
, (1602, 'Collants chauds en Spandex pour l''hiver?; fabrication en chamoisine sans couture pour ?liminer les points de frottement.')
, (1603, 'Nettoie les salet?s?; dissout la graisse. Prot?ge l''environnement. Bouteille d''1?litre.')
, (1604, 'S''enroule pour s''adapter aux pneus avant et arri?re, sac et deux cl?s fournis.')
, (1605, 'Chaque cadre est fabriqu? artisanalement dans notre atelier de Bordeaux afin d''obtenir le diam?tre et l''?paisseur adapt?s ? un v?lo tout-terrain de premier choix. Le cadre en aluminium soud? ? chaud pr?sente un tube d''un plus grand diam?tre, afin d''absorb')
, (1606, 'NULL')
, (1607, 'NULL')
, (1608, 'NULL')
, (1609, 'NULL')
, (1610, 'NULL')
, (1611, 'NULL')
, (1612, 'NULL')
, (1613, 'NULL')
, (1614, 'NULL')
, (1615, 'NULL')
, (1616, 'NULL')
, (1617, 'NULL')
, (1618, 'NULL')
, (1619, 'NULL')
, (1620, 'NULL')
, (1621, 'NULL')
, (1622, 'NULL')
, (1623, 'NULL')
, (1624, 'NULL')
, (1625, 'NULL')
, (1626, 'NULL')
, (1627, 'NULL')
, (1628, 'NULL')
, (1629, 'NULL')
, (1630, 'NULL')
, (1631, 'NULL')
, (1632, 'NULL')
, (1633, 'NULL')
, (1634, 'NULL')
, (1635, 'NULL')
, (1636, 'NULL')
, (1637, 'NULL')
, (1638, 'NULL')
, (1639, 'NULL')

, (1640, 'NULL')
, (1641, 'NULL')
, (1642, 'NULL')
, (1643, 'NULL')
, (1644, 'NULL')
, (1645, 'NULL')
, (1646, 'NULL')
, (1647, 'NULL')
, (1648, 'NULL')
, (1649, 'NULL')
, (1650, 'NULL')
, (1651, 'NULL')
, (1652, 'NULL')
, (1653, 'NULL')
, (1654, 'NULL')
, (1655, 'NULL')
, (1656, 'NULL')
, (1657, 'NULL')
, (1658, 'NULL')
, (1659, 'NULL')
, (1660, 'NULL')
, (1661, 'NULL')
, (1662, 'NULL')
, (1663, 'NULL')
, (1664, 'NULL')
, (1665, 'NULL')
, (1666, 'NULL')
, (1667, 'NULL')
, (1668, 'NULL')
, (1669, 'NULL')
, (1670, 'NULL')
, (1671, 'NULL')
, (1672, 'NULL')
, (1673, 'NULL')
, (1674, 'NULL')
, (1675, 'NULL')
, (1676, 'NULL')
, (1677, 'NULL')
, (1678, 'NULL')
, (1679, 'NULL')
, (1680, 'NULL')
, (1681, 'NULL')
, (1682, 'NULL')
, (1683, 'NULL')
, (1684, 'NULL')
, (1685, 'NULL')
, (1686, 'NULL')
, (1687, 'NULL')
, (1688, 'NULL')
, (1689, 'NULL')
, (1690, 'NULL')
, (1691, 'NULL')
, (1692, 'NULL')
, (1693, 'NULL')
, (1694, 'NULL')
, (1695, 'NULL')
, (1696, 'NULL')
, (1697, 'NULL')
, (1698, 'NULL')
, (1699, 'NULL')
, (1700, 'NULL')
, (1701, 'NULL')
, (1702, 'NULL')
, (1703, 'NULL')
, (1704, 'NULL')
, (1705, 'NULL')
, (1706, 'NULL')
, (1707, 'NULL')
, (1708, 'NULL')
, (1709, 'NULL')
, (1710, 'NULL')
, (1711, 'NULL')
, (1712, 'NULL')
, (1713, 'NULL')
, (1714, 'NULL')
, (1715, 'NULL')
, (1716, 'NULL')
, (1717, 'NULL')
, (1718, 'NULL')
, (1719, 'NULL')
, (1720, 'NULL')
, (1721, 'NULL')
, (1722, 'NULL')
, (1723, 'NULL')
, (1724, 'NULL')
, (1725, 'NULL')
, (1726, 'NULL')
, (1727, 'NULL')
, (1728, 'NULL')
, (1729, 'NULL')
, (1730, 'NULL')
, (1731, 'NULL')
, (1732, 'NULL')
, (1733, 'NULL')
, (1734, 'NULL')
, (1735, 'NULL')
, (1736, 'NULL')
, (1737, 'NULL')
, (1738, 'NULL')
, (1739, 'NULL')

, (1740, 'NULL')
, (1741, 'NULL')
, (1742, 'NULL')
, (1743, 'NULL')
, (1744, 'NULL')
, (1745, 'NULL')
, (1747, 'NULL')
, (1748, 'NULL')
, (1749, 'NULL')
, (1750, 'NULL')
, (1751, 'NULL')
, (1752, 'NULL')
, (1753, 'NULL')
, (1754, 'NULL')
, (1755, 'NULL')
, (1756, 'NULL')
, (1757, 'NULL')
, (1758, 'NULL')
, (1759, 'NULL')
, (1760, 'NULL')
, (1761, 'NULL')
, (1763, 'NULL')
, (1764, 'NULL')
, (1765, 'NULL')
, (1766, 'NULL')
, (1767, 'NULL')
, (1768, 'NULL')
, (1770, 'NULL')
, (1771, 'NULL')
, (1772, 'NULL')
, (1773, 'NULL')
, (1774, 'NULL')
, (1775, 'NULL')
, (1776, 'NULL')
, (1777, 'NULL')
, (1778, 'NULL')
, (1779, 'NULL')
, (1780, 'NULL')
, (1781, 'NULL')
, (1782, 'NULL')
, (1783, 'NULL')
, (1784, 'NULL')
, (1785, 'NULL')
, (1786, 'NULL')
, (1787, 'NULL')
, (1788, 'NULL')
, (1789, 'NULL')
, (1790, 'NULL')
, (1791, 'NULL')
, (1792, 'NULL')
, (1793, 'NULL')
, (1794, 'NULL')
, (1795, 'NULL')
, (1796, 'NULL')
, (1797, 'NULL')
, (1799, 'NULL')
, (1800, 'NULL')
, (1801, 'NULL')
, (1802, 'NULL')
, (1803, 'NULL')
, (1804, 'NULL')
, (1805, 'NULL')
, (1806, 'NULL')
, (1807, 'NULL')
, (1808, 'NULL')
, (1809, 'NULL')
, (1810, 'NULL')
, (1811, 'NULL')
, (1812, 'NULL')
, (1813, 'NULL')
, (1814, 'NULL')
, (1815, 'NULL')
, (1816, 'NULL')
, (1817, 'NULL')
, (1818, 'NULL')
, (1819, 'NULL')
, (1820, 'NULL')
, (1821, 'NULL')
, (1822, 'NULL')
, (1823, 'NULL')
, (1824, 'NULL')
, (1825, 'NULL')
, (1826, 'NULL')
, (1827, 'NULL')
, (1828, 'NULL')
, (1829, 'NULL')
, (1830, 'NULL')
, (1831, 'NULL')
, (1832, 'NULL')
, (1833, 'NULL')
, (1834, 'NULL')
, (1835, 'NULL')
, (1836, 'NULL')
, (1837, 'NULL')
, (1838, 'NULL')
, (1839, 'NULL')
, (1840, 'NULL')
, (1841, 'NULL')
, (1842, 'NULL')
, (1843, 'NULL')

, (1844, 'NULL')
, (1845, 'NULL')
, (1846, 'NULL')
, (1847, 'NULL')
, (1848, 'NULL')
, (1850, 'NULL')
, (1851, 'NULL')
, (1852, 'NULL')
, (1853, 'NULL')
, (1854, 'NULL')
, (1855, 'NULL')
, (1856, 'NULL')
, (1857, 'NULL')
, (1858, 'NULL')
, (1859, 'NULL')
, (1860, 'NULL')
, (1861, 'NULL')
, (1862, 'NULL')
, (1863, 'NULL')
, (1864, 'NULL')
, (1865, 'NULL')
, (1866, 'NULL')
, (1867, 'NULL')
, (1868, 'NULL')
, (1869, 'NULL')
, (1870, 'NULL')
, (1871, 'NULL')
, (1872, 'NULL')
, (1873, 'NULL')
, (1874, 'NULL')
, (1875, 'NULL')
, (1876, 'NULL')
, (1877, 'NULL')
, (1878, 'NULL')
, (1879, 'NULL')
, (1880, 'NULL')
, (1882, 'NULL')
, (1883, 'NULL')
, (1884, 'NULL')
, (1885, 'NULL')
, (1886, 'NULL')
, (1887, 'NULL')
, (1888, 'NULL')
, (1889, 'NULL')
, (1890, 'NULL')
, (1891, 'NULL')
, (1892, 'NULL')
, (1893, 'NULL')
, (1894, 'NULL')
, (1895, 'NULL')
, (1896, 'NULL')
, (1897, 'NULL')
, (1898, 'NULL')
, (1899, 'NULL')
, (1900, 'NULL')
, (1901, 'NULL')
, (1903, 'NULL')
, (1904, 'NULL')
, (1905, 'NULL')
, (1906, 'NULL')
, (1907, 'NULL')
, (1908, 'NULL')
, (1909, 'NULL')
, (1910, 'NULL')
, (1911, 'NULL')
, (1912, 'NULL')
, (1913, 'NULL')
, (1914, 'NULL')
, (1915, 'NULL')
, (1916, 'NULL')
, (1918, 'NULL')
, (1919, 'NULL')
, (1920, 'NULL')
, (1921, 'NULL')
, (1922, 'NULL')
, (1923, 'NULL')
, (1924, 'NULL')
, (1925, 'NULL')
, (1926, 'NULL')
, (1927, 'NULL')
, (1928, 'NULL')
, (1929, 'NULL')
, (1930, 'NULL')
, (1931, 'NULL')
, (1932, 'NULL')
, (1933, 'NULL')
, (1934, 'NULL')
, (1935, 'NULL')
, (1936, 'NULL')
, (1937, 'NULL')
, (1938, 'NULL')
, (1939, 'NULL')
, (1940, 'NULL')
, (1941, 'NULL')
, (1942, 'NULL')
, (1943, 'NULL')
, (1944, 'NULL')
, (1945, 'NULL')
, (1946, 'NULL')
, (1947, 'NULL')

, (1948, 'NULL')
, (1949, 'NULL')
, (1950, 'NULL')
, (1951, 'NULL')
, (1952, 'NULL')
, (1953, 'NULL')
, (1954, 'NULL')
, (1955, 'NULL')
, (1956, 'NULL')
, (1957, 'NULL')
, (1958, 'NULL')
, (1959, 'NULL')
, (1960, 'NULL')
, (1961, 'NULL')
, (1963, 'NULL')
, (1964, 'NULL')
, (1965, 'NULL')
, (1966, 'NULL')
, (1967, 'NULL')
, (1968, 'NULL')
, (1969, 'NULL')
, (1970, 'NULL')
, (1971, 'NULL')
, (1972, 'NULL')
, (1973, 'NULL')
, (1974, 'NULL')
, (1975, 'NULL')
, (1976, 'NULL')
, (1977, 'NULL')
, (1978, 'NULL')
, (1979, 'NULL')
, (1980, 'NULL')
, (1981, 'Replacement mountain wheel for entry-level rider.')
, (1982, 'NULL')
, (1983, 'Roue de secours tout-terrain pour v?t?tiste occasionnel.')
, (1984, 'NULL')
, (1985, 'NULL')
, (1986, 'NULL')
, (1987, 'Replacement mountain wheel for the casual to serious rider.')
, (1988, 'NULL')
, (1989, 'Roue de secours tout-terrain pour v?t?tiste amateur ? confirm?.')
, (1990, 'NULL')
, (1991, 'NULL')
, (1992, 'NULL')
, (1993, 'High-performance mountain replacement wheel.')
, (1994, 'NULL')
, (1995, 'Roue de secours tout-terrain hautes performances.')
, (1996, 'NULL')
, (1997, 'NULL')
, (1998, 'NULL')
, (1999, 'Replacement road rear wheel for entry-level cyclist.')
, (2000, 'NULL')
, (2001, 'Roue avant pour v?lo de route pour cycliste occasionnel.')
, (2002, 'NULL')
, (2003, 'NULL')
, (2004, 'NULL')
, (2005, 'Wide-link design.')
, (2006, 'NULL')
, (2007, 'Conception liaison large.')
, (2008, 'NULL')
, (2009, 'NULL')
, (2010, 'NULL')
;
INSERT INTO SAW.ProductModel (ProductModelID, Name) VALUES 
(1, 'Classic Vest')
, (2, 'Cycling Cap')
, (3, 'Full-Finger Gloves')
, (4, 'Half-Finger Gloves')
, (5, 'HL Mountain Frame')
, (6, 'HL Road Frame')
, (7, 'HL Touring Frame')
, (8, 'LL Mountain Frame')
, (9, 'LL Road Frame')
, (10, 'LL Touring Frame')
, (11, 'Long-Sleeve Logo Jersey')
, (12, 'Men s Bib-Shorts')
, (13, 'Men s Sports Shorts')
, (14, 'ML Mountain Frame')
, (15, 'ML Mountain Frame-W')
, (16, 'ML Road Frame')
, (17, 'ML Road Frame-W')
, (18, 'Mountain Bike Socks')
, (19, 'Mountain-100')
, (20, 'Mountain-200')
, (21, 'Mountain-300')
, (22, 'Mountain-400-W')
, (23, 'Mountain-500')
, (24, 'Racing Socks')
, (25, 'Road-150')
, (26, 'Road-250')
, (27, 'Road-350-W')
, (28, 'Road-450')
, (29, 'Road-550-W')
, (30, 'Road-650')
, (31, 'Road-750')
, (32, 'Short-Sleeve Classic Jersey')
, (33, 'Sport-100')
, (34, 'Touring-1000')
, (35, 'Touring-2000')
, (36, 'Touring-3000')
, (37, 'Women s Mountain Shorts')
, (38, 'Women s Tights')
, (39, 'Mountain-400')
, (40, 'Road-550')
, (41, 'Road-350')
, (42, 'LL Mountain Front Wheel')
, (43, 'Touring Rear Wheel')
, (44, 'Touring Front Wheel')
, (45, 'ML Mountain Front Wheel')
, (46, 'HL Mountain Front Wheel')
, (47, 'LL Touring Handlebars')
, (48, 'HL Touring Handlebars')
, (49, 'LL Road Front Wheel')
, (50, 'ML Road Front Wheel')
, (51, 'HL Road Front Wheel')
, (52, 'LL Mountain Handlebars')
, (53, 'Touring Pedal')
, (54, 'ML Mountain Handlebars')
, (55, 'HL Mountain Handlebars')
, (56, 'LL Road Handlebars')
, (57, 'ML Road Handlebars')
, (58, 'HL Road Handlebars')
, (59, 'LL Headset')
, (60, 'ML Headset')
, (61, 'HL Headset')
, (62, 'LL Mountain Pedal')
, (63, 'ML Mountain Pedal')
, (64, 'HL Mountain Pedal')
, (65, 'ML Touring Seat/Saddle')
, (66, 'LL Touring Seat/Saddle')
, (67, 'HL Touring Seat/Saddle')
, (68, 'LL Road Pedal')
, (69, 'ML Road Pedal')
, (70, 'HL Road Pedal')
, (71, 'LL Mountain Seat/Saddle 1')
, (72, 'ML Mountain Seat/Saddle 1')
, (73, 'HL Mountain Seat/Saddle 1')
, (74, 'LL Road Seat/Saddle 2')
, (75, 'ML Road Seat/Saddle 1')
, (76, 'HL Road Seat/Saddle 1')
, (77, 'ML Road Rear Wheel')
, (78, 'HL Road Rear Wheel')
, (79, 'LL Mountain Seat/Saddle 2')
, (80, 'ML Mountain Seat/Saddle 2')
, (81, 'HL Mountain Seat/Saddle 2')
, (82, 'LL Road Seat/Saddle 1')
, (83, 'ML Road Seat/Saddle 2')
, (84, 'HL Road Seat/Saddle 2')
, (85, 'LL Mountain Tire')
, (86, 'ML Mountain Tire')
, (87, 'HL Mountain Tire')
, (88, 'LL Road Tire')
, (89, 'ML Road Tire')
, (90, 'HL Road Tire')
, (91, 'Touring Tire')
, (92, 'Mountain Tire Tube')
, (93, 'Road Tire Tube')
, (94, 'Touring Tire Tube')
, (95, 'LL Bottom Bracket')
, (96, 'ML Bottom Bracket')
, (97, 'HL Bottom Bracket')
, (98, 'Chai')
, (99, 'LL Crankset')
, (100, 'ML Crankset')
, (101, 'HL Crankset')
, (102, 'Front Brakes')
, (103, 'Front Derailleur')
, (104, 'LL Fork')
, (105, 'ML Fork')
, (106, 'HL Fork')
, (107, 'Hydration Pack')
, (108, 'Taillight')
, (109, 'Headlights - Dual-Beam')
, (110, 'Headlights - Weatherproof')
, (111, 'Water Bottle')
, (112, 'Mountain Bottle Cage')
, (113, 'Road Bottle Cage')
, (114, 'Patch kit')
, (115, 'Cable Lock')
, (116, 'Minipump')
, (117, 'Mountain Pump')
, (118, 'Hitch Rack - 4-Bike')
, (119, 'Bike Wash')
, (120, 'Touring-Panniers')
, (121, 'Fender Set - Mountai')
, (122, 'All-Purpose Bike Stand')
, (123, 'LL Mountain Rear Wheel')
, (124, 'ML Mountain Rear Wheel')
, (125, 'HL Mountain Rear Wheel')
, (126, 'LL Road Rear Wheel')
, (127, 'Rear Derailleur')
, (128, 'Rear Brakes')
;
INSERT INTO SAW.ProductModelProductDescription (ProductModelID, ProductDescriptionID, Culture) VALUES 
(95, 3, 'e')
, (96, 4, 'e')
, (97, 5, 'e')
, (23, 8, 'e')
, (22, 64, 'e')
, (21, 88, 'e')
, (20, 128, 'e')
, (19, 168, 'e')
, (39, 170, 'e')
, (31, 209, 'e')
, (30, 249, 'e')
, (29, 320, 'e')
, (40, 321, 'e')
, (28, 337, 'e')
, (41, 375, 'e')
, (27, 376, 'e')
, (26, 409, 'e')
, (25, 457, 'e')
, (36, 513, 'e')
, (35, 554, 'e')
, (34, 594, 'e')
, (98, 613, 'e')
, (99, 618, 'e')
, (100, 619, 'e')
, (101, 620, 'e')
, (102, 627, 'e')
, (103, 630, 'e')
, (104, 633, 'e')
, (105, 634, 'e')
, (106, 635, 'e')
, (8, 637, 'e')
, (15, 642, 'e')
, (14, 644, 'e')
, (5, 647, 'e')
, (17, 661, 'e')
, (42, 686, 'e')
, (45, 687, 'e')
, (46, 688, 'e')
, (49, 689, 'e')
, (50, 690, 'e')
, (51, 691, 'e')
, (44, 692, 'e')
, (52, 697, 'e')
, (54, 698, 'e')
, (55, 699, 'e')
, (56, 700, 'e')
, (57, 701, 'e')
, (58, 702, 'e')
, (47, 703, 'e')
, (48, 704, 'e')
, (59, 744, 'e')
, (60, 745, 'e')
, (61, 746, 'e')
, (62, 847, 'e')
, (63, 848, 'e')
, (64, 849, 'e')
, (68, 850, 'e')
, (69, 851, 'e')
, (70, 852, 'e')
, (53, 853, 'e')
, (71, 856, 'e')
, (72, 858, 'e')
, (73, 867, 'e')
, (74, 868, 'e')
, (75, 869, 'e')
, (76, 870, 'e')
, (77, 871, 'e')
, (78, 872, 'e')
, (43, 873, 'e')
, (79, 885, 'e')
, (80, 886, 'e')
, (81, 887, 'e')
, (82, 888, 'e')
, (83, 889, 'e')
, (84, 890, 'e')
, (66, 891, 'e')
, (65, 892, 'e')
, (67, 893, 'e')
, (85, 903, 'e')
, (86, 904, 'e')
, (87, 905, 'e')
, (88, 906, 'e')
, (89, 907, 'e')
, (90, 908, 'e')
, (91, 909, 'e')
, (92, 912, 'e')
, (93, 913, 'e')
, (94, 914, 'e')
, (9, 1020, 'e')
, (16, 1062, 'e')
, (6, 1090, 'e')
, (10, 1146, 'e')
, (7, 1182, 'e')
, (108, 1183, 'e')
, (113, 1185, 'e')
, (111, 1186, 'e')
, (118, 1187, 'e')
, (121, 1188, 'e')
, (18, 1189, 'e')
, (116, 1191, 'e')

, (12, 1192, 'e')
, (120, 1193, 'e')
, (4, 1194, 'e')
, (3, 1195, 'e')
, (37, 1196, 'e')
, (114, 1197, 'e')
, (1, 1199, 'e')
, (13, 1200, 'e')
, (122, 1201, 'e')
, (109, 1202, 'e')
, (110, 1203, 'e')
, (32, 1205, 'e')
, (117, 1206, 'e')
, (24, 1208, 'e')
, (112, 1209, 'e')
, (2, 1210, 'e')
, (11, 1211, 'e')
, (33, 1212, 'e')
, (107, 1213, 'e')
, (38, 1214, 'e')
, (119, 1215, 'e')
, (115, 1216, 'e')
, (95, 1360, 'ar')
, (96, 1361, 'ar')
, (97, 1362, 'ar')
, (23, 1363, 'ar')
, (22, 1364, 'ar')
, (21, 1365, 'ar')
, (20, 1366, 'ar')
, (19, 1367, 'ar')
, (39, 1368, 'ar')
, (31, 1369, 'ar')
, (30, 1370, 'ar')
, (29, 1371, 'ar')
, (40, 1372, 'ar')
, (28, 1373, 'ar')
, (41, 1374, 'ar')
, (27, 1375, 'ar')
, (26, 1376, 'ar')
, (25, 1377, 'ar')
, (36, 1378, 'ar')
, (35, 1379, 'ar')
, (74, 1380, 'ar')
, (75, 1381, 'ar')
, (76, 1382, 'ar')
, (77, 1383, 'ar')
, (78, 1384, 'ar')
, (43, 1385, 'ar')
, (79, 1386, 'ar')
, (34, 1387, 'ar')
, (98, 1388, 'ar')
, (99, 1389, 'ar')
, (100, 1390, 'ar')
, (101, 1391, 'ar')
, (102, 1392, 'ar')
, (103, 1393, 'ar')
, (104, 1394, 'ar')
, (105, 1395, 'ar')
, (106, 1396, 'ar')
, (8, 1397, 'ar')
, (15, 1398, 'ar')
, (14, 1399, 'ar')
, (5, 1400, 'ar')
, (17, 1401, 'ar')
, (42, 1402, 'ar')
, (45, 1403, 'ar')
, (46, 1404, 'ar')
, (49, 1405, 'ar')
, (50, 1406, 'ar')
, (51, 1407, 'ar')
, (44, 1408, 'ar')
, (52, 1409, 'ar')
, (54, 1410, 'ar')
, (55, 1411, 'ar')
, (56, 1412, 'ar')
, (57, 1413, 'ar')
, (58, 1414, 'ar')
, (47, 1415, 'ar')
, (48, 1416, 'ar')
, (59, 1417, 'ar')
, (60, 1418, 'ar')
, (61, 1419, 'ar')
, (62, 1420, 'ar')
, (63, 1421, 'ar')
, (64, 1422, 'ar')
, (68, 1423, 'ar')
, (69, 1424, 'ar')
, (70, 1425, 'ar')
, (53, 1426, 'ar')
, (71, 1427, 'ar')
, (72, 1429, 'ar')
, (73, 1430, 'ar')
, (80, 1431, 'ar')
, (81, 1432, 'ar')
, (82, 1433, 'ar')
, (83, 1434, 'ar')
, (84, 1435, 'ar')
, (66, 1436, 'ar')
, (65, 1437, 'ar')
, (67, 1438, 'ar')

, (85, 1439, 'ar')
, (86, 1440, 'ar')
, (87, 1441, 'ar')
, (88, 1442, 'ar')
, (89, 1443, 'ar')
, (90, 1444, 'ar')
, (91, 1445, 'ar')
, (92, 1446, 'ar')
, (93, 1447, 'ar')
, (94, 1448, 'ar')
, (9, 1449, 'ar')
, (16, 1450, 'ar')
, (6, 1451, 'ar')
, (10, 1452, 'ar')
, (7, 1453, 'ar')
, (108, 1454, 'ar')
, (113, 1455, 'ar')
, (111, 1456, 'ar')
, (118, 1457, 'ar')
, (121, 1458, 'ar')
, (18, 1459, 'ar')
, (116, 1460, 'ar')
, (12, 1461, 'ar')
, (120, 1462, 'ar')
, (4, 1463, 'ar')
, (3, 1464, 'ar')
, (37, 1465, 'ar')
, (114, 1466, 'ar')
, (1, 1467, 'ar')
, (13, 1468, 'ar')
, (122, 1469, 'ar')
, (109, 1470, 'ar')
, (110, 1471, 'ar')
, (32, 1472, 'ar')
, (117, 1473, 'ar')
, (24, 1474, 'ar')
, (112, 1475, 'ar')
, (2, 1476, 'ar')
, (11, 1477, 'ar')
, (33, 1478, 'ar')
, (107, 1479, 'ar')
, (38, 1480, 'ar')
, (119, 1481, 'ar')
, (115, 1482, 'ar')
, (95, 1484, 'fr')
, (96, 1485, 'fr')
, (97, 1486, 'fr')
, (23, 1487, 'fr')
, (22, 1488, 'fr')
, (21, 1489, 'fr')
, (20, 1490, 'fr')
, (19, 1491, 'fr')
, (39, 1492, 'fr')
, (31, 1493, 'fr')
, (30, 1494, 'fr')
, (29, 1495, 'fr')
, (40, 1496, 'fr')
, (28, 1497, 'fr')
, (41, 1498, 'fr')
, (27, 1499, 'fr')
, (26, 1500, 'fr')
, (25, 1501, 'fr')
, (36, 1502, 'fr')
, (35, 1503, 'fr')
, (34, 1504, 'fr')
, (98, 1505, 'fr')
, (99, 1506, 'fr')
, (100, 1507, 'fr')
, (101, 1508, 'fr')
, (102, 1509, 'fr')
, (103, 1510, 'fr')
, (104, 1511, 'fr')
, (105, 1512, 'fr')
, (106, 1513, 'fr')
, (8, 1514, 'fr')
, (15, 1515, 'fr')
, (14, 1516, 'fr')
, (17, 1517, 'fr')
, (42, 1518, 'fr')
, (45, 1519, 'fr')
, (46, 1520, 'fr')
, (49, 1521, 'fr')
, (50, 1522, 'fr')
, (51, 1523, 'fr')
, (44, 1524, 'fr')
, (52, 1525, 'fr')
, (54, 1526, 'fr')
, (55, 1527, 'fr')
, (56, 1528, 'fr')
, (57, 1529, 'fr')
, (58, 1530, 'fr')
, (47, 1531, 'fr')
, (48, 1532, 'fr')
, (59, 1533, 'fr')
, (60, 1534, 'fr')
, (61, 1535, 'fr')
, (62, 1536, 'fr')
, (63, 1537, 'fr')
, (64, 1538, 'fr')
, (68, 1539, 'fr')

, (69, 1540, 'fr')
, (70, 1541, 'fr')
, (53, 1542, 'fr')
, (71, 1543, 'fr')
, (72, 1544, 'fr')
, (73, 1545, 'fr')
, (74, 1546, 'fr')
, (75, 1547, 'fr')
, (76, 1548, 'fr')
, (77, 1549, 'fr')
, (78, 1550, 'fr')
, (43, 1551, 'fr')
, (79, 1552, 'fr')
, (80, 1553, 'fr')
, (81, 1554, 'fr')
, (82, 1555, 'fr')
, (83, 1556, 'fr')
, (84, 1557, 'fr')
, (66, 1558, 'fr')
, (65, 1559, 'fr')
, (67, 1560, 'fr')
, (85, 1561, 'fr')
, (86, 1562, 'fr')
, (87, 1563, 'fr')
, (88, 1564, 'fr')
, (89, 1565, 'fr')
, (90, 1566, 'fr')
, (91, 1567, 'fr')
, (92, 1568, 'fr')
, (93, 1569, 'fr')
, (94, 1570, 'fr')
, (9, 1571, 'fr')
, (16, 1572, 'fr')
, (6, 1573, 'fr')
, (10, 1574, 'fr')
, (7, 1575, 'fr')
, (108, 1576, 'fr')
, (113, 1577, 'fr')
, (111, 1578, 'fr')
, (118, 1579, 'fr')
, (121, 1580, 'fr')
, (18, 1581, 'fr')
, (116, 1582, 'fr')
, (12, 1583, 'fr')
, (120, 1584, 'fr')
, (4, 1585, 'fr')
, (3, 1586, 'fr')
, (37, 1587, 'fr')
, (114, 1588, 'fr')
, (1, 1589, 'fr')
, (13, 1590, 'fr')
, (122, 1591, 'fr')
, (109, 1592, 'fr')
, (110, 1593, 'fr')
, (32, 1594, 'fr')
, (117, 1595, 'fr')
, (24, 1596, 'fr')
, (112, 1597, 'fr')
, (2, 1598, 'fr')
, (11, 1599, 'fr')
, (33, 1600, 'fr')
, (107, 1601, 'fr')
, (38, 1602, 'fr')
, (119, 1603, 'fr')
, (115, 1604, 'fr')
, (5, 1605, 'fr')
, (95, 1606, 'th')
, (96, 1607, 'th')
, (97, 1608, 'th')
, (23, 1609, 'th')
, (22, 1610, 'th')
, (21, 1611, 'th')
, (20, 1612, 'th')
, (19, 1613, 'th')
, (39, 1614, 'th')
, (31, 1615, 'th')
, (30, 1616, 'th')
, (29, 1617, 'th')
, (40, 1618, 'th')
, (28, 1619, 'th')
, (41, 1620, 'th')
, (27, 1621, 'th')
, (26, 1622, 'th')
, (25, 1623, 'th')
, (36, 1624, 'th')
, (35, 1625, 'th')
, (34, 1626, 'th')
, (98, 1627, 'th')
, (99, 1628, 'th')
, (100, 1629, 'th')
, (101, 1630, 'th')
, (102, 1631, 'th')
, (103, 1632, 'th')
, (104, 1633, 'th')
, (105, 1634, 'th')
, (106, 1635, 'th')
, (8, 1636, 'th')
, (15, 1637, 'th')
, (14, 1638, 'th')
, (5, 1639, 'th')

, (17, 1640, 'th')
, (42, 1641, 'th')
, (45, 1642, 'th')
, (46, 1643, 'th')
, (49, 1644, 'th')
, (50, 1645, 'th')
, (51, 1646, 'th')
, (44, 1647, 'th')
, (52, 1648, 'th')
, (54, 1649, 'th')
, (55, 1650, 'th')
, (56, 1651, 'th')
, (57, 1652, 'th')
, (58, 1653, 'th')
, (47, 1654, 'th')
, (48, 1655, 'th')
, (59, 1656, 'th')
, (60, 1657, 'th')
, (61, 1658, 'th')
, (62, 1659, 'th')
, (63, 1660, 'th')
, (64, 1661, 'th')
, (68, 1662, 'th')
, (69, 1663, 'th')
, (70, 1664, 'th')
, (53, 1665, 'th')
, (71, 1666, 'th')
, (72, 1667, 'th')
, (73, 1668, 'th')
, (74, 1669, 'th')
, (75, 1670, 'th')
, (76, 1671, 'th')
, (77, 1672, 'th')
, (78, 1673, 'th')
, (43, 1674, 'th')
, (79, 1675, 'th')
, (80, 1676, 'th')
, (81, 1677, 'th')
, (82, 1678, 'th')
, (83, 1679, 'th')
, (84, 1680, 'th')
, (66, 1681, 'th')
, (65, 1682, 'th')
, (67, 1683, 'th')
, (85, 1684, 'th')
, (86, 1685, 'th')
, (87, 1686, 'th')
, (88, 1687, 'th')
, (89, 1688, 'th')
, (90, 1689, 'th')
, (91, 1690, 'th')
, (92, 1691, 'th')
, (93, 1692, 'th')
, (94, 1693, 'th')
, (9, 1694, 'th')
, (16, 1695, 'th')
, (6, 1696, 'th')
, (10, 1697, 'th')
, (7, 1698, 'th')
, (108, 1699, 'th')
, (113, 1700, 'th')
, (111, 1701, 'th')
, (118, 1702, 'th')
, (121, 1703, 'th')
, (18, 1704, 'th')
, (116, 1705, 'th')
, (12, 1706, 'th')
, (120, 1707, 'th')
, (4, 1708, 'th')
, (3, 1709, 'th')
, (37, 1710, 'th')
, (114, 1711, 'th')
, (1, 1712, 'th')
, (13, 1713, 'th')
, (122, 1714, 'th')
, (109, 1715, 'th')
, (110, 1716, 'th')
, (32, 1717, 'th')
, (117, 1718, 'th')
, (24, 1719, 'th')
, (112, 1720, 'th')
, (2, 1721, 'th')
, (11, 1722, 'th')
, (33, 1723, 'th')
, (107, 1724, 'th')
, (38, 1725, 'th')
, (119, 1726, 'th')
, (115, 1727, 'th')
, (95, 1728, 'he')
, (96, 1729, 'he')
, (97, 1730, 'he')
, (23, 1731, 'he')
, (22, 1732, 'he')
, (21, 1733, 'he')
, (20, 1734, 'he')
, (19, 1735, 'he')
, (39, 1736, 'he')
, (31, 1737, 'he')
, (30, 1738, 'he')
, (29, 1739, 'he')

, (40, 1740, 'he')
, (28, 1741, 'he')
, (41, 1742, 'he')
, (27, 1743, 'he')
, (26, 1744, 'he')
, (25, 1745, 'he')
, (36, 1747, 'he')
, (35, 1748, 'he')
, (34, 1749, 'he')
, (98, 1750, 'he')
, (99, 1751, 'he')
, (100, 1752, 'he')
, (101, 1753, 'he')
, (102, 1754, 'he')
, (103, 1755, 'he')
, (104, 1756, 'he')
, (105, 1757, 'he')
, (106, 1758, 'he')
, (8, 1759, 'he')
, (15, 1760, 'he')
, (14, 1761, 'he')
, (108, 1763, 'he')
, (113, 1764, 'he')
, (111, 1765, 'he')
, (118, 1766, 'he')
, (121, 1767, 'he')
, (5, 1768, 'he')
, (17, 1770, 'he')
, (42, 1771, 'he')
, (45, 1772, 'he')
, (46, 1773, 'he')
, (49, 1774, 'he')
, (50, 1775, 'he')
, (51, 1776, 'he')
, (44, 1777, 'he')
, (52, 1778, 'he')
, (54, 1779, 'he')
, (55, 1780, 'he')
, (56, 1781, 'he')
, (57, 1782, 'he')
, (58, 1783, 'he')
, (47, 1784, 'he')
, (48, 1785, 'he')
, (59, 1786, 'he')
, (60, 1787, 'he')
, (61, 1788, 'he')
, (62, 1789, 'he')
, (63, 1790, 'he')
, (64, 1791, 'he')
, (68, 1792, 'he')
, (69, 1793, 'he')
, (70, 1794, 'he')
, (53, 1795, 'he')
, (71, 1796, 'he')
, (72, 1797, 'he')
, (73, 1799, 'he')
, (74, 1800, 'he')
, (75, 1801, 'he')
, (76, 1802, 'he')
, (77, 1803, 'he')
, (78, 1804, 'he')
, (43, 1805, 'he')
, (79, 1806, 'he')
, (80, 1807, 'he')
, (81, 1808, 'he')
, (82, 1809, 'he')
, (83, 1810, 'he')
, (84, 1811, 'he')
, (66, 1812, 'he')
, (65, 1813, 'he')
, (67, 1814, 'he')
, (85, 1815, 'he')
, (86, 1816, 'he')
, (87, 1817, 'he')
, (88, 1818, 'he')
, (89, 1819, 'he')
, (90, 1820, 'he')
, (91, 1821, 'he')
, (92, 1822, 'he')
, (93, 1823, 'he')
, (94, 1824, 'he')
, (9, 1825, 'he')
, (16, 1826, 'he')
, (6, 1827, 'he')
, (10, 1828, 'he')
, (7, 1829, 'he')
, (18, 1830, 'he')
, (116, 1831, 'he')
, (12, 1832, 'he')
, (120, 1833, 'he')
, (4, 1834, 'he')
, (3, 1835, 'he')
, (37, 1836, 'he')
, (114, 1837, 'he')
, (1, 1838, 'he')
, (13, 1839, 'he')
, (122, 1840, 'he')
, (109, 1841, 'he')
, (110, 1842, 'he')
, (32, 1843, 'he')

, (117, 1844, 'he')
, (24, 1845, 'he')
, (112, 1846, 'he')
, (2, 1847, 'he')
, (11, 1848, 'he')
, (33, 1850, 'he')
, (107, 1851, 'he')
, (38, 1852, 'he')
, (119, 1853, 'he')
, (115, 1854, 'he')
, (95, 1855, 'zh-cht')
, (96, 1856, 'zh-cht')
, (97, 1857, 'zh-cht')
, (23, 1858, 'zh-cht')
, (22, 1859, 'zh-cht')
, (21, 1860, 'zh-cht')
, (20, 1861, 'zh-cht')
, (19, 1862, 'zh-cht')
, (39, 1863, 'zh-cht')
, (31, 1864, 'zh-cht')
, (30, 1865, 'zh-cht')
, (29, 1866, 'zh-cht')
, (40, 1867, 'zh-cht')
, (28, 1868, 'zh-cht')
, (41, 1869, 'zh-cht')
, (27, 1870, 'zh-cht')
, (26, 1871, 'zh-cht')
, (25, 1872, 'zh-cht')
, (36, 1873, 'zh-cht')
, (35, 1874, 'zh-cht')
, (34, 1875, 'zh-cht')
, (98, 1876, 'zh-cht')
, (99, 1877, 'zh-cht')
, (100, 1878, 'zh-cht')
, (101, 1879, 'zh-cht')
, (102, 1880, 'zh-cht')
, (103, 1882, 'zh-cht')
, (104, 1883, 'zh-cht')
, (105, 1884, 'zh-cht')
, (106, 1885, 'zh-cht')
, (8, 1886, 'zh-cht')
, (15, 1887, 'zh-cht')
, (14, 1888, 'zh-cht')
, (5, 1889, 'zh-cht')
, (17, 1890, 'zh-cht')
, (42, 1891, 'zh-cht')
, (45, 1892, 'zh-cht')
, (46, 1893, 'zh-cht')
, (49, 1894, 'zh-cht')
, (50, 1895, 'zh-cht')
, (51, 1896, 'zh-cht')
, (44, 1897, 'zh-cht')
, (52, 1898, 'zh-cht')
, (54, 1899, 'zh-cht')
, (55, 1900, 'zh-cht')
, (56, 1901, 'zh-cht')
, (57, 1903, 'zh-cht')
, (58, 1904, 'zh-cht')
, (47, 1905, 'zh-cht')
, (48, 1906, 'zh-cht')
, (59, 1907, 'zh-cht')
, (60, 1908, 'zh-cht')
, (61, 1909, 'zh-cht')
, (62, 1910, 'zh-cht')
, (63, 1911, 'zh-cht')
, (64, 1912, 'zh-cht')
, (68, 1913, 'zh-cht')
, (69, 1914, 'zh-cht')
, (70, 1915, 'zh-cht')
, (53, 1916, 'zh-cht')
, (71, 1918, 'zh-cht')
, (72, 1919, 'zh-cht')
, (73, 1920, 'zh-cht')
, (74, 1921, 'zh-cht')
, (75, 1922, 'zh-cht')
, (76, 1923, 'zh-cht')
, (77, 1924, 'zh-cht')
, (78, 1925, 'zh-cht')
, (43, 1926, 'zh-cht')
, (79, 1927, 'zh-cht')
, (80, 1928, 'zh-cht')
, (81, 1929, 'zh-cht')
, (82, 1930, 'zh-cht')
, (83, 1931, 'zh-cht')
, (84, 1932, 'zh-cht')
, (66, 1933, 'zh-cht')
, (65, 1934, 'zh-cht')
, (67, 1935, 'zh-cht')
, (85, 1936, 'zh-cht')
, (86, 1937, 'zh-cht')
, (87, 1938, 'zh-cht')
, (88, 1939, 'zh-cht')
, (89, 1940, 'zh-cht')
, (90, 1941, 'zh-cht')
, (91, 1942, 'zh-cht')
, (92, 1943, 'zh-cht')
, (93, 1944, 'zh-cht')
, (94, 1945, 'zh-cht')
, (9, 1946, 'zh-cht')
, (16, 1947, 'zh-cht')

, (6, 1948, 'zh-cht')
, (10, 1949, 'zh-cht')
, (7, 1950, 'zh-cht')
, (108, 1951, 'zh-cht')
, (113, 1952, 'zh-cht')
, (111, 1953, 'zh-cht')
, (118, 1954, 'zh-cht')
, (121, 1955, 'zh-cht')
, (18, 1956, 'zh-cht')
, (116, 1957, 'zh-cht')
, (12, 1958, 'zh-cht')
, (120, 1959, 'zh-cht')
, (4, 1960, 'zh-cht')
, (3, 1961, 'zh-cht')
, (37, 1963, 'zh-cht')
, (114, 1964, 'zh-cht')
, (1, 1965, 'zh-cht')
, (13, 1966, 'zh-cht')
, (122, 1967, 'zh-cht')
, (109, 1968, 'zh-cht')
, (110, 1969, 'zh-cht')
, (32, 1970, 'zh-cht')
, (117, 1971, 'zh-cht')
, (24, 1972, 'zh-cht')
, (112, 1973, 'zh-cht')
, (2, 1974, 'zh-cht')
, (11, 1975, 'zh-cht')
, (33, 1976, 'zh-cht')
, (107, 1977, 'zh-cht')
, (38, 1978, 'zh-cht')
, (119, 1979, 'zh-cht')
, (115, 1980, 'zh-cht')
, (123, 1981, 'e')
, (123, 1982, 'ar')
, (123, 1983, 'fr')
, (123, 1984, 'th')
, (123, 1985, 'he')
, (123, 1986, 'zh-cht')
, (124, 1987, 'e')
, (124, 1988, 'ar')
, (124, 1989, 'fr')
, (124, 1990, 'th')
, (124, 1991, 'he')
, (124, 1992, 'zh-cht')
, (125, 1993, 'e')
, (125, 1994, 'ar')
, (125, 1995, 'fr')
, (125, 1996, 'th')
, (125, 1997, 'he')
, (125, 1998, 'zh-cht')
, (126, 1999, 'e')
, (126, 2000, 'ar')
, (126, 2001, 'fr')
, (126, 2002, 'th')
, (126, 2003, 'he')
, (126, 2004, 'zh-cht')
, (127, 2005, 'e')
, (127, 2006, 'ar')
, (127, 2007, 'fr')
, (127, 2008, 'th')
, (127, 2009, 'he')
, (127, 2010, 'zh-cht')
;
INSERT INTO SAW.SalesOrderDetail (SalesOrderID, SalesOrderDetailID, OrderQty, ProductID, UnitPrice, UnitPriceDiscount) VALUES 
(71774, 110562, 1, 836, 356.9000, 0)
, (71774, 110563, 1, 822, 356.9000, 0)
, (71776, 110567, 1, 907, 63.9000, 0)
, (71780, 110616, 4, 905, 218.4500, 0)
, (71780, 110617, 2, 983, 461.6900, 0)
, (71780, 110618, 6, 988, 113.0000, 0.4)
, (71780, 110619, 2, 748, 818.7000, 0)
, (71780, 110620, 1, 990, 323.9900, 0)
, (71780, 110621, 1, 926, 149.8700, 0)
, (71780, 110622, 1, 743, 809.7600, 0)
, (71780, 110623, 4, 782, 1376.9900, 0)
, (71780, 110624, 2, 918, 158.4300, 0)
, (71780, 110625, 4, 780, 1391.9900, 0)
, (71780, 110626, 1, 937, 48.5900, 0)
, (71780, 110627, 6, 867, 41.9900, 0)
, (71780, 110628, 1, 985, 113.0000, 0.4)
, (71780, 110629, 2, 989, 323.9900, 0)
, (71780, 110630, 3, 991, 323.9900, 0)
, (71780, 110631, 1, 992, 323.9900, 0)
, (71780, 110632, 2, 993, 323.9900, 0)
, (71780, 110633, 2, 984, 113.0000, 0.4)
, (71780, 110634, 3, 986, 113.0000, 0.4)
, (71780, 110635, 3, 987, 113.0000, 0.4)
, (71780, 110636, 2, 981, 461.6900, 0)
, (71780, 110637, 3, 982, 461.6900, 0)
, (71780, 110638, 5, 783, 1376.9900, 0)
, (71780, 110639, 3, 809, 37.1500, 0)
, (71780, 110640, 1, 810, 72.1600, 0)
, (71780, 110641, 2, 935, 24.2900, 0)
, (71780, 110642, 1, 925, 149.8700, 0)
, (71780, 110643, 7, 869, 41.9900, 0)
, (71780, 110644, 1, 880, 32.9900, 0)
, (71782, 110667, 3, 714, 29.9900, 0)
, (71782, 110668, 3, 956, 1430.4400, 0)
, (71782, 110669, 1, 954, 1430.4400, 0)
, (71782, 110670, 10, 712, 5.3900, 0)
, (71782, 110671, 10, 877, 4.7700, 0)
, (71782, 110672, 4, 996, 72.8900, 0)
, (71782, 110673, 6, 864, 38.1000, 0)
, (71782, 110674, 3, 876, 72.0000, 0)
, (71782, 110675, 4, 959, 445.4100, 0)
, (71782, 110676, 4, 971, 728.9100, 0)
, (71782, 110677, 6, 870, 2.9900, 0)
, (71782, 110678, 1, 978, 445.4100, 0)
, (71782, 110679, 1, 955, 1430.4400, 0)
, (71782, 110680, 1, 948, 63.9000, 0)
, (71782, 110681, 1, 994, 32.3900, 0)
, (71782, 110682, 1, 970, 728.9100, 0)
, (71782, 110683, 2, 966, 1430.4400, 0)
, (71782, 110684, 4, 884, 32.3900, 0)
, (71782, 110685, 2, 885, 602.3500, 0)
, (71782, 110686, 8, 715, 29.9900, 0)
, (71782, 110687, 3, 894, 72.8800, 0)
, (71782, 110688, 1, 957, 1430.4400, 0)
, (71782, 110689, 2, 967, 1430.4400, 0)
, (71782, 110690, 7, 708, 20.9900, 0)
, (71782, 110691, 3, 961, 445.4100, 0)
, (71782, 110692, 2, 979, 445.4100, 0)
, (71782, 110693, 2, 958, 445.4100, 0)
, (71782, 110694, 1, 963, 445.4100, 0)
, (71782, 110695, 1, 953, 728.9100, 0)
, (71782, 110696, 2, 968, 1430.4400, 0)
, (71782, 110697, 2, 951, 242.9900, 0)
, (71782, 110698, 2, 945, 54.8900, 0)
, (71782, 110699, 1, 916, 31.5800, 0)
, (71782, 110700, 1, 886, 200.0500, 0)
, (71782, 110701, 1, 892, 602.3500, 0)
, (71782, 110702, 1, 893, 602.3500, 0)
, (71782, 110703, 6, 881, 32.3900, 0)
, (71782, 110704, 4, 883, 32.3900, 0)
, (71782, 110705, 1, 859, 14.6900, 0)
, (71782, 110706, 4, 865, 38.1000, 0)
, (71782, 110707, 9, 880, 32.9900, 0)
, (71782, 110708, 6, 711, 20.9900, 0)
, (71782, 110709, 3, 707, 20.9900, 0)
, (71783, 110710, 4, 738, 202.3300, 0)
, (71783, 110711, 6, 939, 37.2500, 0)
, (71783, 110712, 3, 793, 1466.0100, 0)
, (71783, 110713, 4, 977, 323.9900, 0)
, (71783, 110714, 9, 880, 32.9900, 0)
, (71783, 110715, 7, 859, 14.6900, 0)
, (71783, 110716, 25, 976, 850.5000, 0.1)
, (71783, 110717, 6, 714, 29.9900, 0)
, (71783, 110718, 8, 877, 4.7700, 0)
, (71783, 110719, 1, 813, 72.1600, 0)
, (71783, 110720, 6, 881, 32.3900, 0)
, (71783, 110721, 6, 873, 1.3700, 0)
, (71783, 110722, 10, 870, 2.9900, 0)
, (71783, 110723, 1, 822, 356.9000, 0)
, (71783, 110724, 1, 799, 672.2900, 0)
, (71783, 110725, 2, 858, 14.6900, 0)
, (71783, 110726, 9, 860, 14.6900, 0)
, (71783, 110727, 15, 864, 34.9300, 0.05)
, (71783, 110728, 3, 938, 24.2900, 0)
, (71783, 110729, 11, 883, 31.3100, 0.02)
, (71783, 110730, 6, 722, 202.3300, 0)
, (71783, 110731, 9, 884, 32.3900, 0)
, (71783, 110732, 7, 998, 323.9900, 0)
, (71783, 110733, 5, 999, 323.9900, 0)
, (71783, 110734, 4, 797, 672.2900, 0)

, (71783, 110735, 1, 798, 672.2900, 0)
, (71783, 110736, 1, 801, 672.2900, 0)
, (71783, 110737, 5, 973, 1020.5900, 0)
, (71783, 110738, 13, 974, 986.5700, 0.02)
, (71783, 110739, 4, 940, 48.5900, 0)
, (71783, 110740, 3, 835, 356.9000, 0)
, (71783, 110741, 4, 836, 356.9000, 0)
, (71783, 110742, 4, 838, 858.9000, 0)
, (71783, 110743, 2, 718, 858.9000, 0)
, (71783, 110744, 17, 715, 27.4900, 0.05)
, (71783, 110745, 4, 716, 29.9900, 0)
, (71783, 110746, 1, 875, 5.3900, 0)
, (71783, 110747, 10, 865, 38.1000, 0)
, (71783, 110748, 11, 712, 5.2100, 0.02)
, (71783, 110749, 15, 711, 19.2400, 0.05)
, (71783, 110750, 2, 876, 72.0000, 0)
, (71783, 110751, 10, 707, 20.9900, 0)
, (71783, 110752, 11, 708, 20.2900, 0.02)
, (71784, 110753, 2, 711, 20.9900, 0)
, (71784, 110754, 8, 885, 602.3500, 0)
, (71784, 110755, 2, 954, 1430.4400, 0)
, (71784, 110756, 11, 870, 2.8900, 0.02)
, (71784, 110757, 8, 865, 38.1000, 0)
, (71784, 110758, 4, 970, 728.9100, 0)
, (71784, 110759, 1, 959, 445.4100, 0)
, (71784, 110760, 9, 714, 29.9900, 0)
, (71784, 110761, 10, 712, 5.3900, 0)
, (71784, 110762, 4, 972, 728.9100, 0)
, (71784, 110763, 8, 877, 4.7700, 0)
, (71784, 110764, 5, 716, 29.9900, 0)
, (71784, 110765, 11, 965, 430.5600, 0.02)
, (71784, 110766, 6, 958, 445.4100, 0)
, (71784, 110767, 6, 876, 72.0000, 0)
, (71784, 110768, 2, 899, 200.0500, 0)
, (71784, 110769, 6, 858, 14.6900, 0)
, (71784, 110770, 4, 889, 602.3500, 0)
, (71784, 110771, 7, 962, 445.4100, 0)
, (71784, 110772, 2, 895, 200.0500, 0)
, (71784, 110773, 12, 957, 1382.7600, 0.02)
, (71784, 110774, 8, 979, 445.4100, 0)
, (71784, 110775, 3, 961, 445.4100, 0)
, (71784, 110776, 5, 963, 445.4100, 0)
, (71784, 110777, 3, 953, 728.9100, 0)
, (71784, 110778, 4, 966, 1430.4400, 0)
, (71784, 110779, 6, 967, 1430.4400, 0)
, (71784, 110780, 10, 969, 1430.4400, 0)
, (71784, 110781, 2, 955, 1430.4400, 0)
, (71784, 110782, 2, 916, 31.5800, 0)
, (71784, 110783, 3, 896, 200.0500, 0)
, (71784, 110784, 1, 900, 200.0500, 0)
, (71784, 110785, 1, 893, 602.3500, 0)
, (71784, 110786, 8, 715, 29.9900, 0)
, (71784, 110787, 6, 881, 32.3900, 0)
, (71784, 110788, 7, 883, 32.3900, 0)
, (71784, 110789, 3, 884, 32.3900, 0)
, (71784, 110790, 5, 859, 14.6900, 0)
, (71784, 110791, 23, 864, 34.9300, 0.05)
, (71784, 110792, 9, 880, 32.9900, 0)
, (71784, 110793, 8, 873, 1.3700, 0)
, (71784, 110794, 10, 707, 20.9900, 0)
, (71784, 110795, 12, 708, 20.2900, 0.02)
, (71796, 111018, 1, 891, 602.3500, 0)
, (71796, 111019, 8, 972, 728.9100, 0)
, (71796, 111020, 2, 953, 728.9100, 0)
, (71796, 111021, 1, 916, 31.5800, 0)
, (71796, 111022, 5, 958, 445.4100, 0)
, (71796, 111023, 3, 957, 1430.4400, 0)
, (71796, 111024, 9, 969, 1430.4400, 0)
, (71796, 111025, 2, 967, 1430.4400, 0)
, (71796, 111026, 3, 979, 445.4100, 0)
, (71796, 111027, 7, 961, 445.4100, 0)
, (71796, 111028, 2, 965, 445.4100, 0)
, (71796, 111029, 1, 970, 728.9100, 0)
, (71796, 111030, 3, 954, 1430.4400, 0)
, (71796, 111031, 1, 955, 1430.4400, 0)
, (71796, 111032, 1, 947, 54.9400, 0)
, (71796, 111033, 1, 899, 200.0500, 0)
, (71796, 111034, 1, 900, 200.0500, 0)
, (71796, 111035, 6, 892, 602.3500, 0)
, (71796, 111036, 1, 893, 602.3500, 0)
, (71796, 111037, 2, 885, 602.3500, 0)
, (71797, 111038, 4, 711, 20.9900, 0)
, (71797, 111039, 2, 838, 858.9000, 0)
, (71797, 111040, 1, 714, 29.9900, 0)
, (71797, 111041, 4, 940, 48.5900, 0)
, (71797, 111042, 16, 883, 29.6900, 0.05)
, (71797, 111043, 2, 913, 31.5800, 0)
, (71797, 111044, 1, 738, 202.3300, 0)
, (71797, 111045, 3, 722, 202.3300, 0)
, (71797, 111046, 5, 835, 356.9000, 0)
, (71797, 111047, 1, 718, 858.9000, 0)
, (71797, 111048, 4, 715, 29.9900, 0)
, (71797, 111049, 5, 716, 29.9900, 0)
, (71797, 111050, 15, 884, 29.6900, 0.05)
, (71797, 111051, 3, 875, 5.3900, 0)
, (71797, 111052, 4, 860, 14.6900, 0)
, (71797, 111053, 6, 712, 5.3900, 0)
, (71797, 111054, 10, 880, 32.9900, 0)
, (71797, 111055, 6, 873, 1.3700, 0)
, (71797, 111056, 10, 876, 72.0000, 0)

, (71797, 111057, 7, 977, 323.9900, 0)
, (71797, 111058, 2, 798, 672.2900, 0)
, (71797, 111059, 2, 813, 72.1600, 0)
, (71797, 111060, 4, 939, 37.2500, 0)
, (71797, 111061, 2, 801, 672.2900, 0)
, (71797, 111062, 6, 998, 323.9900, 0)
, (71797, 111063, 4, 999, 323.9900, 0)
, (71797, 111064, 3, 938, 24.2900, 0)
, (71797, 111065, 5, 794, 1466.0100, 0)
, (71797, 111066, 2, 795, 1466.0100, 0)
, (71797, 111067, 10, 797, 672.2900, 0)
, (71797, 111068, 8, 881, 32.3900, 0)
, (71797, 111069, 1, 865, 38.1000, 0)
, (71797, 111070, 23, 864, 34.9300, 0.05)
, (71797, 111071, 9, 976, 1020.5900, 0)
, (71797, 111072, 17, 877, 4.3700, 0.05)
, (71797, 111073, 6, 793, 1466.0100, 0)
, (71797, 111074, 3, 974, 1020.5900, 0)
, (71797, 111075, 6, 707, 20.9900, 0)
, (71797, 111076, 9, 859, 14.6900, 0)
, (71797, 111077, 5, 973, 1020.5900, 0)
, (71797, 111078, 11, 870, 2.8900, 0.02)
, (71797, 111079, 2, 717, 858.9000, 0)
, (71797, 111080, 4, 858, 14.6900, 0)
, (71797, 111081, 4, 836, 356.9000, 0)
, (71797, 111082, 12, 708, 20.2900, 0.02)
, (71797, 111083, 2, 822, 356.9000, 0)
, (71815, 111451, 1, 738, 202.3300, 0)
, (71815, 111452, 2, 835, 356.9000, 0)
, (71815, 111453, 2, 874, 5.3900, 0)
, (71816, 111454, 1, 953, 728.9100, 0)
, (71816, 111455, 1, 954, 1430.4400, 0)
, (71816, 111456, 2, 715, 29.9900, 0)
, (71816, 111457, 4, 712, 5.3900, 0)
, (71816, 111458, 3, 883, 32.3900, 0)
, (71816, 111459, 1, 961, 445.4100, 0)
, (71816, 111460, 1, 948, 63.9000, 0)
, (71831, 111790, 2, 869, 41.9900, 0)
, (71831, 111791, 1, 782, 1376.9900, 0)
, (71831, 111792, 6, 867, 41.9900, 0)
, (71832, 111793, 4, 918, 158.4300, 0)
, (71832, 111794, 3, 983, 461.6900, 0)
, (71832, 111795, 2, 781, 1391.9900, 0)
, (71832, 111796, 1, 868, 41.9900, 0)
, (71832, 111797, 1, 810, 72.1600, 0)
, (71832, 111798, 1, 980, 461.6900, 0)
, (71832, 111799, 2, 925, 149.8700, 0)
, (71832, 111800, 2, 985, 113.0000, 0.4)
, (71832, 111801, 1, 908, 16.2700, 0)
, (71832, 111802, 13, 867, 40.5900, 0.02)
, (71832, 111803, 3, 782, 1376.9900, 0)
, (71832, 111804, 1, 937, 48.5900, 0)
, (71832, 111805, 1, 936, 37.2500, 0)
, (71832, 111806, 4, 743, 809.7600, 0)
, (71832, 111807, 5, 904, 218.4500, 0)
, (71832, 111808, 1, 748, 818.7000, 0)
, (71832, 111809, 1, 910, 31.5800, 0)
, (71832, 111810, 5, 784, 1376.9900, 0)
, (71832, 111811, 2, 990, 323.9900, 0)
, (71832, 111812, 3, 992, 323.9900, 0)
, (71832, 111813, 3, 984, 113.0000, 0.4)
, (71832, 111814, 1, 779, 1391.9900, 0)
, (71832, 111815, 1, 780, 1391.9900, 0)
, (71832, 111816, 2, 944, 158.4300, 0)
, (71832, 111817, 1, 808, 26.7200, 0)
, (71832, 111818, 1, 809, 37.1500, 0)
, (71832, 111819, 3, 935, 24.2900, 0)
, (71832, 111820, 1, 926, 149.8700, 0)
, (71832, 111821, 6, 917, 158.4300, 0)
, (71832, 111822, 1, 920, 158.4300, 0)
, (71845, 112118, 2, 988, 113.0000, 0.4)
, (71845, 112119, 2, 948, 63.9000, 0)
, (71845, 112120, 4, 904, 218.4500, 0)
, (71845, 112121, 3, 742, 818.7000, 0)
, (71845, 112122, 2, 780, 1391.9900, 0)
, (71845, 112123, 1, 945, 54.8900, 0)
, (71845, 112124, 3, 949, 105.2900, 0)
, (71845, 112125, 2, 937, 48.5900, 0)
, (71845, 112126, 2, 867, 41.9900, 0)
, (71845, 112127, 1, 748, 818.7000, 0)
, (71845, 112128, 2, 905, 218.4500, 0)
, (71845, 112129, 2, 781, 1391.9900, 0)
, (71845, 112130, 3, 869, 41.9900, 0)
, (71845, 112131, 5, 783, 1376.9900, 0)
, (71845, 112132, 2, 784, 1376.9900, 0)
, (71845, 112133, 1, 951, 242.9900, 0)
, (71845, 112134, 3, 747, 809.7600, 0)
, (71845, 112135, 1, 809, 37.1500, 0)
, (71845, 112136, 2, 920, 158.4300, 0)
, (71845, 112137, 2, 743, 809.7600, 0)
, (71845, 112138, 2, 715, 29.9900, 0)
, (71845, 112139, 2, 944, 158.4300, 0)
, (71845, 112140, 1, 808, 26.7200, 0)
, (71845, 112141, 8, 909, 23.4800, 0)
, (71845, 112142, 2, 925, 149.8700, 0)
, (71845, 112143, 2, 782, 1376.9900, 0)
, (71845, 112144, 2, 910, 31.5800, 0)
, (71845, 112145, 3, 996, 72.8900, 0)
, (71845, 112146, 3, 779, 1391.9900, 0)
, (71845, 112147, 4, 924, 149.8700, 0)

, (71845, 112148, 3, 952, 12.1400, 0)
, (71846, 112149, 2, 936, 37.2500, 0)
, (71846, 112150, 1, 739, 818.7000, 0)
, (71846, 112151, 1, 984, 113.0000, 0.4)
, (71846, 112152, 2, 981, 461.6900, 0)
, (71856, 112331, 1, 962, 445.4100, 0)
, (71856, 112332, 1, 945, 54.8900, 0)
, (71858, 112359, 3, 979, 445.4100, 0)
, (71858, 112360, 1, 962, 445.4100, 0)
, (71858, 112361, 1, 953, 728.9100, 0)
, (71858, 112362, 2, 715, 29.9900, 0)
, (71858, 112363, 2, 883, 32.3900, 0)
, (71858, 112364, 1, 957, 1430.4400, 0)
, (71858, 112365, 2, 965, 445.4100, 0)
, (71858, 112366, 1, 952, 12.1400, 0)
, (71858, 112367, 2, 948, 63.9000, 0)
, (71858, 112368, 1, 945, 54.8900, 0)
, (71858, 112369, 1, 972, 728.9100, 0)
, (71858, 112370, 1, 877, 4.7700, 0)
, (71858, 112371, 1, 958, 445.4100, 0)
, (71858, 112372, 1, 969, 1430.4400, 0)
, (71858, 112373, 2, 961, 445.4100, 0)
, (71858, 112374, 2, 966, 1430.4400, 0)
, (71858, 112375, 3, 712, 5.3900, 0)
, (71863, 112391, 11, 875, 5.2100, 0.02)
, (71863, 112392, 2, 874, 5.3900, 0)
, (71863, 112393, 2, 998, 323.9900, 0)
, (71863, 112394, 1, 973, 1020.5900, 0)
, (71863, 112395, 1, 711, 20.9900, 0)
, (71863, 112396, 3, 999, 323.9900, 0)
, (71863, 112397, 2, 938, 24.2900, 0)
, (71867, 112452, 1, 717, 858.9000, 0)
, (71885, 112644, 3, 876, 72.0000, 0)
, (71885, 112645, 6, 884, 32.3900, 0)
, (71885, 112646, 3, 864, 38.1000, 0)
, (71895, 112864, 2, 909, 23.4800, 0)
, (71895, 112865, 2, 715, 29.9900, 0)
, (71895, 112866, 3, 864, 38.1000, 0)
, (71897, 112898, 1, 966, 1430.4400, 0)
, (71897, 112899, 4, 979, 445.4100, 0)
, (71897, 112900, 3, 969, 1430.4400, 0)
, (71897, 112901, 3, 884, 32.3900, 0)
, (71897, 112902, 4, 712, 5.3900, 0)
, (71897, 112903, 2, 954, 1430.4400, 0)
, (71897, 112904, 1, 864, 38.1000, 0)
, (71897, 112905, 1, 948, 63.9000, 0)
, (71898, 112906, 3, 969, 1430.4400, 0)
, (71898, 112907, 4, 978, 445.4100, 0)
, (71898, 112908, 4, 996, 72.8900, 0)
, (71898, 112909, 6, 967, 1430.4400, 0)
, (71898, 112910, 3, 970, 728.9100, 0)
, (71898, 112911, 1, 956, 1430.4400, 0)
, (71898, 112912, 3, 960, 445.4100, 0)
, (71898, 112913, 3, 994, 32.3900, 0)
, (71898, 112914, 1, 959, 445.4100, 0)
, (71898, 112915, 4, 968, 1430.4400, 0)
, (71898, 112916, 3, 966, 1430.4400, 0)
, (71898, 112917, 5, 972, 728.9100, 0)
, (71898, 112918, 4, 949, 105.2900, 0)
, (71898, 112919, 1, 958, 445.4100, 0)
, (71898, 112920, 3, 945, 54.8900, 0)
, (71898, 112921, 5, 971, 728.9100, 0)
, (71898, 112922, 2, 953, 728.9100, 0)
, (71898, 112923, 1, 889, 602.3500, 0)
, (71898, 112924, 1, 955, 1430.4400, 0)
, (71898, 112925, 3, 964, 445.4100, 0)
, (71898, 112926, 3, 916, 31.5800, 0)
, (71898, 112927, 1, 948, 63.9000, 0)
, (71898, 112928, 3, 979, 445.4100, 0)
, (71898, 112929, 3, 951, 242.9900, 0)
, (71898, 112930, 3, 954, 1430.4400, 0)
, (71898, 112931, 1, 952, 12.1400, 0)
, (71898, 112932, 5, 965, 445.4100, 0)
, (71898, 112933, 2, 961, 445.4100, 0)
, (71899, 112934, 2, 881, 32.3900, 0)
, (71899, 112935, 1, 988, 113.0000, 0.4)
, (71899, 112936, 1, 981, 461.6900, 0)
, (71899, 112937, 1, 743, 809.7600, 0)
, (71899, 112938, 1, 808, 26.7200, 0)
, (71899, 112939, 2, 714, 29.9900, 0)
, (71899, 112940, 2, 944, 158.4300, 0)
, (71899, 112941, 1, 937, 48.5900, 0)
, (71902, 112953, 5, 780, 1391.9900, 0)
, (71902, 112954, 2, 981, 461.6900, 0)
, (71902, 112955, 1, 904, 218.4500, 0)
, (71902, 112956, 1, 987, 113.0000, 0.4)
, (71902, 112957, 7, 783, 1376.9900, 0)
, (71902, 112958, 5, 781, 1391.9900, 0)
, (71902, 112959, 2, 859, 14.6900, 0)
, (71902, 112960, 7, 869, 41.9900, 0)
, (71902, 112961, 2, 908, 16.2700, 0)
, (71902, 112962, 3, 712, 5.3900, 0)
, (71902, 112963, 1, 925, 149.8700, 0)
, (71902, 112964, 2, 937, 48.5900, 0)
, (71902, 112965, 3, 992, 323.9900, 0)
, (71902, 112966, 3, 980, 461.6900, 0)
, (71902, 112967, 3, 715, 29.9900, 0)
, (71902, 112968, 4, 935, 24.2900, 0)
, (71902, 112969, 1, 989, 323.9900, 0)
, (71902, 112970, 4, 984, 113.0000, 0.4)

, (71902, 112971, 2, 982, 461.6900, 0)
, (71902, 112972, 8, 782, 1376.9900, 0)
, (71902, 112973, 2, 784, 1376.9900, 0)
, (71902, 112974, 1, 810, 72.1600, 0)
, (71902, 112975, 1, 926, 149.8700, 0)
, (71902, 112976, 3, 714, 29.9900, 0)
, (71902, 112977, 7, 870, 2.9900, 0)
, (71902, 112978, 4, 876, 72.0000, 0)
, (71902, 112979, 5, 877, 4.7700, 0)
, (71902, 112980, 2, 707, 20.9900, 0)
, (71902, 112981, 1, 993, 323.9900, 0)
, (71902, 112982, 6, 864, 38.1000, 0)
, (71902, 112983, 7, 867, 41.9900, 0)
, (71902, 112984, 2, 809, 37.1500, 0)
, (71902, 112985, 3, 988, 113.0000, 0.4)
, (71902, 112986, 5, 880, 32.9900, 0)
, (71902, 112987, 1, 936, 37.2500, 0)
, (71902, 112988, 4, 708, 20.9900, 0)
, (71902, 112989, 3, 779, 1391.9900, 0)
, (71902, 112990, 2, 991, 323.9900, 0)
, (71902, 112991, 5, 883, 32.3900, 0)
, (71902, 112992, 1, 910, 31.5800, 0)
, (71902, 112993, 2, 881, 32.3900, 0)
, (71902, 112994, 5, 985, 113.0000, 0.4)
, (71902, 112995, 7, 711, 20.9900, 0)
, (71902, 112996, 1, 986, 113.0000, 0.4)
, (71902, 112997, 7, 748, 818.7000, 0)
, (71902, 112998, 5, 884, 32.3900, 0)
, (71902, 112999, 2, 918, 158.4300, 0)
, (71902, 113000, 3, 905, 218.4500, 0)
, (71902, 113001, 4, 983, 461.6900, 0)
, (71902, 113002, 6, 865, 38.1000, 0)
, (71915, 113089, 3, 836, 356.9000, 0)
, (71915, 113090, 2, 738, 202.3300, 0)
, (71915, 113091, 4, 938, 24.2900, 0)
, (71915, 113092, 3, 939, 37.2500, 0)
, (71915, 113093, 1, 940, 48.5900, 0)
, (71917, 113100, 7, 875, 5.3900, 0)
, (71920, 113139, 1, 973, 1020.5900, 0)
, (71920, 113140, 3, 938, 24.2900, 0)
, (71920, 113141, 1, 976, 1020.5900, 0)
, (71920, 113142, 7, 884, 32.3900, 0)
, (71920, 113143, 3, 864, 38.1000, 0)
, (71920, 113144, 1, 876, 72.0000, 0)
, (71923, 113152, 1, 870, 2.9900, 0)
, (71923, 113153, 4, 874, 5.3900, 0)
, (71923, 113154, 14, 875, 5.2100, 0.02)
, (71935, 113219, 3, 874, 5.3900, 0)
, (71935, 113220, 1, 938, 24.2900, 0)
, (71935, 113221, 3, 973, 1020.5900, 0)
, (71935, 113222, 2, 976, 1020.5900, 0)
, (71935, 113223, 1, 998, 323.9900, 0)
, (71935, 113224, 13, 875, 5.2100, 0.02)
, (71936, 113225, 3, 944, 158.4300, 0)
, (71936, 113226, 4, 985, 113.0000, 0.4)
, (71936, 113227, 4, 996, 72.8900, 0)
, (71936, 113228, 1, 707, 20.9900, 0)
, (71936, 113229, 1, 926, 149.8700, 0)
, (71936, 113230, 4, 808, 26.7200, 0)
, (71936, 113231, 5, 992, 323.9900, 0)
, (71936, 113232, 6, 951, 242.9900, 0)
, (71936, 113233, 3, 780, 1391.9900, 0)
, (71936, 113234, 2, 905, 218.4500, 0)
, (71936, 113235, 4, 747, 809.7600, 0)
, (71936, 113236, 14, 867, 40.5900, 0.02)
, (71936, 113237, 3, 935, 24.2900, 0)
, (71936, 113238, 5, 945, 54.8900, 0)
, (71936, 113239, 5, 924, 149.8700, 0)
, (71936, 113240, 10, 783, 1376.9900, 0)
, (71936, 113241, 5, 784, 1376.9900, 0)
, (71936, 113242, 5, 748, 818.7000, 0)
, (71936, 113243, 2, 981, 461.6900, 0)
, (71936, 113244, 5, 894, 72.8800, 0)
, (71936, 113245, 4, 779, 1391.9900, 0)
, (71936, 113246, 8, 782, 1376.9900, 0)
, (71936, 113247, 8, 869, 41.9900, 0)
, (71936, 113248, 3, 952, 12.1400, 0)
, (71936, 113249, 3, 949, 105.2900, 0)
, (71936, 113250, 5, 937, 48.5900, 0)
, (71936, 113251, 3, 910, 31.5800, 0)
, (71936, 113252, 2, 917, 158.4300, 0)
, (71936, 113253, 3, 994, 32.3900, 0)
, (71936, 113254, 1, 984, 113.0000, 0.4)
, (71936, 113255, 6, 860, 14.6900, 0)
, (71936, 113256, 4, 948, 63.9000, 0)
, (71936, 113257, 6, 925, 149.8700, 0)
, (71936, 113258, 3, 908, 16.2700, 0)
, (71936, 113259, 1, 918, 158.4300, 0)
, (71936, 113260, 4, 743, 809.7600, 0)
, (71936, 113261, 5, 739, 818.7000, 0)
, (71936, 113262, 2, 987, 113.0000, 0.4)
, (71936, 113263, 5, 809, 37.1500, 0)
, (71936, 113264, 2, 904, 218.4500, 0)
, (71936, 113265, 4, 781, 1391.9900, 0)
, (71936, 113266, 4, 868, 41.9900, 0)
, (71936, 113267, 5, 988, 113.0000, 0.4)
, (71936, 113268, 7, 742, 818.7000, 0)
, (71936, 113269, 2, 936, 37.2500, 0)
, (71936, 113270, 6, 909, 23.4800, 0)
, (71938, 113274, 5, 973, 1020.5900, 0)
;
INSERT INTO SAW.SalesOrderHeader (SalesOrderID, RevisionNumber, OrderDate, DueDate, ShipDate, Status, SalessOrderNumber, PurchaseOrderNumber, AccountNumber, CustomerID, ShipToAddressID, BillToAddressID, ShipMethod, SubTotal, TaxAmt, Freight, Commnt) VALUES 
(71774, 1, CAST('2004-06-01T00:00:00.000' AS DateTime), CAST('2004-06-13T00:00:00.000' AS DateTime), CAST('2004-06-08T00:00:00.000' AS DateTime), 5, 'SO71774', 'PO348186287', '10-4020-000609', 609, 1092, 1092, 'CARGO TRANSPORT 5', 880.3500, 70.4300, 22.0100, '972.785')
, (71776, 1, CAST('2004-06-01T00:00:00.000' AS DateTime), CAST('2004-06-13T00:00:00.000' AS DateTime), CAST('2004-06-08T00:00:00.000' AS DateTime), 5, 'SO71776', 'PO19952192051', '10-4020-000106', 106, 640, 640, 'CARGO TRANSPORT 5', 78.8100, 6.3000, 1.9700, '87.0851')
, (71780, 1, CAST('2004-06-01T00:00:00.000' AS DateTime), CAST('2004-06-13T00:00:00.000' AS DateTime), CAST('2004-06-08T00:00:00.000' AS DateTime), 5, 'SO71780', 'PO19604173239', '10-4020-000340', 340, 653, 653, 'CARGO TRANSPORT 5', 38418.6900, 3073.5000, 960.4700, '42452.6519')
, (71782, 1, CAST('2004-06-01T00:00:00.000' AS DateTime), CAST('2004-06-13T00:00:00.000' AS DateTime), CAST('2004-06-08T00:00:00.000' AS DateTime), 5, 'SO71782', 'PO19372114749', '10-4020-000582', 582, 1086, 1086, 'CARGO TRANSPORT 5', 39785.3300, 3182.8300, 994.6300, '43962.7901')
, (71783, 1, CAST('2004-06-01T00:00:00.000' AS DateTime), CAST('2004-06-13T00:00:00.000' AS DateTime), CAST('2004-06-08T00:00:00.000' AS DateTime), 5, 'SO71783', 'PO19343113609', '10-4020-000024', 24, 992, 992, 'CARGO TRANSPORT 5', 83858.4300, 6708.6700, 2096.4600, '92663.5609')
, (71784, 1, CAST('2004-06-01T00:00:00.000' AS DateTime), CAST('2004-06-13T00:00:00.000' AS DateTime), CAST('2004-06-08T00:00:00.000' AS DateTime), 5, 'SO71784', 'PO19285135919', '10-4020-000448', 448, 659, 659, 'CARGO TRANSPORT 5', 108561.8300, 8684.9500, 2714.0500, '119960.824')
, (71796, 1, CAST('2004-06-01T00:00:00.000' AS DateTime), CAST('2004-06-13T00:00:00.000' AS DateTime), CAST('2004-06-08T00:00:00.000' AS DateTime), 5, 'SO71796', 'PO17052159664', '10-4020-000420', 420, 1058, 1058, 'CARGO TRANSPORT 5', 57634.6300, 4610.7700, 1440.8700, '63686.2708')
, (71797, 1, CAST('2004-06-01T00:00:00.000' AS DateTime), CAST('2004-06-13T00:00:00.000' AS DateTime), CAST('2004-06-08T00:00:00.000' AS DateTime), 5, 'SO71797', 'PO16501134889', '10-4020-000142', 142, 642, 642, 'CARGO TRANSPORT 5', 78029.6900, 6242.3800, 1950.7400, '86222.8072')
, (71815, 1, CAST('2004-06-01T00:00:00.000' AS DateTime), CAST('2004-06-13T00:00:00.000' AS DateTime), CAST('2004-06-08T00:00:00.000' AS DateTime), 5, 'SO71815', 'PO13021155785', '10-4020-000276', 276, 1034, 1034, 'CARGO TRANSPORT 5', 1141.5800, 91.3300, 28.5400, '1261.444')
, (71816, 1, CAST('2004-06-01T00:00:00.000' AS DateTime), CAST('2004-06-13T00:00:00.000' AS DateTime), CAST('2004-06-08T00:00:00.000' AS DateTime), 5, 'SO71816', 'PO12992180445', '10-4020-000295', 295, 1038, 1038, 'CARGO TRANSPORT 5', 3398.1700, 271.8500, 84.9500, '3754.9733')
, (71831, 1, CAST('2004-06-01T00:00:00.000' AS DateTime), CAST('2004-06-13T00:00:00.000' AS DateTime), CAST('2004-06-08T00:00:00.000' AS DateTime), 5, 'SO71831', 'PO10295111084', '10-4020-000322', 322, 652, 652, 'CARGO TRANSPORT 5', 2016.3400, 161.3100, 50.4100, '2228.0566')
, (71832, 1, CAST('2004-06-01T00:00:00.000' AS DateTime), CAST('2004-06-13T00:00:00.000' AS DateTime), CAST('2004-06-08T00:00:00.000' AS DateTime), 5, 'SO71832', 'PO10353140756', '10-4020-000088', 88, 639, 639, 'CARGO TRANSPORT 5', 35775.2100, 2862.0200, 894.3800, '39531.6085')
, (71845, 1, CAST('2004-06-01T00:00:00.000' AS DateTime), CAST('2004-06-13T00:00:00.000' AS DateTime), CAST('2004-06-08T00:00:00.000' AS DateTime), 5, 'SO71845', 'PO2697119362', '10-4020-000187', 187, 1020, 1020, 'CARGO TRANSPORT 5', 41622.0500, 3329.7600, 1040.5500, '45992.3665')
, (71846, 1, CAST('2004-06-01T00:00:00.000' AS DateTime), CAST('2004-06-13T00:00:00.000' AS DateTime), CAST('2004-06-08T00:00:00.000' AS DateTime), 5, 'SO71846', 'PO2378131604', '10-4020-000635', 635, 669, 669, 'CARGO TRANSPORT 5', 2453.7600, 196.3000, 61.3400, '2711.4098')
, (71856, 1, CAST('2004-06-01T00:00:00.000' AS DateTime), CAST('2004-06-13T00:00:00.000' AS DateTime), CAST('2004-06-08T00:00:00.000' AS DateTime), 5, 'SO71856', 'PO16530177647', '10-4020-000601', 601, 1090, 1090, 'CARGO TRANSPORT 5', 602.1900, 48.1800, 15.0500, '665.4251')
, (71858, 1, CAST('2004-06-01T00:00:00.000' AS DateTime), CAST('2004-06-13T00:00:00.000' AS DateTime), CAST('2004-06-08T00:00:00.000' AS DateTime), 5, 'SO71858', 'PO16153112278', '10-4020-000186', 186, 1019, 1019, 'CARGO TRANSPORT 5', 13823.7100, 1105.9000, 345.5900, '15275.1977')
, (71863, 1, CAST('2004-06-01T00:00:00.000' AS DateTime), CAST('2004-06-13T00:00:00.000' AS DateTime), CAST('2004-06-08T00:00:00.000' AS DateTime), 5, 'SO71863', 'PO16124166561', '10-4020-000649', 649, 1098, 1098, 'CARGO TRANSPORT 5', 3324.2800, 265.9400, 83.1100, '3673.3249')
, (71867, 1, CAST('2004-06-01T00:00:00.000' AS DateTime), CAST('2004-06-13T00:00:00.000' AS DateTime), CAST('2004-06-08T00:00:00.000' AS DateTime), 5, 'SO71867', 'PO13050111529', '10-4020-000160', 160, 643, 643, 'CARGO TRANSPORT 5', 1059.3100, 84.7400, 26.4800, '1170.5376')
, (71885, 1, CAST('2004-06-01T00:00:00.000' AS DateTime), CAST('2004-06-13T00:00:00.000' AS DateTime), CAST('2004-06-08T00:00:00.000' AS DateTime), 5, 'SO71885', 'PO6119130779', '10-4020-000268', 268, 649, 649, 'CARGO TRANSPORT 5', 550.3900, 44.0300, 13.7600, '608.1766')
, (71895, 1, CAST('2004-06-01T00:00:00.000' AS DateTime), CAST('2004-06-13T00:00:00.000' AS DateTime), CAST('2004-06-08T00:00:00.000' AS DateTime), 5, 'SO71895', 'PO3770176273', '10-4020-000151', 151, 1014, 1014, 'CARGO TRANSPORT 5', 246.7400, 19.7400, 6.1700, '272.6468')
, (71897, 1, CAST('2004-06-01T00:00:00.000' AS DateTime), CAST('2004-06-13T00:00:00.000' AS DateTime), CAST('2004-06-08T00:00:00.000' AS DateTime), 5, 'SO71897', 'PO4785152479', '10-4020-000223', 223, 1026, 1026, 'CARGO TRANSPORT 5', 12685.8900, 1014.8700, 317.1500, '14017.9083')
, (71898, 1, CAST('2004-06-01T00:00:00.000' AS DateTime), CAST('2004-06-13T00:00:00.000' AS DateTime), CAST('2004-06-08T00:00:00.000' AS DateTime), 5, 'SO71898', 'PO5713190501', '10-4020-000052', 52, 637, 637, 'CARGO TRANSPORT 5', 63980.9900, 5118.4800, 1599.5200, '70698.9922')
, (71899, 1, CAST('2004-06-01T00:00:00.000' AS DateTime), CAST('2004-06-13T00:00:00.000' AS DateTime), CAST('2004-06-08T00:00:00.000' AS DateTime), 5, 'SO71899', 'PO4582142611', '10-4020-000025', 25, 993, 993, 'CARGO TRANSPORT 5', 2415.6700, 193.2500, 60.3900, '2669.3183')
, (71902, 1, CAST('2004-06-01T00:00:00.000' AS DateTime), CAST('2004-06-13T00:00:00.000' AS DateTime), CAST('2004-06-08T00:00:00.000' AS DateTime), 5, 'SO71902', 'PO5539125166', '10-4020-000061', 61, 999, 999, 'CARGO TRANSPORT 5', 74058.8100, 5924.7000, 1851.4700, '81834.9826')
, (71915, 1, CAST('2004-06-01T00:00:00.000' AS DateTime), CAST('2004-06-13T00:00:00.000' AS DateTime), CAST('2004-06-08T00:00:00.000' AS DateTime), 5, 'SO71915', 'PO2349143275', '10-4020-000006', 6, 989, 989, 'CARGO TRANSPORT 5', 2137.2300, 170.9800, 53.4300, '2361.6403')
, (71917, 1, CAST('2004-06-01T00:00:00.000' AS DateTime), CAST('2004-06-13T00:00:00.000' AS DateTime), CAST('2004-06-08T00:00:00.000' AS DateTime), 5, 'SO71917', 'PO29111718', '10-4020-000304', 304, 651, 651, 'CARGO TRANSPORT 5', 40.9000, 3.2700, 1.0200, '45.1995')
, (71920, 1, CAST('2004-06-01T00:00:00.000' AS DateTime), CAST('2004-06-13T00:00:00.000' AS DateTime), CAST('2004-06-08T00:00:00.000' AS DateTime), 5, 'SO71920', 'PO4002189853', '10-4020-000674', 674, 1102, 1102, 'CARGO TRANSPORT 5', 2980.7900, 238.4600, 74.5200, '3293.7761')
, (71923, 1, CAST('2004-06-01T00:00:00.000' AS DateTime), CAST('2004-06-13T00:00:00.000' AS DateTime), CAST('2004-06-08T00:00:00.000' AS DateTime), 5, 'SO71923', 'PO174173096', '10-4020-000277', 277, 1035, 1035, 'CARGO TRANSPORT 5', 106.5400, 8.5200, 2.6600, '117.7276')
, (71935, 1, CAST('2004-06-01T00:00:00.000' AS DateTime), CAST('2004-06-13T00:00:00.000' AS DateTime), CAST('2004-06-08T00:00:00.000' AS DateTime), 5, 'SO71935', 'PO7946145876', '10-4020-000438', 438, 1061, 1061, 'CARGO TRANSPORT 5', 6634.3000, 530.7400, 165.8600, '7330.8972')
, (71936, 1, CAST('2004-06-01T00:00:00.000' AS DateTime), CAST('2004-06-13T00:00:00.000' AS DateTime), CAST('2004-06-08T00:00:00.000' AS DateTime), 5, 'SO71936', 'PO8671170385', '10-4020-000502', 502, 662, 662, 'CARGO TRANSPORT 5', 98278.6900, 7862.3000, 2456.9700, '108597.9536')
, (71938, 1, CAST('2004-06-01T00:00:00.000' AS DateTime), CAST('2004-06-13T00:00:00.000' AS DateTime), CAST('2004-06-08T00:00:00.000' AS DateTime), 5, 'SO71938', 'PO8468183315', '10-4020-000016', 16, 635, 635, 'CARGO TRANSPORT 5', 88812.8600, 7105.0300, 2220.3200, '98138.2131')
, (71946, 1, CAST('2004-06-01T00:00:00.000' AS DateTime), CAST('2004-06-13T00:00:00.000' AS DateTime), CAST('2004-06-08T00:00:00.000' AS DateTime), 5, 'SO71946', 'PO8961158629', '10-4020-000466', 466, 660, 660, 'CARGO TRANSPORT 5', 38.9500, 3.1200, 0.9700, '43.0437');

